img1_path,img2_path,label,score,threshold,margin_from_threshold,error_type
/home/lorenzo/Documenti/GitHub/HandVerify/datasets/processed-handwritten/iam_processed/483/l04-052.png,/home/lorenzo/Documenti/GitHub/HandVerify/datasets/processed-handwritten/iam_processed/555/n01-045.png,impostor,0.9931650161743164,0.8423718214035034,0.150793194770813,false_accept
/home/lorenzo/Documenti/GitHub/HandVerify/datasets/processed-handwritten/iam_processed/490/l04-130.png,/home/lorenzo/Documenti/GitHub/HandVerify/datasets/processed-handwritten/iam_processed/580/n03-120.png,impostor,0.9838880300521851,0.8423718214035034,0.14151620864868164,false_accept
/home/lorenzo/Documenti/GitHub/HandVerify/datasets/processed-handwritten/iam_processed/133/b06-100.png,/home/lorenzo/Documenti/GitHub/HandVerify/datasets/processed-handwritten/iam_processed/487/l04-102.png,impostor,0.8773739337921143,0.8423718214035034,0.03500211238861084,false_accept
/home/lorenzo/Documenti/GitHub/HandVerify/datasets/processed-handwritten/iam_processed/093/b01-122.png,/home/lorenzo/Documenti/GitHub/HandVerify/datasets/processed-handwritten/iam_processed/204/e06-003.png,impostor,0.8818705081939697,0.8423718214035034,0.03949868679046631,false_accept
/home/lorenzo/Documenti/GitHub/HandVerify/datasets/processed-handwritten/iam_processed/274/g04-017.png,/home/lorenzo/Documenti/GitHub/HandVerify/datasets/processed-handwritten/iam_processed/274/h04-025.png,genuine,0.7116091847419739,0.8423718214035034,-0.13076263666152954,false_reject
/home/lorenzo/Documenti/GitHub/HandVerify/datasets/processed-handwritten/iam_processed/158/c04-008.png,/home/lorenzo/Documenti/GitHub/HandVerify/datasets/processed-handwritten/iam_processed/201/d05-040.png,impostor,0.8536722660064697,0.8423718214035034,0.011300444602966309,false_accept
/home/lorenzo/Documenti/GitHub/HandVerify/datasets/processed-handwritten/iam_processed/385/h07-023.png,/home/lorenzo/Documenti/GitHub/HandVerify/datasets/processed-handwritten/iam_processed/513/m01-121.png,impostor,0.8605573773384094,0.8423718214035034,0.018185555934906006,false_accept
/home/lorenzo/Documenti/GitHub/HandVerify/datasets/processed-handwritten/iam_processed/353/g07-050.png,/home/lorenzo/Documenti/GitHub/HandVerify/datasets/processed-handwritten/iam_processed/353/g07-038.png,genuine,-0.06178237497806549,0.8423718214035034,-0.9041541963815689,false_reject
/home/lorenzo/Documenti/GitHub/HandVerify/datasets/processed-handwritten/iam_processed/451/k04-136.png,/home/lorenzo/Documenti/GitHub/HandVerify/datasets/processed-handwritten/iam_processed/563/n02-045.png,impostor,0.970872700214386,0.8423718214035034,0.12850087881088257,false_accept
/home/lorenzo/Documenti/GitHub/HandVerify/datasets/processed-handwritten/iam_processed/000/a05-039.png,/home/lorenzo/Documenti/GitHub/HandVerify/datasets/processed-handwritten/iam_processed/000/a01-043u.png,genuine,0.7969229221343994,0.8423718214035034,-0.045448899269104004,false_reject
/home/lorenzo/Documenti/GitHub/HandVerify/datasets/processed-handwritten/iam_processed/208/e06-053.png,/home/lorenzo/Documenti/GitHub/HandVerify/datasets/processed-handwritten/iam_processed/307/g02-073.png,impostor,0.9120231866836548,0.8423718214035034,0.06965136528015137,false_accept
/home/lorenzo/Documenti/GitHub/HandVerify/datasets/processed-handwritten/iam_processed/000/a01-000u.png,/home/lorenzo/Documenti/GitHub/HandVerify/datasets/processed-handwritten/iam_processed/000/a05-099.png,genuine,0.5146058201789856,0.8423718214035034,-0.3277660012245178,false_reject
/home/lorenzo/Documenti/GitHub/HandVerify/datasets/processed-handwritten/iam_processed/297/g01-027.png,/home/lorenzo/Documenti/GitHub/HandVerify/datasets/processed-handwritten/iam_processed/297/g01-022.png,genuine,-0.16981443762779236,0.8423718214035034,-1.0121862590312958,false_reject
/home/lorenzo/Documenti/GitHub/HandVerify/datasets/processed-handwritten/iam_processed/000/a01-058u.png,/home/lorenzo/Documenti/GitHub/HandVerify/datasets/processed-handwritten/iam_processed/000/a05-108.png,genuine,0.768417477607727,0.8423718214035034,-0.07395434379577637,false_reject
/home/lorenzo/Documenti/GitHub/HandVerify/datasets/processed-handwritten/iam_processed/150/c03-094a.png,/home/lorenzo/Documenti/GitHub/HandVerify/datasets/processed-handwritten/iam_processed/165/c04-128.png,impostor,0.9390034079551697,0.8423718214035034,0.09663158655166626,false_accept
/home/lorenzo/Documenti/GitHub/HandVerify/datasets/processed-handwritten/iam_processed/455/k07-146.png,/home/lorenzo/Documenti/GitHub/HandVerify/datasets/processed-handwritten/iam_processed/536/m03-006.png,impostor,0.8971590995788574,0.8423718214035034,0.054787278175354004,false_accept
/home/lorenzo/Documenti/GitHub/HandVerify/datasets/processed-handwritten/iam_processed/113/b04-162.png,/home/lorenzo/Documenti/GitHub/HandVerify/datasets/processed-handwritten/iam_processed/389/h07-060a.png,impostor,0.9201279282569885,0.8423718214035034,0.07775610685348511,false_accept
/home/lorenzo/Documenti/GitHub/HandVerify/datasets/processed-handwritten/iam_processed/000/a01-058u.png,/home/lorenzo/Documenti/GitHub/HandVerify/datasets/processed-handwritten/iam_processed/000/a05-094.png,genuine,0.7699031233787537,0.8423718214035034,-0.07246869802474976,false_reject
/home/lorenzo/Documenti/GitHub/HandVerify/datasets/processed-handwritten/iam_processed/174/d06-082.png,/home/lorenzo/Documenti/GitHub/HandVerify/datasets/processed-handwritten/iam_processed/199/d05-008.png,impostor,0.9269057512283325,0.8423718214035034,0.0845339298248291,false_accept
/home/lorenzo/Documenti/GitHub/HandVerify/datasets/processed-handwritten/iam_processed/000/a01-132x.png,/home/lorenzo/Documenti/GitHub/HandVerify/datasets/processed-handwritten/iam_processed/000/a05-108.png,genuine,0.7332352995872498,0.8423718214035034,-0.10913652181625366,false_reject
/home/lorenzo/Documenti/GitHub/HandVerify/datasets/processed-handwritten/iam_processed/384/j06-008.png,/home/lorenzo/Documenti/GitHub/HandVerify/datasets/processed-handwritten/iam_processed/585/n04-163.png,impostor,0.873999297618866,0.8423718214035034,0.03162747621536255,false_accept
/home/lorenzo/Documenti/GitHub/HandVerify/datasets/processed-handwritten/iam_processed/000/a05-104.png,/home/lorenzo/Documenti/GitHub/HandVerify/datasets/processed-handwritten/iam_processed/000/a01-020u.png,genuine,0.8021175265312195,0.8423718214035034,-0.040254294872283936,false_reject
/home/lorenzo/Documenti/GitHub/HandVerify/datasets/processed-handwritten/iam_processed/000/a05-044.png,/home/lorenzo/Documenti/GitHub/HandVerify/datasets/processed-handwritten/iam_processed/000/a01-058u.png,genuine,0.7677130103111267,0.8423718214035034,-0.07465881109237671,false_reject
/home/lorenzo/Documenti/GitHub/HandVerify/datasets/processed-handwritten/iam_processed/000/a01-058u.png,/home/lorenzo/Documenti/GitHub/HandVerify/datasets/processed-handwritten/iam_processed/000/a03-089.png,genuine,0.8421101570129395,0.8423718214035034,-0.00026166439056396484,false_reject
/home/lorenzo/Documenti/GitHub/HandVerify/datasets/processed-handwritten/iam_processed/000/a05-029.png,/home/lorenzo/Documenti/GitHub/HandVerify/datasets/processed-handwritten/iam_processed/000/a01-049x.png,genuine,0.7884332537651062,0.8423718214035034,-0.05393856763839722,false_reject
/home/lorenzo/Documenti/GitHub/HandVerify/datasets/processed-handwritten/iam_processed/000/a01-049x.png,/home/lorenzo/Documenti/GitHub/HandVerify/datasets/processed-handwritten/iam_processed/000/a05-113.png,genuine,0.81349778175354,0.8423718214035034,-0.02887403964996338,false_reject
/home/lorenzo/Documenti/GitHub/HandVerify/datasets/processed-handwritten/iam_processed/000/a01-058u.png,/home/lorenzo/Documenti/GitHub/HandVerify/datasets/processed-handwritten/iam_processed/000/a05-039.png,genuine,0.7253586053848267,0.8423718214035034,-0.11701321601867676,false_reject
/home/lorenzo/Documenti/GitHub/HandVerify/datasets/processed-handwritten/iam_processed/391/h07-075.png,/home/lorenzo/Documenti/GitHub/HandVerify/datasets/processed-handwritten/iam_processed/553/n01-000.png,impostor,0.8450677394866943,0.8423718214035034,0.002695918083190918,false_accept
/home/lorenzo/Documenti/GitHub/HandVerify/datasets/processed-handwritten/iam_processed/000/a01-058u.png,/home/lorenzo/Documenti/GitHub/HandVerify/datasets/processed-handwritten/iam_processed/000/a05-099.png,genuine,0.7206674814224243,0.8423718214035034,-0.1217043399810791,false_reject
/home/lorenzo/Documenti/GitHub/HandVerify/datasets/processed-handwritten/iam_processed/150/c03-021a.png,/home/lorenzo/Documenti/GitHub/HandVerify/datasets/processed-handwritten/iam_processed/409/j04-076.png,impostor,0.9627159833908081,0.8423718214035034,0.12034416198730469,false_accept
/home/lorenzo/Documenti/GitHub/HandVerify/datasets/processed-handwritten/iam_processed/289/f07-028b.png,/home/lorenzo/Documenti/GitHub/HandVerify/datasets/processed-handwritten/iam_processed/289/f07-042b.png,genuine,0.7968117594718933,0.8423718214035034,-0.04556006193161011,false_reject
/home/lorenzo/Documenti/GitHub/HandVerify/datasets/processed-handwritten/iam_processed/255/f01-135.png,/home/lorenzo/Documenti/GitHub/HandVerify/datasets/processed-handwritten/iam_processed/468/l01-133.png,impostor,0.9384599924087524,0.8423718214035034,0.09608817100524902,false_accept
/home/lorenzo/Documenti/GitHub/HandVerify/datasets/processed-handwritten/iam_processed/153/c03-021d.png,/home/lorenzo/Documenti/GitHub/HandVerify/datasets/processed-handwritten/iam_processed/496/l07-080.png,impostor,0.9193816781044006,0.8423718214035034,0.07700985670089722,false_accept
/home/lorenzo/Documenti/GitHub/HandVerify/datasets/processed-handwritten/iam_processed/153/c03-000d.png,/home/lorenzo/Documenti/GitHub/HandVerify/datasets/processed-handwritten/iam_processed/350/g07-010b.png,impostor,0.8827640414237976,0.8423718214035034,0.04039222002029419,false_accept
/home/lorenzo/Documenti/GitHub/HandVerify/datasets/processed-handwritten/iam_processed/000/a01-132x.png,/home/lorenzo/Documenti/GitHub/HandVerify/datasets/processed-handwritten/iam_processed/000/a03-080.png,genuine,0.6007763147354126,0.8423718214035034,-0.24159550666809082,false_reject
/home/lorenzo/Documenti/GitHub/HandVerify/datasets/processed-handwritten/iam_processed/003/a01-007x.png,/home/lorenzo/Documenti/GitHub/HandVerify/datasets/processed-handwritten/iam_processed/634/p06-042.png,impostor,0.8583095073699951,0.8423718214035034,0.0159376859664917,false_accept
/home/lorenzo/Documenti/GitHub/HandVerify/datasets/processed-handwritten/iam_processed/000/a01-063u.png,/home/lorenzo/Documenti/GitHub/HandVerify/datasets/processed-handwritten/iam_processed/000/a05-094.png,genuine,0.8141003847122192,0.8423718214035034,-0.02827143669128418,false_reject
/home/lorenzo/Documenti/GitHub/HandVerify/datasets/processed-handwritten/iam_processed/342/g06-018k.png,/home/lorenzo/Documenti/GitHub/HandVerify/datasets/processed-handwritten/iam_processed/342/g06-031k.png,genuine,0.7122063636779785,0.8423718214035034,-0.1301654577255249,false_reject
/home/lorenzo/Documenti/GitHub/HandVerify/datasets/processed-handwritten/iam_processed/000/a01-000u.png,/home/lorenzo/Documenti/GitHub/HandVerify/datasets/processed-handwritten/iam_processed/000/a05-089.png,genuine,0.529396653175354,0.8423718214035034,-0.3129751682281494,false_reject
/home/lorenzo/Documenti/GitHub/HandVerify/datasets/processed-handwritten/iam_processed/000/a01-102u.png,/home/lorenzo/Documenti/GitHub/HandVerify/datasets/processed-handwritten/iam_processed/000/a05-108.png,genuine,0.7631018757820129,0.8423718214035034,-0.07926994562149048,false_reject
/home/lorenzo/Documenti/GitHub/HandVerify/datasets/processed-handwritten/iam_processed/483/l04-052.png,/home/lorenzo/Documenti/GitHub/HandVerify/datasets/processed-handwritten/iam_processed/590/p01-155.png,impostor,0.98432457447052,0.8423718214035034,0.1419527530670166,false_accept
/home/lorenzo/Documenti/GitHub/HandVerify/datasets/processed-handwritten/iam_processed/000/a01-014u.png,/home/lorenzo/Documenti/GitHub/HandVerify/datasets/processed-handwritten/iam_processed/000/a05-062.png,genuine,0.8420494794845581,0.8423718214035034,-0.0003223419189453125,false_reject
/home/lorenzo/Documenti/GitHub/HandVerify/datasets/processed-handwritten/iam_processed/000/a01-053u.png,/home/lorenzo/Documenti/GitHub/HandVerify/datasets/processed-handwritten/iam_processed/000/a01-049x.png,genuine,0.7832024693489075,0.8423718214035034,-0.05916935205459595,false_reject
/home/lorenzo/Documenti/GitHub/HandVerify/datasets/processed-handwritten/iam_processed/496/l07-080.png,/home/lorenzo/Documenti/GitHub/HandVerify/datasets/processed-handwritten/iam_processed/564/n02-054.png,impostor,0.9822787046432495,0.8423718214035034,0.1399068832397461,false_accept
/home/lorenzo/Documenti/GitHub/HandVerify/datasets/processed-handwritten/iam_processed/000/a01-000u.png,/home/lorenzo/Documenti/GitHub/HandVerify/datasets/processed-handwritten/iam_processed/000/a05-073.png,genuine,0.6591905355453491,0.8423718214035034,-0.1831812858581543,false_reject
/home/lorenzo/Documenti/GitHub/HandVerify/datasets/processed-handwritten/iam_processed/003/a01-003x.png,/home/lorenzo/Documenti/GitHub/HandVerify/datasets/processed-handwritten/iam_processed/670/r06-066.png,impostor,0.9821324348449707,0.8423718214035034,0.13976061344146729,false_accept
/home/lorenzo/Documenti/GitHub/HandVerify/datasets/processed-handwritten/iam_processed/000/a01-132x.png,/home/lorenzo/Documenti/GitHub/HandVerify/datasets/processed-handwritten/iam_processed/000/a01-128u.png,genuine,0.7189005613327026,0.8423718214035034,-0.12347126007080078,false_reject
/home/lorenzo/Documenti/GitHub/HandVerify/datasets/processed-handwritten/iam_processed/293/f07-096.png,/home/lorenzo/Documenti/GitHub/HandVerify/datasets/processed-handwritten/iam_processed/546/m04-093.png,impostor,0.8731667995452881,0.8423718214035034,0.030794978141784668,false_accept
/home/lorenzo/Documenti/GitHub/HandVerify/datasets/processed-handwritten/iam_processed/510/m01-084.png,/home/lorenzo/Documenti/GitHub/HandVerify/datasets/processed-handwritten/iam_processed/669/r03-115.png,impostor,0.9063428640365601,0.8423718214035034,0.06397104263305664,false_accept
/home/lorenzo/Documenti/GitHub/HandVerify/datasets/processed-handwritten/iam_processed/000/a05-084.png,/home/lorenzo/Documenti/GitHub/HandVerify/datasets/processed-handwritten/iam_processed/000/a01-007u.png,genuine,0.7804417610168457,0.8423718214035034,-0.061930060386657715,false_reject
/home/lorenzo/Documenti/GitHub/HandVerify/datasets/processed-handwritten/iam_processed/153/c03-094d.png,/home/lorenzo/Documenti/GitHub/HandVerify/datasets/processed-handwritten/iam_processed/299/g01-045.png,impostor,0.9640070796012878,0.8423718214035034,0.12163525819778442,false_accept
/home/lorenzo/Documenti/GitHub/HandVerify/datasets/processed-handwritten/iam_processed/000/a01-049x.png,/home/lorenzo/Documenti/GitHub/HandVerify/datasets/processed-handwritten/iam_processed/000/a03-073.png,genuine,0.6968063116073608,0.8423718214035034,-0.14556550979614258,false_reject
/home/lorenzo/Documenti/GitHub/HandVerify/datasets/processed-handwritten/iam_processed/154/c03-084e.png,/home/lorenzo/Documenti/GitHub/HandVerify/datasets/processed-handwritten/iam_processed/628/p03-158.png,impostor,0.9698479771614075,0.8423718214035034,0.12747615575790405,false_accept
/home/lorenzo/Documenti/GitHub/HandVerify/datasets/processed-handwritten/iam_processed/000/a05-084.png,/home/lorenzo/Documenti/GitHub/HandVerify/datasets/processed-handwritten/iam_processed/000/a01-049x.png,genuine,0.823224663734436,0.8423718214035034,-0.019147157669067383,false_reject
/home/lorenzo/Documenti/GitHub/HandVerify/datasets/processed-handwritten/iam_processed/000/a05-125.png,/home/lorenzo/Documenti/GitHub/HandVerify/datasets/processed-handwritten/iam_processed/000/a01-003u.png,genuine,0.7373790144920349,0.8423718214035034,-0.1049928069114685,false_reject
/home/lorenzo/Documenti/GitHub/HandVerify/datasets/processed-handwritten/iam_processed/235/e04-052.png,/home/lorenzo/Documenti/GitHub/HandVerify/datasets/processed-handwritten/iam_processed/296/g01-016.png,impostor,0.9281170964241028,0.8423718214035034,0.08574527502059937,false_accept
/home/lorenzo/Documenti/GitHub/HandVerify/datasets/processed-handwritten/iam_processed/457/l01-000.png,/home/lorenzo/Documenti/GitHub/HandVerify/datasets/processed-handwritten/iam_processed/565/n02-062.png,impostor,0.8727653622627258,0.8423718214035034,0.030393540859222412,false_accept
/home/lorenzo/Documenti/GitHub/HandVerify/datasets/processed-handwritten/iam_processed/217/f01-139.png,/home/lorenzo/Documenti/GitHub/HandVerify/datasets/processed-handwritten/iam_processed/441/k04-014.png,impostor,0.874849796295166,0.8423718214035034,0.0324779748916626,false_accept
/home/lorenzo/Documenti/GitHub/HandVerify/datasets/processed-handwritten/iam_processed/353/g07-038.png,/home/lorenzo/Documenti/GitHub/HandVerify/datasets/processed-handwritten/iam_processed/353/g07-042.png,genuine,-0.17003099620342255,0.8423718214035034,-1.012402817606926,false_reject
/home/lorenzo/Documenti/GitHub/HandVerify/datasets/processed-handwritten/iam_processed/145/c02-056.png,/home/lorenzo/Documenti/GitHub/HandVerify/datasets/processed-handwritten/iam_processed/153/c03-087d.png,impostor,0.8948407173156738,0.8423718214035034,0.05246889591217041,false_accept
/home/lorenzo/Documenti/GitHub/HandVerify/datasets/processed-handwritten/iam_processed/283/f04-083.png,/home/lorenzo/Documenti/GitHub/HandVerify/datasets/processed-handwritten/iam_processed/348/g06-018r.png,impostor,0.9202966690063477,0.8423718214035034,0.07792484760284424,false_accept
/home/lorenzo/Documenti/GitHub/HandVerify/datasets/processed-handwritten/iam_processed/030/a02-057.png,/home/lorenzo/Documenti/GitHub/HandVerify/datasets/processed-handwritten/iam_processed/449/k04-106.png,impostor,0.9663687944412231,0.8423718214035034,0.12399697303771973,false_accept
/home/lorenzo/Documenti/GitHub/HandVerify/datasets/processed-handwritten/iam_processed/000/a05-058.png,/home/lorenzo/Documenti/GitHub/HandVerify/datasets/processed-handwritten/iam_processed/000/a01-049x.png,genuine,0.838538646697998,0.8423718214035034,-0.003833174705505371,false_reject
/home/lorenzo/Documenti/GitHub/HandVerify/datasets/processed-handwritten/iam_processed/000/a01-049x.png,/home/lorenzo/Documenti/GitHub/HandVerify/datasets/processed-handwritten/iam_processed/000/a05-121.png,genuine,0.8040759563446045,0.8423718214035034,-0.038295865058898926,false_reject
/home/lorenzo/Documenti/GitHub/HandVerify/datasets/processed-handwritten/iam_processed/455/k07-134.png,/home/lorenzo/Documenti/GitHub/HandVerify/datasets/processed-handwritten/iam_processed/590/p01-155.png,impostor,0.8747168779373169,0.8423718214035034,0.03234505653381348,false_accept
/home/lorenzo/Documenti/GitHub/HandVerify/datasets/processed-handwritten/iam_processed/000/a05-058.png,/home/lorenzo/Documenti/GitHub/HandVerify/datasets/processed-handwritten/iam_processed/000/a01-007u.png,genuine,0.7905120849609375,0.8423718214035034,-0.05185973644256592,false_reject
/home/lorenzo/Documenti/GitHub/HandVerify/datasets/processed-handwritten/iam_processed/332/g06-011a.png,/home/lorenzo/Documenti/GitHub/HandVerify/datasets/processed-handwritten/iam_processed/391/h07-075.png,impostor,0.963050901889801,0.8423718214035034,0.12067908048629761,false_accept
/home/lorenzo/Documenti/GitHub/HandVerify/datasets/processed-handwritten/iam_processed/525/m02-069.png,/home/lorenzo/Documenti/GitHub/HandVerify/datasets/processed-handwritten/iam_processed/645/r02-070.png,impostor,0.9542253613471985,0.8423718214035034,0.11185353994369507,false_accept
/home/lorenzo/Documenti/GitHub/HandVerify/datasets/processed-handwritten/iam_processed/038/a02-116.png,/home/lorenzo/Documenti/GitHub/HandVerify/datasets/processed-handwritten/iam_processed/315/n02-120.png,impostor,0.8983479738235474,0.8423718214035034,0.055976152420043945,false_accept
/home/lorenzo/Documenti/GitHub/HandVerify/datasets/processed-handwritten/iam_processed/040/a03-006.png,/home/lorenzo/Documenti/GitHub/HandVerify/datasets/processed-handwritten/iam_processed/118/b05-062.png,impostor,0.9383535385131836,0.8423718214035034,0.09598171710968018,false_accept
/home/lorenzo/Documenti/GitHub/HandVerify/datasets/processed-handwritten/iam_processed/012/a01-043.png,/home/lorenzo/Documenti/GitHub/HandVerify/datasets/processed-handwritten/iam_processed/152/c03-000c.png,impostor,0.9259496927261353,0.8423718214035034,0.08357787132263184,false_accept
/home/lorenzo/Documenti/GitHub/HandVerify/datasets/processed-handwritten/iam_processed/093/b01-113.png,/home/lorenzo/Documenti/GitHub/HandVerify/datasets/processed-handwritten/iam_processed/341/g06-026j.png,impostor,0.848770260810852,0.8423718214035034,0.006398439407348633,false_accept
/home/lorenzo/Documenti/GitHub/HandVerify/datasets/processed-handwritten/iam_processed/451/k04-126.png,/home/lorenzo/Documenti/GitHub/HandVerify/datasets/processed-handwritten/iam_processed/563/n02-045.png,impostor,0.974571704864502,0.8423718214035034,0.13219988346099854,false_accept
/home/lorenzo/Documenti/GitHub/HandVerify/datasets/processed-handwritten/iam_processed/000/a05-044.png,/home/lorenzo/Documenti/GitHub/HandVerify/datasets/processed-handwritten/iam_processed/000/a01-063u.png,genuine,0.8040300607681274,0.8423718214035034,-0.03834176063537598,false_reject
/home/lorenzo/Documenti/GitHub/HandVerify/datasets/processed-handwritten/iam_processed/000/a01-132x.png,/home/lorenzo/Documenti/GitHub/HandVerify/datasets/processed-handwritten/iam_processed/000/a05-104.png,genuine,0.6520035862922668,0.8423718214035034,-0.19036823511123657,false_reject
/home/lorenzo/Documenti/GitHub/HandVerify/datasets/processed-handwritten/iam_processed/000/a05-089.png,/home/lorenzo/Documenti/GitHub/HandVerify/datasets/processed-handwritten/iam_processed/000/a01-003u.png,genuine,0.7320971488952637,0.8423718214035034,-0.11027467250823975,false_reject
/home/lorenzo/Documenti/GitHub/HandVerify/datasets/processed-handwritten/iam_processed/000/a05-125.png,/home/lorenzo/Documenti/GitHub/HandVerify/datasets/processed-handwritten/iam_processed/000/a01-007u.png,genuine,0.8162486553192139,0.8423718214035034,-0.02612316608428955,false_reject
/home/lorenzo/Documenti/GitHub/HandVerify/datasets/processed-handwritten/iam_processed/549/m04-209.png,/home/lorenzo/Documenti/GitHub/HandVerify/datasets/processed-handwritten/iam_processed/551/n06-156.png,impostor,0.8584546446800232,0.8423718214035034,0.016082823276519775,false_accept
/home/lorenzo/Documenti/GitHub/HandVerify/datasets/processed-handwritten/iam_processed/163/c04-066.png,/home/lorenzo/Documenti/GitHub/HandVerify/datasets/processed-handwritten/iam_processed/209/d07-082.png,impostor,0.8981524705886841,0.8423718214035034,0.055780649185180664,false_accept
/home/lorenzo/Documenti/GitHub/HandVerify/datasets/processed-handwritten/iam_processed/000/a05-022.png,/home/lorenzo/Documenti/GitHub/HandVerify/datasets/processed-handwritten/iam_processed/000/a01-000u.png,genuine,0.5665774345397949,0.8423718214035034,-0.2757943868637085,false_reject
/home/lorenzo/Documenti/GitHub/HandVerify/datasets/processed-handwritten/iam_processed/344/g06-045m.png,/home/lorenzo/Documenti/GitHub/HandVerify/datasets/processed-handwritten/iam_processed/346/g06-011o.png,impostor,0.8983783721923828,0.8423718214035034,0.056006550788879395,false_accept
/home/lorenzo/Documenti/GitHub/HandVerify/datasets/processed-handwritten/iam_processed/078/a06-075.png,/home/lorenzo/Documenti/GitHub/HandVerify/datasets/processed-handwritten/iam_processed/382/h04-074.png,impostor,0.9183300733566284,0.8423718214035034,0.075958251953125,false_accept
/home/lorenzo/Documenti/GitHub/HandVerify/datasets/processed-handwritten/iam_processed/000/a05-048.png,/home/lorenzo/Documenti/GitHub/HandVerify/datasets/processed-handwritten/iam_processed/000/a01-043u.png,genuine,0.8320600986480713,0.8423718214035034,-0.010311722755432129,false_reject
/home/lorenzo/Documenti/GitHub/HandVerify/datasets/processed-handwritten/iam_processed/555/n01-020.png,/home/lorenzo/Documenti/GitHub/HandVerify/datasets/processed-handwritten/iam_processed/634/p06-104.png,impostor,0.8899045586585999,0.8423718214035034,0.047532737255096436,false_accept
/home/lorenzo/Documenti/GitHub/HandVerify/datasets/processed-handwritten/iam_processed/000/a01-000u.png,/home/lorenzo/Documenti/GitHub/HandVerify/datasets/processed-handwritten/iam_processed/000/a05-039.png,genuine,0.5203606486320496,0.8423718214035034,-0.32201117277145386,false_reject
/home/lorenzo/Documenti/GitHub/HandVerify/datasets/processed-handwritten/iam_processed/025/a02-024.png,/home/lorenzo/Documenti/GitHub/HandVerify/datasets/processed-handwritten/iam_processed/623/p03-080.png,impostor,0.9303170442581177,0.8423718214035034,0.08794522285461426,false_accept
/home/lorenzo/Documenti/GitHub/HandVerify/datasets/processed-handwritten/iam_processed/354/g07-069a.png,/home/lorenzo/Documenti/GitHub/HandVerify/datasets/processed-handwritten/iam_processed/624/p03-121.png,impostor,0.9312585592269897,0.8423718214035034,0.08888673782348633,false_accept
/home/lorenzo/Documenti/GitHub/HandVerify/datasets/processed-handwritten/iam_processed/000/a01-003u.png,/home/lorenzo/Documenti/GitHub/HandVerify/datasets/processed-handwritten/iam_processed/000/a05-000.png,genuine,0.8253414630889893,0.8423718214035034,-0.01703035831451416,false_reject
/home/lorenzo/Documenti/GitHub/HandVerify/datasets/processed-handwritten/iam_processed/000/a01-058u.png,/home/lorenzo/Documenti/GitHub/HandVerify/datasets/processed-handwritten/iam_processed/000/a03-080.png,genuine,0.7755906581878662,0.8423718214035034,-0.06678116321563721,false_reject
/home/lorenzo/Documenti/GitHub/HandVerify/datasets/processed-handwritten/iam_processed/090/b01-053.png,/home/lorenzo/Documenti/GitHub/HandVerify/datasets/processed-handwritten/iam_processed/114/b04-195.png,impostor,0.8589128255844116,0.8423718214035034,0.016541004180908203,false_accept
/home/lorenzo/Documenti/GitHub/HandVerify/datasets/processed-handwritten/iam_processed/000/a03-071.png,/home/lorenzo/Documenti/GitHub/HandVerify/datasets/processed-handwritten/iam_processed/000/a01-049x.png,genuine,0.7076610922813416,0.8423718214035034,-0.13471072912216187,false_reject
/home/lorenzo/Documenti/GitHub/HandVerify/datasets/processed-handwritten/iam_processed/036/a02-086.png,/home/lorenzo/Documenti/GitHub/HandVerify/datasets/processed-handwritten/iam_processed/357/h01-010.png,impostor,0.8464913964271545,0.8423718214035034,0.004119575023651123,false_accept
/home/lorenzo/Documenti/GitHub/HandVerify/datasets/processed-handwritten/iam_processed/295/g01-004.png,/home/lorenzo/Documenti/GitHub/HandVerify/datasets/processed-handwritten/iam_processed/295/g01-008.png,genuine,0.7158496379852295,0.8423718214035034,-0.12652218341827393,false_reject
/home/lorenzo/Documenti/GitHub/HandVerify/datasets/processed-handwritten/iam_processed/000/a01-132x.png,/home/lorenzo/Documenti/GitHub/HandVerify/datasets/processed-handwritten/iam_processed/000/a01-087u.png,genuine,0.6689019799232483,0.8423718214035034,-0.17346984148025513,false_reject
/home/lorenzo/Documenti/GitHub/HandVerify/datasets/processed-handwritten/iam_processed/016/a01-102.png,/home/lorenzo/Documenti/GitHub/HandVerify/datasets/processed-handwritten/iam_processed/415/j06-018.png,impostor,0.9261603355407715,0.8423718214035034,0.08378851413726807,false_accept
/home/lorenzo/Documenti/GitHub/HandVerify/datasets/processed-handwritten/iam_processed/000/a01-007u.png,/home/lorenzo/Documenti/GitHub/HandVerify/datasets/processed-handwritten/iam_processed/000/a03-080.png,genuine,0.8021278381347656,0.8423718214035034,-0.04024398326873779,false_reject
/home/lorenzo/Documenti/GitHub/HandVerify/datasets/processed-handwritten/iam_processed/000/a01-122u.png,/home/lorenzo/Documenti/GitHub/HandVerify/datasets/processed-handwritten/iam_processed/000/a01-049x.png,genuine,0.7604614496231079,0.8423718214035034,-0.08191037178039551,false_reject
/home/lorenzo/Documenti/GitHub/HandVerify/datasets/processed-handwritten/iam_processed/199/d05-025.png,/home/lorenzo/Documenti/GitHub/HandVerify/datasets/processed-handwritten/iam_processed/199/d05-021.png,genuine,0.7848212718963623,0.8423718214035034,-0.05755054950714111,false_reject
/home/lorenzo/Documenti/GitHub/HandVerify/datasets/processed-handwritten/iam_processed/151/c03-003b.png,/home/lorenzo/Documenti/GitHub/HandVerify/datasets/processed-handwritten/iam_processed/443/k04-054.png,impostor,0.8872804641723633,0.8423718214035034,0.04490864276885986,false_accept
/home/lorenzo/Documenti/GitHub/HandVerify/datasets/processed-handwritten/iam_processed/126/b06-012.png,/home/lorenzo/Documenti/GitHub/HandVerify/datasets/processed-handwritten/iam_processed/126/c06-052.png,genuine,0.8253836035728455,0.8423718214035034,-0.01698821783065796,false_reject
/home/lorenzo/Documenti/GitHub/HandVerify/datasets/processed-handwritten/iam_processed/332/g06-031a.png,/home/lorenzo/Documenti/GitHub/HandVerify/datasets/processed-handwritten/iam_processed/391/h07-080.png,impostor,0.9820171594619751,0.8423718214035034,0.13964533805847168,false_accept
/home/lorenzo/Documenti/GitHub/HandVerify/datasets/processed-handwritten/iam_processed/000/a01-063u.png,/home/lorenzo/Documenti/GitHub/HandVerify/datasets/processed-handwritten/iam_processed/000/a05-017.png,genuine,0.768139660358429,0.8423718214035034,-0.07423216104507446,false_reject
/home/lorenzo/Documenti/GitHub/HandVerify/datasets/processed-handwritten/iam_processed/000/a05-029.png,/home/lorenzo/Documenti/GitHub/HandVerify/datasets/processed-handwritten/iam_processed/000/a01-003u.png,genuine,0.7274495959281921,0.8423718214035034,-0.11492222547531128,false_reject
/home/lorenzo/Documenti/GitHub/HandVerify/datasets/processed-handwritten/iam_processed/391/h07-080.png,/home/lorenzo/Documenti/GitHub/HandVerify/datasets/processed-handwritten/iam_processed/411/j04-094.png,impostor,0.8836079835891724,0.8423718214035034,0.041236162185668945,false_accept
/home/lorenzo/Documenti/GitHub/HandVerify/datasets/processed-handwritten/iam_processed/000/a01-049x.png,/home/lorenzo/Documenti/GitHub/HandVerify/datasets/processed-handwritten/iam_processed/000/a05-025.png,genuine,0.7499108910560608,0.8423718214035034,-0.09246093034744263,false_reject
/home/lorenzo/Documenti/GitHub/HandVerify/datasets/processed-handwritten/iam_processed/323/g04-055.png,/home/lorenzo/Documenti/GitHub/HandVerify/datasets/processed-handwritten/iam_processed/333/g06-011b.png,impostor,0.8788156509399414,0.8423718214035034,0.03644382953643799,false_accept
/home/lorenzo/Documenti/GitHub/HandVerify/datasets/processed-handwritten/iam_processed/000/a01-000u.png,/home/lorenzo/Documenti/GitHub/HandVerify/datasets/processed-handwritten/iam_processed/000/a05-113.png,genuine,0.48157113790512085,0.8423718214035034,-0.36080068349838257,false_reject
/home/lorenzo/Documenti/GitHub/HandVerify/datasets/processed-handwritten/iam_processed/000/a05-094.png,/home/lorenzo/Documenti/GitHub/HandVerify/datasets/processed-handwritten/iam_processed/000/a01-003u.png,genuine,0.7782617211341858,0.8423718214035034,-0.06411010026931763,false_reject
/home/lorenzo/Documenti/GitHub/HandVerify/datasets/processed-handwritten/iam_processed/187/d04-037.png,/home/lorenzo/Documenti/GitHub/HandVerify/datasets/processed-handwritten/iam_processed/423/k02-062.png,impostor,0.9495923519134521,0.8423718214035034,0.10722053050994873,false_accept
/home/lorenzo/Documenti/GitHub/HandVerify/datasets/processed-handwritten/iam_processed/583/n04-068.png,/home/lorenzo/Documenti/GitHub/HandVerify/datasets/processed-handwritten/iam_processed/620/p03-047.png,impostor,0.9787508249282837,0.8423718214035034,0.13637900352478027,false_accept
/home/lorenzo/Documenti/GitHub/HandVerify/datasets/processed-handwritten/iam_processed/093/b01-113.png,/home/lorenzo/Documenti/GitHub/HandVerify/datasets/processed-handwritten/iam_processed/206/e06-000.png,impostor,0.9072601199150085,0.8423718214035034,0.06488829851150513,false_accept
/home/lorenzo/Documenti/GitHub/HandVerify/datasets/processed-handwritten/iam_processed/550/m04-238.png,/home/lorenzo/Documenti/GitHub/HandVerify/datasets/processed-handwritten/iam_processed/550/m04-231.png,genuine,0.6534397602081299,0.8423718214035034,-0.18893206119537354,false_reject
/home/lorenzo/Documenti/GitHub/HandVerify/datasets/processed-handwritten/iam_processed/125/b06-056.png,/home/lorenzo/Documenti/GitHub/HandVerify/datasets/processed-handwritten/iam_processed/125/b06-008.png,genuine,0.7916276454925537,0.8423718214035034,-0.05074417591094971,false_reject
/home/lorenzo/Documenti/GitHub/HandVerify/datasets/processed-handwritten/iam_processed/343/g06-050l.png,/home/lorenzo/Documenti/GitHub/HandVerify/datasets/processed-handwritten/iam_processed/444/k04-061.png,impostor,0.9364033341407776,0.8423718214035034,0.09403151273727417,false_accept
/home/lorenzo/Documenti/GitHub/HandVerify/datasets/processed-handwritten/iam_processed/151/c03-096b.png,/home/lorenzo/Documenti/GitHub/HandVerify/datasets/processed-handwritten/iam_processed/547/m04-131.png,impostor,0.8513349294662476,0.8423718214035034,0.00896310806274414,false_accept
/home/lorenzo/Documenti/GitHub/HandVerify/datasets/processed-handwritten/iam_processed/000/a01-102u.png,/home/lorenzo/Documenti/GitHub/HandVerify/datasets/processed-handwritten/iam_processed/000/a05-062.png,genuine,0.7885656356811523,0.8423718214035034,-0.053806185722351074,false_reject
/home/lorenzo/Documenti/GitHub/HandVerify/datasets/processed-handwritten/iam_processed/144/c02-049.png,/home/lorenzo/Documenti/GitHub/HandVerify/datasets/processed-handwritten/iam_processed/303/g02-059.png,impostor,0.9034909009933472,0.8423718214035034,0.06111907958984375,false_accept
/home/lorenzo/Documenti/GitHub/HandVerify/datasets/processed-handwritten/iam_processed/000/a05-053.png,/home/lorenzo/Documenti/GitHub/HandVerify/datasets/processed-handwritten/iam_processed/000/a01-063u.png,genuine,0.8410623073577881,0.8423718214035034,-0.001309514045715332,false_reject
/home/lorenzo/Documenti/GitHub/HandVerify/datasets/processed-handwritten/iam_processed/342/g06-031k.png,/home/lorenzo/Documenti/GitHub/HandVerify/datasets/processed-handwritten/iam_processed/342/g06-047k.png,genuine,0.6911537051200867,0.8423718214035034,-0.15121811628341675,false_reject
/home/lorenzo/Documenti/GitHub/HandVerify/datasets/processed-handwritten/iam_processed/463/l01-095.png,/home/lorenzo/Documenti/GitHub/HandVerify/datasets/processed-handwritten/iam_processed/671/r06-106.png,impostor,0.9436603784561157,0.8423718214035034,0.1012885570526123,false_accept
/home/lorenzo/Documenti/GitHub/HandVerify/datasets/processed-handwritten/iam_processed/152/c03-087c.png,/home/lorenzo/Documenti/GitHub/HandVerify/datasets/processed-handwritten/iam_processed/530/m02-087.png,impostor,0.9074572920799255,0.8423718214035034,0.06508547067642212,false_accept
/home/lorenzo/Documenti/GitHub/HandVerify/datasets/processed-handwritten/iam_processed/076/a06-064.png,/home/lorenzo/Documenti/GitHub/HandVerify/datasets/processed-handwritten/iam_processed/591/p01-168.png,impostor,0.8451495170593262,0.8423718214035034,0.002777695655822754,false_accept
/home/lorenzo/Documenti/GitHub/HandVerify/datasets/processed-handwritten/iam_processed/000/a05-048.png,/home/lorenzo/Documenti/GitHub/HandVerify/datasets/processed-handwritten/iam_processed/000/a01-003u.png,genuine,0.7849062085151672,0.8423718214035034,-0.05746561288833618,false_reject
/home/lorenzo/Documenti/GitHub/HandVerify/datasets/processed-handwritten/iam_processed/000/a01-000u.png,/home/lorenzo/Documenti/GitHub/HandVerify/datasets/processed-handwritten/iam_processed/000/a01-132u.png,genuine,0.7111650705337524,0.8423718214035034,-0.13120675086975098,false_reject
/home/lorenzo/Documenti/GitHub/HandVerify/datasets/processed-handwritten/iam_processed/352/g07-034.png,/home/lorenzo/Documenti/GitHub/HandVerify/datasets/processed-handwritten/iam_processed/551/n06-148.png,impostor,0.9694876670837402,0.8423718214035034,0.12711584568023682,false_accept
/home/lorenzo/Documenti/GitHub/HandVerify/datasets/processed-handwritten/iam_processed/073/a06-044.png,/home/lorenzo/Documenti/GitHub/HandVerify/datasets/processed-handwritten/iam_processed/402/j04-015.png,impostor,0.8949832320213318,0.8423718214035034,0.05261141061782837,false_accept
/home/lorenzo/Documenti/GitHub/HandVerify/datasets/processed-handwritten/iam_processed/334/g06-011c.png,/home/lorenzo/Documenti/GitHub/HandVerify/datasets/processed-handwritten/iam_processed/334/g06-045c.png,genuine,0.5860227942466736,0.8423718214035034,-0.25634902715682983,false_reject
/home/lorenzo/Documenti/GitHub/HandVerify/datasets/processed-handwritten/iam_processed/000/a05-104.png,/home/lorenzo/Documenti/GitHub/HandVerify/datasets/processed-handwritten/iam_processed/671/r06-097.png,impostor,0.8493955731391907,0.8423718214035034,0.007023751735687256,false_accept
/home/lorenzo/Documenti/GitHub/HandVerify/datasets/processed-handwritten/iam_processed/000/a05-058.png,/home/lorenzo/Documenti/GitHub/HandVerify/datasets/processed-handwritten/iam_processed/000/a01-030u.png,genuine,0.8107709884643555,0.8423718214035034,-0.03160083293914795,false_reject
/home/lorenzo/Documenti/GitHub/HandVerify/datasets/processed-handwritten/iam_processed/000/a05-039.png,/home/lorenzo/Documenti/GitHub/HandVerify/datasets/processed-handwritten/iam_processed/000/a01-030u.png,genuine,0.8138530254364014,0.8423718214035034,-0.02851879596710205,false_reject
/home/lorenzo/Documenti/GitHub/HandVerify/datasets/processed-handwritten/iam_processed/187/d04-037.png,/home/lorenzo/Documenti/GitHub/HandVerify/datasets/processed-handwritten/iam_processed/449/k04-106.png,impostor,0.9920740723609924,0.8423718214035034,0.149702250957489,false_accept
/home/lorenzo/Documenti/GitHub/HandVerify/datasets/processed-handwritten/iam_processed/346/g06-045o.png,/home/lorenzo/Documenti/GitHub/HandVerify/datasets/processed-handwritten/iam_processed/385/h07-020.png,impostor,0.8850734233856201,0.8423718214035034,0.0427016019821167,false_accept
/home/lorenzo/Documenti/GitHub/HandVerify/datasets/processed-handwritten/iam_processed/000/a05-039.png,/home/lorenzo/Documenti/GitHub/HandVerify/datasets/processed-handwritten/iam_processed/000/a01-007u.png,genuine,0.7695708870887756,0.8423718214035034,-0.07280093431472778,false_reject
/home/lorenzo/Documenti/GitHub/HandVerify/datasets/processed-handwritten/iam_processed/090/b01-044.png,/home/lorenzo/Documenti/GitHub/HandVerify/datasets/processed-handwritten/iam_processed/480/l04-012.png,impostor,0.9490471482276917,0.8423718214035034,0.10667532682418823,false_accept
/home/lorenzo/Documenti/GitHub/HandVerify/datasets/processed-handwritten/iam_processed/000/a01-000u.png,/home/lorenzo/Documenti/GitHub/HandVerify/datasets/processed-handwritten/iam_processed/000/a03-071.png,genuine,0.7228308320045471,0.8423718214035034,-0.1195409893989563,false_reject
/home/lorenzo/Documenti/GitHub/HandVerify/datasets/processed-handwritten/iam_processed/000/a01-007u.png,/home/lorenzo/Documenti/GitHub/HandVerify/datasets/processed-handwritten/iam_processed/560/n02-009.png,impostor,0.8660874366760254,0.8423718214035034,0.023715615272521973,false_accept
/home/lorenzo/Documenti/GitHub/HandVerify/datasets/processed-handwritten/iam_processed/000/a01-063u.png,/home/lorenzo/Documenti/GitHub/HandVerify/datasets/processed-handwritten/iam_processed/000/a03-080.png,genuine,0.8383396863937378,0.8423718214035034,-0.004032135009765625,false_reject
/home/lorenzo/Documenti/GitHub/HandVerify/datasets/processed-handwritten/iam_processed/000/a01-058u.png,/home/lorenzo/Documenti/GitHub/HandVerify/datasets/processed-handwritten/iam_processed/000/a03-050.png,genuine,0.8167049884796143,0.8423718214035034,-0.02566683292388916,false_reject
/home/lorenzo/Documenti/GitHub/HandVerify/datasets/processed-handwritten/iam_processed/131/c06-058.png,/home/lorenzo/Documenti/GitHub/HandVerify/datasets/processed-handwritten/iam_processed/649/r02-089.png,impostor,0.9126736521720886,0.8423718214035034,0.0703018307685852,false_accept
/home/lorenzo/Documenti/GitHub/HandVerify/datasets/processed-handwritten/iam_processed/334/g06-026c.png,/home/lorenzo/Documenti/GitHub/HandVerify/datasets/processed-handwritten/iam_processed/334/g06-037c.png,genuine,0.7672545909881592,0.8423718214035034,-0.07511723041534424,false_reject
/home/lorenzo/Documenti/GitHub/HandVerify/datasets/processed-handwritten/iam_processed/225/e02-086.png,/home/lorenzo/Documenti/GitHub/HandVerify/datasets/processed-handwritten/iam_processed/590/p01-155.png,impostor,0.873974084854126,0.8423718214035034,0.03160226345062256,false_accept
/home/lorenzo/Documenti/GitHub/HandVerify/datasets/processed-handwritten/iam_processed/167/c04-105.png,/home/lorenzo/Documenti/GitHub/HandVerify/datasets/processed-handwritten/iam_processed/341/g06-050j.png,impostor,0.9392349720001221,0.8423718214035034,0.09686315059661865,false_accept
/home/lorenzo/Documenti/GitHub/HandVerify/datasets/processed-handwritten/iam_processed/158/c04-013.png,/home/lorenzo/Documenti/GitHub/HandVerify/datasets/processed-handwritten/iam_processed/158/c04-008.png,genuine,-0.022551558911800385,0.8423718214035034,-0.8649233803153038,false_reject
/home/lorenzo/Documenti/GitHub/HandVerify/datasets/processed-handwritten/iam_processed/000/a05-125.png,/home/lorenzo/Documenti/GitHub/HandVerify/datasets/processed-handwritten/iam_processed/000/a01-020u.png,genuine,0.8317416906356812,0.8423718214035034,-0.010630130767822266,false_reject
/home/lorenzo/Documenti/GitHub/HandVerify/datasets/processed-handwritten/iam_processed/000/a03-080.png,/home/lorenzo/Documenti/GitHub/HandVerify/datasets/processed-handwritten/iam_processed/000/a01-003u.png,genuine,0.8025496602058411,0.8423718214035034,-0.039822161197662354,false_reject
/home/lorenzo/Documenti/GitHub/HandVerify/datasets/processed-handwritten/iam_processed/000/a01-011u.png,/home/lorenzo/Documenti/GitHub/HandVerify/datasets/processed-handwritten/iam_processed/000/a01-049x.png,genuine,0.841957688331604,0.8423718214035034,-0.00041413307189941406,false_reject
/home/lorenzo/Documenti/GitHub/HandVerify/datasets/processed-handwritten/iam_processed/339/g06-026h.png,/home/lorenzo/Documenti/GitHub/HandVerify/datasets/processed-handwritten/iam_processed/343/g06-047l.png,impostor,0.8845890164375305,0.8423718214035034,0.0422171950340271,false_accept
/home/lorenzo/Documenti/GitHub/HandVerify/datasets/processed-handwritten/iam_processed/312/g03-032.png,/home/lorenzo/Documenti/GitHub/HandVerify/datasets/processed-handwritten/iam_processed/670/r06-076.png,impostor,0.9183229207992554,0.8423718214035034,0.07595109939575195,false_accept
/home/lorenzo/Documenti/GitHub/HandVerify/datasets/processed-handwritten/iam_processed/060/a04-031.png,/home/lorenzo/Documenti/GitHub/HandVerify/datasets/processed-handwritten/iam_processed/174/d06-050.png,impostor,0.9498052000999451,0.8423718214035034,0.10743337869644165,false_accept
/home/lorenzo/Documenti/GitHub/HandVerify/datasets/processed-handwritten/iam_processed/089/b01-027.png,/home/lorenzo/Documenti/GitHub/HandVerify/datasets/processed-handwritten/iam_processed/347/g06-026p.png,impostor,0.9144130945205688,0.8423718214035034,0.07204127311706543,false_accept
/home/lorenzo/Documenti/GitHub/HandVerify/datasets/processed-handwritten/iam_processed/000/a01-058u.png,/home/lorenzo/Documenti/GitHub/HandVerify/datasets/processed-handwritten/iam_processed/337/g06-031f.png,impostor,0.8792051672935486,0.8423718214035034,0.036833345890045166,false_accept
/home/lorenzo/Documenti/GitHub/HandVerify/datasets/processed-handwritten/iam_processed/000/a05-104.png,/home/lorenzo/Documenti/GitHub/HandVerify/datasets/processed-handwritten/iam_processed/000/a01-030u.png,genuine,0.7927683591842651,0.8423718214035034,-0.04960346221923828,false_reject
/home/lorenzo/Documenti/GitHub/HandVerify/datasets/processed-handwritten/iam_processed/550/n04-009.png,/home/lorenzo/Documenti/GitHub/HandVerify/datasets/processed-handwritten/iam_processed/550/m04-231.png,genuine,0.835053563117981,0.8423718214035034,-0.007318258285522461,false_reject
/home/lorenzo/Documenti/GitHub/HandVerify/datasets/processed-handwritten/iam_processed/000/a01-132x.png,/home/lorenzo/Documenti/GitHub/HandVerify/datasets/processed-handwritten/iam_processed/000/a03-089.png,genuine,0.7464290857315063,0.8423718214035034,-0.09594273567199707,false_reject
/home/lorenzo/Documenti/GitHub/HandVerify/datasets/processed-handwritten/iam_processed/274/g04-026.png,/home/lorenzo/Documenti/GitHub/HandVerify/datasets/processed-handwritten/iam_processed/274/h04-025.png,genuine,0.835721492767334,0.8423718214035034,-0.006650328636169434,false_reject
/home/lorenzo/Documenti/GitHub/HandVerify/datasets/processed-handwritten/iam_processed/199/d05-025.png,/home/lorenzo/Documenti/GitHub/HandVerify/datasets/processed-handwritten/iam_processed/346/g06-018o.png,impostor,0.8830161094665527,0.8423718214035034,0.040644288063049316,false_accept
/home/lorenzo/Documenti/GitHub/HandVerify/datasets/processed-handwritten/iam_processed/128/c06-076.png,/home/lorenzo/Documenti/GitHub/HandVerify/datasets/processed-handwritten/iam_processed/582/n04-044.png,impostor,0.8852846622467041,0.8423718214035034,0.042912840843200684,false_accept
/home/lorenzo/Documenti/GitHub/HandVerify/datasets/processed-handwritten/iam_processed/334/g06-031c.png,/home/lorenzo/Documenti/GitHub/HandVerify/datasets/processed-handwritten/iam_processed/334/g06-011c.png,genuine,0.7005797624588013,0.8423718214035034,-0.14179205894470215,false_reject
/home/lorenzo/Documenti/GitHub/HandVerify/datasets/processed-handwritten/iam_processed/000/a01-102u.png,/home/lorenzo/Documenti/GitHub/HandVerify/datasets/processed-handwritten/iam_processed/000/a05-029.png,genuine,0.7534462213516235,0.8423718214035034,-0.08892560005187988,false_reject
/home/lorenzo/Documenti/GitHub/HandVerify/datasets/processed-handwritten/iam_processed/382/h04-074.png,/home/lorenzo/Documenti/GitHub/HandVerify/datasets/processed-handwritten/iam_processed/509/m01-079.png,impostor,0.9135377407073975,0.8423718214035034,0.07116591930389404,false_accept
/home/lorenzo/Documenti/GitHub/HandVerify/datasets/processed-handwritten/iam_processed/000/a05-104.png,/home/lorenzo/Documenti/GitHub/HandVerify/datasets/processed-handwritten/iam_processed/000/a01-014u.png,genuine,0.801976203918457,0.8423718214035034,-0.04039561748504639,false_reject
/home/lorenzo/Documenti/GitHub/HandVerify/datasets/processed-handwritten/iam_processed/000/a01-063u.png,/home/lorenzo/Documenti/GitHub/HandVerify/datasets/processed-handwritten/iam_processed/000/a05-125.png,genuine,0.77852463722229,0.8423718214035034,-0.06384718418121338,false_reject
/home/lorenzo/Documenti/GitHub/HandVerify/datasets/processed-handwritten/iam_processed/232/e04-019.png,/home/lorenzo/Documenti/GitHub/HandVerify/datasets/processed-handwritten/iam_processed/232/e04-022.png,genuine,0.7744725346565247,0.8423718214035034,-0.06789928674697876,false_reject
/home/lorenzo/Documenti/GitHub/HandVerify/datasets/processed-handwritten/iam_processed/300/g01-070.png,/home/lorenzo/Documenti/GitHub/HandVerify/datasets/processed-handwritten/iam_processed/300/g01-074.png,genuine,0.793588399887085,0.8423718214035034,-0.04878342151641846,false_reject
/home/lorenzo/Documenti/GitHub/HandVerify/datasets/processed-handwritten/iam_processed/215/e01-092.png,/home/lorenzo/Documenti/GitHub/HandVerify/datasets/processed-handwritten/iam_processed/444/k04-061.png,impostor,0.9111042618751526,0.8423718214035034,0.06873244047164917,false_accept
/home/lorenzo/Documenti/GitHub/HandVerify/datasets/processed-handwritten/iam_processed/008/a01-014x.png,/home/lorenzo/Documenti/GitHub/HandVerify/datasets/processed-handwritten/iam_processed/028/a02-050.png,impostor,0.9946520328521729,0.8423718214035034,0.15228021144866943,false_accept
/home/lorenzo/Documenti/GitHub/HandVerify/datasets/processed-handwritten/iam_processed/494/l04-174.png,/home/lorenzo/Documenti/GitHub/HandVerify/datasets/processed-handwritten/iam_processed/494/l04-179.png,genuine,0.7856557369232178,0.8423718214035034,-0.056716084480285645,false_reject
/home/lorenzo/Documenti/GitHub/HandVerify/datasets/processed-handwritten/iam_processed/019/a01-122.png,/home/lorenzo/Documenti/GitHub/HandVerify/datasets/processed-handwritten/iam_processed/272/f04-004.png,impostor,0.9679367542266846,0.8423718214035034,0.12556493282318115,false_accept
/home/lorenzo/Documenti/GitHub/HandVerify/datasets/processed-handwritten/iam_processed/000/a01-132x.png,/home/lorenzo/Documenti/GitHub/HandVerify/datasets/processed-handwritten/iam_processed/000/a05-000.png,genuine,0.7361997961997986,0.8423718214035034,-0.10617202520370483,false_reject
/home/lorenzo/Documenti/GitHub/HandVerify/datasets/processed-handwritten/iam_processed/000/a01-049x.png,/home/lorenzo/Documenti/GitHub/HandVerify/datasets/processed-handwritten/iam_processed/000/a03-080.png,genuine,0.7324849963188171,0.8423718214035034,-0.10988682508468628,false_reject
/home/lorenzo/Documenti/GitHub/HandVerify/datasets/processed-handwritten/iam_processed/015/a01-063x.png,/home/lorenzo/Documenti/GitHub/HandVerify/datasets/processed-handwritten/iam_processed/282/f04-074.png,impostor,0.9011759757995605,0.8423718214035034,0.05880415439605713,false_accept
/home/lorenzo/Documenti/GitHub/HandVerify/datasets/processed-handwritten/iam_processed/089/b01-027.png,/home/lorenzo/Documenti/GitHub/HandVerify/datasets/processed-handwritten/iam_processed/310/g03-016.png,impostor,0.8733526468276978,0.8423718214035034,0.030980825424194336,false_accept
/home/lorenzo/Documenti/GitHub/HandVerify/datasets/processed-handwritten/iam_processed/154/c03-094e.png,/home/lorenzo/Documenti/GitHub/HandVerify/datasets/processed-handwritten/iam_processed/415/j06-022.png,impostor,0.9218553304672241,0.8423718214035034,0.0794835090637207,false_accept
/home/lorenzo/Documenti/GitHub/HandVerify/datasets/processed-handwritten/iam_processed/000/a01-020u.png,/home/lorenzo/Documenti/GitHub/HandVerify/datasets/processed-handwritten/iam_processed/000/a05-017.png,genuine,0.8053382635116577,0.8423718214035034,-0.0370335578918457,false_reject
/home/lorenzo/Documenti/GitHub/HandVerify/datasets/processed-handwritten/iam_processed/246/e07-061.png,/home/lorenzo/Documenti/GitHub/HandVerify/datasets/processed-handwritten/iam_processed/634/p06-088.png,impostor,0.9249905347824097,0.8423718214035034,0.08261871337890625,false_accept
/home/lorenzo/Documenti/GitHub/HandVerify/datasets/processed-handwritten/iam_processed/451/k04-136.png,/home/lorenzo/Documenti/GitHub/HandVerify/datasets/processed-handwritten/iam_processed/456/k07-176.png,impostor,0.9714555144309998,0.8423718214035034,0.12908369302749634,false_accept
/home/lorenzo/Documenti/GitHub/HandVerify/datasets/processed-handwritten/iam_processed/128/b06-071.png,/home/lorenzo/Documenti/GitHub/HandVerify/datasets/processed-handwritten/iam_processed/406/k04-005.png,impostor,0.8485144376754761,0.8423718214035034,0.006142616271972656,false_accept
/home/lorenzo/Documenti/GitHub/HandVerify/datasets/processed-handwritten/iam_processed/241/e04-095.png,/home/lorenzo/Documenti/GitHub/HandVerify/datasets/processed-handwritten/iam_processed/241/e04-132.png,genuine,0.8306050300598145,0.8423718214035034,-0.011766791343688965,false_reject
/home/lorenzo/Documenti/GitHub/HandVerify/datasets/processed-handwritten/iam_processed/012/a01-049.png,/home/lorenzo/Documenti/GitHub/HandVerify/datasets/processed-handwritten/iam_processed/151/c03-084b.png,impostor,0.8538724184036255,0.8423718214035034,0.01150059700012207,false_accept
/home/lorenzo/Documenti/GitHub/HandVerify/datasets/processed-handwritten/iam_processed/000/a01-058u.png,/home/lorenzo/Documenti/GitHub/HandVerify/datasets/processed-handwritten/iam_processed/000/a05-029.png,genuine,0.7098724246025085,0.8423718214035034,-0.13249939680099487,false_reject
/home/lorenzo/Documenti/GitHub/HandVerify/datasets/processed-handwritten/iam_processed/000/a05-048.png,/home/lorenzo/Documenti/GitHub/HandVerify/datasets/processed-handwritten/iam_processed/000/a01-026u.png,genuine,0.7967782020568848,0.8423718214035034,-0.04559361934661865,false_reject
/home/lorenzo/Documenti/GitHub/HandVerify/datasets/processed-handwritten/iam_processed/009/a01-020.png,/home/lorenzo/Documenti/GitHub/HandVerify/datasets/processed-handwritten/iam_processed/118/b05-058.png,impostor,0.8485653400421143,0.8423718214035034,0.00619351863861084,false_accept
/home/lorenzo/Documenti/GitHub/HandVerify/datasets/processed-handwritten/iam_processed/334/g06-026c.png,/home/lorenzo/Documenti/GitHub/HandVerify/datasets/processed-handwritten/iam_processed/334/g06-047c.png,genuine,0.6891884803771973,0.8423718214035034,-0.15318334102630615,false_reject
/home/lorenzo/Documenti/GitHub/HandVerify/datasets/processed-handwritten/iam_processed/096/b02-045.png,/home/lorenzo/Documenti/GitHub/HandVerify/datasets/processed-handwritten/iam_processed/174/c06-083.png,impostor,0.8611251711845398,0.8423718214035034,0.018753349781036377,false_accept
/home/lorenzo/Documenti/GitHub/HandVerify/datasets/processed-handwritten/iam_processed/211/e01-022.png,/home/lorenzo/Documenti/GitHub/HandVerify/datasets/processed-handwritten/iam_processed/272/f04-016.png,impostor,0.8754332661628723,0.8423718214035034,0.033061444759368896,false_accept
/home/lorenzo/Documenti/GitHub/HandVerify/datasets/processed-handwritten/iam_processed/344/g06-011m.png,/home/lorenzo/Documenti/GitHub/HandVerify/datasets/processed-handwritten/iam_processed/551/n06-169.png,impostor,0.8542302846908569,0.8423718214035034,0.011858463287353516,false_accept
/home/lorenzo/Documenti/GitHub/HandVerify/datasets/processed-handwritten/iam_processed/391/h07-075.png,/home/lorenzo/Documenti/GitHub/HandVerify/datasets/processed-handwritten/iam_processed/551/n06-156.png,impostor,0.9765076041221619,0.8423718214035034,0.13413578271865845,false_accept
/home/lorenzo/Documenti/GitHub/HandVerify/datasets/processed-handwritten/iam_processed/004/a01-007.png,/home/lorenzo/Documenti/GitHub/HandVerify/datasets/processed-handwritten/iam_processed/551/n06-201.png,impostor,0.8966779708862305,0.8423718214035034,0.05430614948272705,false_accept
/home/lorenzo/Documenti/GitHub/HandVerify/datasets/processed-handwritten/iam_processed/000/a01-000u.png,/home/lorenzo/Documenti/GitHub/HandVerify/datasets/processed-handwritten/iam_processed/000/a01-117u.png,genuine,0.7267633080482483,0.8423718214035034,-0.11560851335525513,false_reject
/home/lorenzo/Documenti/GitHub/HandVerify/datasets/processed-handwritten/iam_processed/015/a01-063x.png,/home/lorenzo/Documenti/GitHub/HandVerify/datasets/processed-handwritten/iam_processed/564/n02-054.png,impostor,0.9667008519172668,0.8423718214035034,0.12432903051376343,false_accept
/home/lorenzo/Documenti/GitHub/HandVerify/datasets/processed-handwritten/iam_processed/307/g02-073.png,/home/lorenzo/Documenti/GitHub/HandVerify/datasets/processed-handwritten/iam_processed/631/p03-181.png,impostor,0.9655035734176636,0.8423718214035034,0.12313175201416016,false_accept
/home/lorenzo/Documenti/GitHub/HandVerify/datasets/processed-handwritten/iam_processed/000/a01-063u.png,/home/lorenzo/Documenti/GitHub/HandVerify/datasets/processed-handwritten/iam_processed/000/a05-089.png,genuine,0.7702982425689697,0.8423718214035034,-0.07207357883453369,false_reject
/home/lorenzo/Documenti/GitHub/HandVerify/datasets/processed-handwritten/iam_processed/340/g06-045i.png,/home/lorenzo/Documenti/GitHub/HandVerify/datasets/processed-handwritten/iam_processed/340/g06-026i.png,genuine,0.8043438196182251,0.8423718214035034,-0.03802800178527832,false_reject
/home/lorenzo/Documenti/GitHub/HandVerify/datasets/processed-handwritten/iam_processed/000/a05-099.png,/home/lorenzo/Documenti/GitHub/HandVerify/datasets/processed-handwritten/iam_processed/000/a01-026u.png,genuine,0.7580463290214539,0.8423718214035034,-0.08432549238204956,false_reject
/home/lorenzo/Documenti/GitHub/HandVerify/datasets/processed-handwritten/iam_processed/090/b01-049.png,/home/lorenzo/Documenti/GitHub/HandVerify/datasets/processed-handwritten/iam_processed/154/c03-081e.png,impostor,0.9658445715904236,0.8423718214035034,0.12347275018692017,false_accept
/home/lorenzo/Documenti/GitHub/HandVerify/datasets/processed-handwritten/iam_processed/000/a01-132x.png,/home/lorenzo/Documenti/GitHub/HandVerify/datasets/processed-handwritten/iam_processed/000/a01-020u.png,genuine,0.6601765751838684,0.8423718214035034,-0.182195246219635,false_reject
/home/lorenzo/Documenti/GitHub/HandVerify/datasets/processed-handwritten/iam_processed/209/d07-096.png,/home/lorenzo/Documenti/GitHub/HandVerify/datasets/processed-handwritten/iam_processed/585/n04-156.png,impostor,0.8667369484901428,0.8423718214035034,0.024365127086639404,false_accept
/home/lorenzo/Documenti/GitHub/HandVerify/datasets/processed-handwritten/iam_processed/000/a01-132x.png,/home/lorenzo/Documenti/GitHub/HandVerify/datasets/processed-handwritten/iam_processed/000/a05-017.png,genuine,0.6007052659988403,0.8423718214035034,-0.24166655540466309,false_reject
/home/lorenzo/Documenti/GitHub/HandVerify/datasets/processed-handwritten/iam_processed/000/a01-000u.png,/home/lorenzo/Documenti/GitHub/HandVerify/datasets/processed-handwritten/iam_processed/000/a01-122u.png,genuine,0.7342590093612671,0.8423718214035034,-0.10811281204223633,false_reject
/home/lorenzo/Documenti/GitHub/HandVerify/datasets/processed-handwritten/iam_processed/036/a02-086.png,/home/lorenzo/Documenti/GitHub/HandVerify/datasets/processed-handwritten/iam_processed/334/g06-050c.png,impostor,0.9157437682151794,0.8423718214035034,0.07337194681167603,false_accept
/home/lorenzo/Documenti/GitHub/HandVerify/datasets/processed-handwritten/iam_processed/330/g04-104.png,/home/lorenzo/Documenti/GitHub/HandVerify/datasets/processed-handwritten/iam_processed/330/g04-108.png,genuine,0.8218141794204712,0.8423718214035034,-0.020557641983032227,false_reject
/home/lorenzo/Documenti/GitHub/HandVerify/datasets/processed-handwritten/iam_processed/000/a01-043u.png,/home/lorenzo/Documenti/GitHub/HandVerify/datasets/processed-handwritten/iam_processed/000/a05-113.png,genuine,0.7687438130378723,0.8423718214035034,-0.0736280083656311,false_reject
/home/lorenzo/Documenti/GitHub/HandVerify/datasets/processed-handwritten/iam_processed/340/g06-050i.png,/home/lorenzo/Documenti/GitHub/HandVerify/datasets/processed-handwritten/iam_processed/340/g06-018i.png,genuine,0.7702971696853638,0.8423718214035034,-0.07207465171813965,false_reject
/home/lorenzo/Documenti/GitHub/HandVerify/datasets/processed-handwritten/iam_processed/551/m06-019.png,/home/lorenzo/Documenti/GitHub/HandVerify/datasets/processed-handwritten/iam_processed/583/n04-052.png,impostor,0.9276285767555237,0.8423718214035034,0.08525675535202026,false_accept
/home/lorenzo/Documenti/GitHub/HandVerify/datasets/processed-handwritten/iam_processed/199/d05-008.png,/home/lorenzo/Documenti/GitHub/HandVerify/datasets/processed-handwritten/iam_processed/644/r02-065.png,impostor,0.8629360198974609,0.8423718214035034,0.02056419849395752,false_accept
/home/lorenzo/Documenti/GitHub/HandVerify/datasets/processed-handwritten/iam_processed/000/a01-000u.png,/home/lorenzo/Documenti/GitHub/HandVerify/datasets/processed-handwritten/iam_processed/000/a01-087u.png,genuine,0.8022527694702148,0.8423718214035034,-0.040119051933288574,false_reject
/home/lorenzo/Documenti/GitHub/HandVerify/datasets/processed-handwritten/iam_processed/342/g06-042k.png,/home/lorenzo/Documenti/GitHub/HandVerify/datasets/processed-handwritten/iam_processed/342/g06-047k.png,genuine,0.8048885464668274,0.8423718214035034,-0.037483274936676025,false_reject
/home/lorenzo/Documenti/GitHub/HandVerify/datasets/processed-handwritten/iam_processed/000/a05-044.png,/home/lorenzo/Documenti/GitHub/HandVerify/datasets/processed-handwritten/iam_processed/000/a01-043u.png,genuine,0.8414216041564941,0.8423718214035034,-0.0009502172470092773,false_reject
/home/lorenzo/Documenti/GitHub/HandVerify/datasets/processed-handwritten/iam_processed/371/h02-037.png,/home/lorenzo/Documenti/GitHub/HandVerify/datasets/processed-handwritten/iam_processed/534/m02-109.png,impostor,0.9421826601028442,0.8423718214035034,0.09981083869934082,false_accept
/home/lorenzo/Documenti/GitHub/HandVerify/datasets/processed-handwritten/iam_processed/000/a01-000u.png,/home/lorenzo/Documenti/GitHub/HandVerify/datasets/processed-handwritten/iam_processed/000/a05-084.png,genuine,0.5194214582443237,0.8423718214035034,-0.3229503631591797,false_reject
/home/lorenzo/Documenti/GitHub/HandVerify/datasets/processed-handwritten/iam_processed/368/h02-024.png,/home/lorenzo/Documenti/GitHub/HandVerify/datasets/processed-handwritten/iam_processed/591/p01-168.png,impostor,0.975324273109436,0.8423718214035034,0.13295245170593262,false_accept
/home/lorenzo/Documenti/GitHub/HandVerify/datasets/processed-handwritten/iam_processed/339/g06-018h.png,/home/lorenzo/Documenti/GitHub/HandVerify/datasets/processed-handwritten/iam_processed/339/g06-050h.png,genuine,0.5468493103981018,0.8423718214035034,-0.2955225110054016,false_reject
/home/lorenzo/Documenti/GitHub/HandVerify/datasets/processed-handwritten/iam_processed/187/d04-037.png,/home/lorenzo/Documenti/GitHub/HandVerify/datasets/processed-handwritten/iam_processed/206/d06-056.png,impostor,0.9234646558761597,0.8423718214035034,0.08109283447265625,false_accept
/home/lorenzo/Documenti/GitHub/HandVerify/datasets/processed-handwritten/iam_processed/109/b04-060.png,/home/lorenzo/Documenti/GitHub/HandVerify/datasets/processed-handwritten/iam_processed/256/f01-143.png,impostor,0.9433473944664001,0.8423718214035034,0.10097557306289673,false_accept
/home/lorenzo/Documenti/GitHub/HandVerify/datasets/processed-handwritten/iam_processed/000/a01-102u.png,/home/lorenzo/Documenti/GitHub/HandVerify/datasets/processed-handwritten/iam_processed/000/a05-099.png,genuine,0.7467515468597412,0.8423718214035034,-0.09562027454376221,false_reject
/home/lorenzo/Documenti/GitHub/HandVerify/datasets/processed-handwritten/iam_processed/259/f02-033.png,/home/lorenzo/Documenti/GitHub/HandVerify/datasets/processed-handwritten/iam_processed/483/l04-062.png,impostor,0.9425322413444519,0.8423718214035034,0.10016041994094849,false_accept
/home/lorenzo/Documenti/GitHub/HandVerify/datasets/processed-handwritten/iam_processed/335/g06-018d.png,/home/lorenzo/Documenti/GitHub/HandVerify/datasets/processed-handwritten/iam_processed/335/g06-026d.png,genuine,0.8295518159866333,0.8423718214035034,-0.012820005416870117,false_reject
/home/lorenzo/Documenti/GitHub/HandVerify/datasets/processed-handwritten/iam_processed/000/a01-058u.png,/home/lorenzo/Documenti/GitHub/HandVerify/datasets/processed-handwritten/iam_processed/000/a05-013.png,genuine,0.8204799294471741,0.8423718214035034,-0.021891891956329346,false_reject
/home/lorenzo/Documenti/GitHub/HandVerify/datasets/processed-handwritten/iam_processed/000/a01-058u.png,/home/lorenzo/Documenti/GitHub/HandVerify/datasets/processed-handwritten/iam_processed/000/a05-058.png,genuine,0.7353278398513794,0.8423718214035034,-0.10704398155212402,false_reject
/home/lorenzo/Documenti/GitHub/HandVerify/datasets/processed-handwritten/iam_processed/217/f01-139.png,/home/lorenzo/Documenti/GitHub/HandVerify/datasets/processed-handwritten/iam_processed/217/e01-119.png,genuine,0.5672218203544617,0.8423718214035034,-0.27515000104904175,false_reject
/home/lorenzo/Documenti/GitHub/HandVerify/datasets/processed-handwritten/iam_processed/150/c03-000a.png,/home/lorenzo/Documenti/GitHub/HandVerify/datasets/processed-handwritten/iam_processed/497/l07-135.png,impostor,0.9288704991340637,0.8423718214035034,0.0864986777305603,false_accept
/home/lorenzo/Documenti/GitHub/HandVerify/datasets/processed-handwritten/iam_processed/018/a01-113.png,/home/lorenzo/Documenti/GitHub/HandVerify/datasets/processed-handwritten/iam_processed/204/d06-011.png,impostor,0.9587352275848389,0.8423718214035034,0.11636340618133545,false_accept
/home/lorenzo/Documenti/GitHub/HandVerify/datasets/processed-handwritten/iam_processed/044/a03-017.png,/home/lorenzo/Documenti/GitHub/HandVerify/datasets/processed-handwritten/iam_processed/563/n02-040.png,impostor,0.8746904134750366,0.8423718214035034,0.0323185920715332,false_accept
/home/lorenzo/Documenti/GitHub/HandVerify/datasets/processed-handwritten/iam_processed/009/a01-026.png,/home/lorenzo/Documenti/GitHub/HandVerify/datasets/processed-handwritten/iam_processed/315/n02-120.png,impostor,0.920965313911438,0.8423718214035034,0.07859349250793457,false_accept
/home/lorenzo/Documenti/GitHub/HandVerify/datasets/processed-handwritten/iam_processed/343/g06-026l.png,/home/lorenzo/Documenti/GitHub/HandVerify/datasets/processed-handwritten/iam_processed/517/m01-136.png,impostor,0.848304271697998,0.8423718214035034,0.005932450294494629,false_accept
/home/lorenzo/Documenti/GitHub/HandVerify/datasets/processed-handwritten/iam_processed/153/c03-016d.png,/home/lorenzo/Documenti/GitHub/HandVerify/datasets/processed-handwritten/iam_processed/648/r02-081.png,impostor,0.88946533203125,0.8423718214035034,0.04709351062774658,false_accept
/home/lorenzo/Documenti/GitHub/HandVerify/datasets/processed-handwritten/iam_processed/231/e04-015.png,/home/lorenzo/Documenti/GitHub/HandVerify/datasets/processed-handwritten/iam_processed/403/j04-024.png,impostor,0.9352846145629883,0.8423718214035034,0.09291279315948486,false_accept
/home/lorenzo/Documenti/GitHub/HandVerify/datasets/processed-handwritten/iam_processed/246/e07-012.png,/home/lorenzo/Documenti/GitHub/HandVerify/datasets/processed-handwritten/iam_processed/293/f07-088b.png,impostor,0.966952919960022,0.8423718214035034,0.12458109855651855,false_accept
/home/lorenzo/Documenti/GitHub/HandVerify/datasets/processed-handwritten/iam_processed/003/a01-007x.png,/home/lorenzo/Documenti/GitHub/HandVerify/datasets/processed-handwritten/iam_processed/601/p02-105.png,impostor,0.9156540632247925,0.8423718214035034,0.07328224182128906,false_accept
/home/lorenzo/Documenti/GitHub/HandVerify/datasets/processed-handwritten/iam_processed/000/a01-058u.png,/home/lorenzo/Documenti/GitHub/HandVerify/datasets/processed-handwritten/iam_processed/000/a01-049x.png,genuine,0.6199421286582947,0.8423718214035034,-0.22242969274520874,false_reject
/home/lorenzo/Documenti/GitHub/HandVerify/datasets/processed-handwritten/iam_processed/274/f04-020.png,/home/lorenzo/Documenti/GitHub/HandVerify/datasets/processed-handwritten/iam_processed/274/g04-017.png,genuine,0.7909637689590454,0.8423718214035034,-0.05140805244445801,false_reject
/home/lorenzo/Documenti/GitHub/HandVerify/datasets/processed-handwritten/iam_processed/000/a05-017.png,/home/lorenzo/Documenti/GitHub/HandVerify/datasets/processed-handwritten/iam_processed/000/a01-043u.png,genuine,0.7726424932479858,0.8423718214035034,-0.06972932815551758,false_reject
/home/lorenzo/Documenti/GitHub/HandVerify/datasets/processed-handwritten/iam_processed/000/a05-104.png,/home/lorenzo/Documenti/GitHub/HandVerify/datasets/processed-handwritten/iam_processed/000/a01-003u.png,genuine,0.7204031944274902,0.8423718214035034,-0.12196862697601318,false_reject
/home/lorenzo/Documenti/GitHub/HandVerify/datasets/processed-handwritten/iam_processed/000/a05-053.png,/home/lorenzo/Documenti/GitHub/HandVerify/datasets/processed-handwritten/iam_processed/000/a01-026u.png,genuine,0.8236715197563171,0.8423718214035034,-0.01870030164718628,false_reject
/home/lorenzo/Documenti/GitHub/HandVerify/datasets/processed-handwritten/iam_processed/000/a01-102u.png,/home/lorenzo/Documenti/GitHub/HandVerify/datasets/processed-handwritten/iam_processed/000/a05-116.png,genuine,0.7330317497253418,0.8423718214035034,-0.10934007167816162,false_reject
/home/lorenzo/Documenti/GitHub/HandVerify/datasets/processed-handwritten/iam_processed/208/e06-053.png,/home/lorenzo/Documenti/GitHub/HandVerify/datasets/processed-handwritten/iam_processed/457/l01-000.png,impostor,0.9870879650115967,0.8423718214035034,0.14471614360809326,false_accept
/home/lorenzo/Documenti/GitHub/HandVerify/datasets/processed-handwritten/iam_processed/000/a01-063u.png,/home/lorenzo/Documenti/GitHub/HandVerify/datasets/processed-handwritten/iam_processed/000/a01-049x.png,genuine,0.5916342735290527,0.8423718214035034,-0.2507375478744507,false_reject
/home/lorenzo/Documenti/GitHub/HandVerify/datasets/processed-handwritten/iam_processed/055/a03-063.png,/home/lorenzo/Documenti/GitHub/HandVerify/datasets/processed-handwritten/iam_processed/130/b06-079.png,impostor,0.9404178261756897,0.8423718214035034,0.09804600477218628,false_accept
/home/lorenzo/Documenti/GitHub/HandVerify/datasets/processed-handwritten/iam_processed/014/a01-058x.png,/home/lorenzo/Documenti/GitHub/HandVerify/datasets/processed-handwritten/iam_processed/068/a06-014.png,impostor,0.987402617931366,0.8423718214035034,0.14503079652786255,false_accept
/home/lorenzo/Documenti/GitHub/HandVerify/datasets/processed-handwritten/iam_processed/037/a03-047.png,/home/lorenzo/Documenti/GitHub/HandVerify/datasets/processed-handwritten/iam_processed/118/b05-067.png,impostor,0.9032083749771118,0.8423718214035034,0.0608365535736084,false_accept
/home/lorenzo/Documenti/GitHub/HandVerify/datasets/processed-handwritten/iam_processed/000/a05-073.png,/home/lorenzo/Documenti/GitHub/HandVerify/datasets/processed-handwritten/iam_processed/000/a01-003u.png,genuine,0.8394238948822021,0.8423718214035034,-0.0029479265213012695,false_reject
/home/lorenzo/Documenti/GitHub/HandVerify/datasets/processed-handwritten/iam_processed/179/d01-080.png,/home/lorenzo/Documenti/GitHub/HandVerify/datasets/processed-handwritten/iam_processed/244/e07-003.png,impostor,0.8906543254852295,0.8423718214035034,0.048282504081726074,false_accept
/home/lorenzo/Documenti/GitHub/HandVerify/datasets/processed-handwritten/iam_processed/153/c03-096d.png,/home/lorenzo/Documenti/GitHub/HandVerify/datasets/processed-handwritten/iam_processed/475/l01-199.png,impostor,0.9474433660507202,0.8423718214035034,0.1050715446472168,false_accept
/home/lorenzo/Documenti/GitHub/HandVerify/datasets/processed-handwritten/iam_processed/000/a01-000u.png,/home/lorenzo/Documenti/GitHub/HandVerify/datasets/processed-handwritten/iam_processed/000/a05-048.png,genuine,0.5728714466094971,0.8423718214035034,-0.26950037479400635,false_reject
/home/lorenzo/Documenti/GitHub/HandVerify/datasets/processed-handwritten/iam_processed/044/a03-017.png,/home/lorenzo/Documenti/GitHub/HandVerify/datasets/processed-handwritten/iam_processed/536/m03-006.png,impostor,0.8663461804389954,0.8423718214035034,0.023974359035491943,false_accept
/home/lorenzo/Documenti/GitHub/HandVerify/datasets/processed-handwritten/iam_processed/152/c03-021c.png,/home/lorenzo/Documenti/GitHub/HandVerify/datasets/processed-handwritten/iam_processed/204/d06-107.png,impostor,0.9578940868377686,0.8423718214035034,0.11552226543426514,false_accept
/home/lorenzo/Documenti/GitHub/HandVerify/datasets/processed-handwritten/iam_processed/000/a01-132x.png,/home/lorenzo/Documenti/GitHub/HandVerify/datasets/processed-handwritten/iam_processed/000/a05-025.png,genuine,0.623641848564148,0.8423718214035034,-0.21872997283935547,false_reject
/home/lorenzo/Documenti/GitHub/HandVerify/datasets/processed-handwritten/iam_processed/064/a04-096.png,/home/lorenzo/Documenti/GitHub/HandVerify/datasets/processed-handwritten/iam_processed/384/h06-092.png,impostor,0.9471408128738403,0.8423718214035034,0.10476899147033691,false_accept
/home/lorenzo/Documenti/GitHub/HandVerify/datasets/processed-handwritten/iam_processed/000/a05-029.png,/home/lorenzo/Documenti/GitHub/HandVerify/datasets/processed-handwritten/iam_processed/000/a01-014u.png,genuine,0.8068082928657532,0.8423718214035034,-0.035563528537750244,false_reject
/home/lorenzo/Documenti/GitHub/HandVerify/datasets/processed-handwritten/iam_processed/239/e04-083.png,/home/lorenzo/Documenti/GitHub/HandVerify/datasets/processed-handwritten/iam_processed/551/n06-156.png,impostor,0.8464850187301636,0.8423718214035034,0.004113197326660156,false_accept
/home/lorenzo/Documenti/GitHub/HandVerify/datasets/processed-handwritten/iam_processed/000/a01-107u.png,/home/lorenzo/Documenti/GitHub/HandVerify/datasets/processed-handwritten/iam_processed/000/a01-003u.png,genuine,0.8349052667617798,0.8423718214035034,-0.007466554641723633,false_reject
/home/lorenzo/Documenti/GitHub/HandVerify/datasets/processed-handwritten/iam_processed/058/a04-003.png,/home/lorenzo/Documenti/GitHub/HandVerify/datasets/processed-handwritten/iam_processed/395/j01-049.png,impostor,0.850840151309967,0.8423718214035034,0.008468329906463623,false_accept
/home/lorenzo/Documenti/GitHub/HandVerify/datasets/processed-handwritten/iam_processed/258/f02-003.png,/home/lorenzo/Documenti/GitHub/HandVerify/datasets/processed-handwritten/iam_processed/539/m03-033.png,impostor,0.9107804894447327,0.8423718214035034,0.06840866804122925,false_accept
/home/lorenzo/Documenti/GitHub/HandVerify/datasets/processed-handwritten/iam_processed/114/b04-195.png,/home/lorenzo/Documenti/GitHub/HandVerify/datasets/processed-handwritten/iam_processed/384/h06-096.png,impostor,0.8518617153167725,0.8423718214035034,0.009489893913269043,false_accept
/home/lorenzo/Documenti/GitHub/HandVerify/datasets/processed-handwritten/iam_processed/339/g06-018h.png,/home/lorenzo/Documenti/GitHub/HandVerify/datasets/processed-handwritten/iam_processed/353/g07-038.png,impostor,0.8895738124847412,0.8423718214035034,0.04720199108123779,false_accept
/home/lorenzo/Documenti/GitHub/HandVerify/datasets/processed-handwritten/iam_processed/000/a05-044.png,/home/lorenzo/Documenti/GitHub/HandVerify/datasets/processed-handwritten/iam_processed/000/a01-000u.png,genuine,0.5756350755691528,0.8423718214035034,-0.2667367458343506,false_reject
/home/lorenzo/Documenti/GitHub/HandVerify/datasets/processed-handwritten/iam_processed/378/h04-049.png,/home/lorenzo/Documenti/GitHub/HandVerify/datasets/processed-handwritten/iam_processed/588/n06-074.png,impostor,0.9914499521255493,0.8423718214035034,0.1490781307220459,false_accept
/home/lorenzo/Documenti/GitHub/HandVerify/datasets/processed-handwritten/iam_processed/233/e04-026.png,/home/lorenzo/Documenti/GitHub/HandVerify/datasets/processed-handwritten/iam_processed/544/m04-024.png,impostor,0.8586500883102417,0.8423718214035034,0.01627826690673828,false_accept
/home/lorenzo/Documenti/GitHub/HandVerify/datasets/processed-handwritten/iam_processed/000/a01-082u.png,/home/lorenzo/Documenti/GitHub/HandVerify/datasets/processed-handwritten/iam_processed/000/a01-049x.png,genuine,0.7105631828308105,0.8423718214035034,-0.13180863857269287,false_reject
/home/lorenzo/Documenti/GitHub/HandVerify/datasets/processed-handwritten/iam_processed/354/g07-069a.png,/home/lorenzo/Documenti/GitHub/HandVerify/datasets/processed-handwritten/iam_processed/471/l01-173.png,impostor,0.8535469770431519,0.8423718214035034,0.011175155639648438,false_accept
/home/lorenzo/Documenti/GitHub/HandVerify/datasets/processed-handwritten/iam_processed/239/k04-017.png,/home/lorenzo/Documenti/GitHub/HandVerify/datasets/processed-handwritten/iam_processed/239/g04-003.png,genuine,0.8252655863761902,0.8423718214035034,-0.017106235027313232,false_reject
/home/lorenzo/Documenti/GitHub/HandVerify/datasets/processed-handwritten/iam_processed/066/a06-004.png,/home/lorenzo/Documenti/GitHub/HandVerify/datasets/processed-handwritten/iam_processed/153/c03-007d.png,impostor,0.8600462079048157,0.8423718214035034,0.017674386501312256,false_accept
/home/lorenzo/Documenti/GitHub/HandVerify/datasets/processed-handwritten/iam_processed/125/b06-093.png,/home/lorenzo/Documenti/GitHub/HandVerify/datasets/processed-handwritten/iam_processed/442/k04-033.png,impostor,0.8851995468139648,0.8423718214035034,0.042827725410461426,false_accept
/home/lorenzo/Documenti/GitHub/HandVerify/datasets/processed-handwritten/iam_processed/623/p03-080.png,/home/lorenzo/Documenti/GitHub/HandVerify/datasets/processed-handwritten/iam_processed/635/r06-007.png,impostor,0.8443886041641235,0.8423718214035034,0.002016782760620117,false_accept
/home/lorenzo/Documenti/GitHub/HandVerify/datasets/processed-handwritten/iam_processed/449/k04-106.png,/home/lorenzo/Documenti/GitHub/HandVerify/datasets/processed-handwritten/iam_processed/648/r02-081.png,impostor,0.9753462672233582,0.8423718214035034,0.13297444581985474,false_accept
/home/lorenzo/Documenti/GitHub/HandVerify/datasets/processed-handwritten/iam_processed/090/b01-053.png,/home/lorenzo/Documenti/GitHub/HandVerify/datasets/processed-handwritten/iam_processed/090/b01-049.png,genuine,0.8202413320541382,0.8423718214035034,-0.022130489349365234,false_reject
/home/lorenzo/Documenti/GitHub/HandVerify/datasets/processed-handwritten/iam_processed/000/a01-049x.png,/home/lorenzo/Documenti/GitHub/HandVerify/datasets/processed-handwritten/iam_processed/000/a01-072u.png,genuine,0.6853863596916199,0.8423718214035034,-0.15698546171188354,false_reject
/home/lorenzo/Documenti/GitHub/HandVerify/datasets/processed-handwritten/iam_processed/089/b01-033.png,/home/lorenzo/Documenti/GitHub/HandVerify/datasets/processed-handwritten/iam_processed/431/k03-117.png,impostor,0.9699150919914246,0.8423718214035034,0.12754327058792114,false_accept
/home/lorenzo/Documenti/GitHub/HandVerify/datasets/processed-handwritten/iam_processed/135/c01-014.png,/home/lorenzo/Documenti/GitHub/HandVerify/datasets/processed-handwritten/iam_processed/150/c03-081a.png,impostor,0.8911519050598145,0.8423718214035034,0.048780083656311035,false_accept
/home/lorenzo/Documenti/GitHub/HandVerify/datasets/processed-handwritten/iam_processed/017/b01-062.png,/home/lorenzo/Documenti/GitHub/HandVerify/datasets/processed-handwritten/iam_processed/496/l07-103.png,impostor,0.8917739391326904,0.8423718214035034,0.04940211772918701,false_accept
/home/lorenzo/Documenti/GitHub/HandVerify/datasets/processed-handwritten/iam_processed/338/g06-026g.png,/home/lorenzo/Documenti/GitHub/HandVerify/datasets/processed-handwritten/iam_processed/583/n04-052.png,impostor,0.9459378719329834,0.8423718214035034,0.10356605052947998,false_accept
/home/lorenzo/Documenti/GitHub/HandVerify/datasets/processed-handwritten/iam_processed/000/a01-132x.png,/home/lorenzo/Documenti/GitHub/HandVerify/datasets/processed-handwritten/iam_processed/000/a05-121.png,genuine,0.6595422029495239,0.8423718214035034,-0.1828296184539795,false_reject
/home/lorenzo/Documenti/GitHub/HandVerify/datasets/processed-handwritten/iam_processed/000/a01-000u.png,/home/lorenzo/Documenti/GitHub/HandVerify/datasets/processed-handwritten/iam_processed/000/a05-058.png,genuine,0.5320850610733032,0.8423718214035034,-0.3102867603302002,false_reject
/home/lorenzo/Documenti/GitHub/HandVerify/datasets/processed-handwritten/iam_processed/332/g06-047a.png,/home/lorenzo/Documenti/GitHub/HandVerify/datasets/processed-handwritten/iam_processed/581/n03-126.png,impostor,0.8667663335800171,0.8423718214035034,0.024394512176513672,false_accept
/home/lorenzo/Documenti/GitHub/HandVerify/datasets/processed-handwritten/iam_processed/000/a01-132x.png,/home/lorenzo/Documenti/GitHub/HandVerify/datasets/processed-handwritten/iam_processed/000/a05-080.png,genuine,0.6939027309417725,0.8423718214035034,-0.14846909046173096,false_reject
/home/lorenzo/Documenti/GitHub/HandVerify/datasets/processed-handwritten/iam_processed/242/e04-114.png,/home/lorenzo/Documenti/GitHub/HandVerify/datasets/processed-handwritten/iam_processed/242/e04-103.png,genuine,0.6291444897651672,0.8423718214035034,-0.21322733163833618,false_reject
/home/lorenzo/Documenti/GitHub/HandVerify/datasets/processed-handwritten/iam_processed/000/a01-000u.png,/home/lorenzo/Documenti/GitHub/HandVerify/datasets/processed-handwritten/iam_processed/000/a05-104.png,genuine,0.4909141957759857,0.8423718214035034,-0.3514576256275177,false_reject
/home/lorenzo/Documenti/GitHub/HandVerify/datasets/processed-handwritten/iam_processed/334/g06-050c.png,/home/lorenzo/Documenti/GitHub/HandVerify/datasets/processed-handwritten/iam_processed/334/g06-011c.png,genuine,0.6255154013633728,0.8423718214035034,-0.21685642004013062,false_reject
/home/lorenzo/Documenti/GitHub/HandVerify/datasets/processed-handwritten/iam_processed/000/a01-058u.png,/home/lorenzo/Documenti/GitHub/HandVerify/datasets/processed-handwritten/iam_processed/000/a05-084.png,genuine,0.7213150858879089,0.8423718214035034,-0.12105673551559448,false_reject
/home/lorenzo/Documenti/GitHub/HandVerify/datasets/processed-handwritten/iam_processed/000/a01-132x.png,/home/lorenzo/Documenti/GitHub/HandVerify/datasets/processed-handwritten/iam_processed/000/a05-069.png,genuine,0.614678144454956,0.8423718214035034,-0.22769367694854736,false_reject
/home/lorenzo/Documenti/GitHub/HandVerify/datasets/processed-handwritten/iam_processed/000/a01-068u.png,/home/lorenzo/Documenti/GitHub/HandVerify/datasets/processed-handwritten/iam_processed/000/a05-017.png,genuine,0.8229261040687561,0.8423718214035034,-0.019445717334747314,false_reject
/home/lorenzo/Documenti/GitHub/HandVerify/datasets/processed-handwritten/iam_processed/018/a01-113.png,/home/lorenzo/Documenti/GitHub/HandVerify/datasets/processed-handwritten/iam_processed/580/n03-120.png,impostor,0.984606146812439,0.8423718214035034,0.14223432540893555,false_accept
/home/lorenzo/Documenti/GitHub/HandVerify/datasets/processed-handwritten/iam_processed/000/a05-121.png,/home/lorenzo/Documenti/GitHub/HandVerify/datasets/processed-handwritten/iam_processed/000/a01-007u.png,genuine,0.7645838260650635,0.8423718214035034,-0.07778799533843994,false_reject
/home/lorenzo/Documenti/GitHub/HandVerify/datasets/processed-handwritten/iam_processed/000/a01-049u.png,/home/lorenzo/Documenti/GitHub/HandVerify/datasets/processed-handwritten/iam_processed/000/a01-132x.png,genuine,0.6650850772857666,0.8423718214035034,-0.17728674411773682,false_reject
/home/lorenzo/Documenti/GitHub/HandVerify/datasets/processed-handwritten/iam_processed/411/j04-094.png,/home/lorenzo/Documenti/GitHub/HandVerify/datasets/processed-handwritten/iam_processed/670/r06-070.png,impostor,0.9106941223144531,0.8423718214035034,0.06832230091094971,false_accept
/home/lorenzo/Documenti/GitHub/HandVerify/datasets/processed-handwritten/iam_processed/009/a01-020.png,/home/lorenzo/Documenti/GitHub/HandVerify/datasets/processed-handwritten/iam_processed/449/k04-106.png,impostor,0.9048137068748474,0.8423718214035034,0.062441885471343994,false_accept
/home/lorenzo/Documenti/GitHub/HandVerify/datasets/processed-handwritten/iam_processed/000/a01-043u.png,/home/lorenzo/Documenti/GitHub/HandVerify/datasets/processed-handwritten/iam_processed/000/a05-099.png,genuine,0.7957183718681335,0.8423718214035034,-0.04665344953536987,false_reject
/home/lorenzo/Documenti/GitHub/HandVerify/datasets/processed-handwritten/iam_processed/000/a01-132x.png,/home/lorenzo/Documenti/GitHub/HandVerify/datasets/processed-handwritten/iam_processed/000/a01-117u.png,genuine,0.6476961374282837,0.8423718214035034,-0.19467568397521973,false_reject
/home/lorenzo/Documenti/GitHub/HandVerify/datasets/processed-handwritten/iam_processed/584/n04-092.png,/home/lorenzo/Documenti/GitHub/HandVerify/datasets/processed-handwritten/iam_processed/585/n04-139.png,impostor,0.9363739490509033,0.8423718214035034,0.0940021276473999,false_accept
/home/lorenzo/Documenti/GitHub/HandVerify/datasets/processed-handwritten/iam_processed/357/h01-018.png,/home/lorenzo/Documenti/GitHub/HandVerify/datasets/processed-handwritten/iam_processed/357/h01-014.png,genuine,0.52239590883255,0.8423718214035034,-0.31997591257095337,false_reject
/home/lorenzo/Documenti/GitHub/HandVerify/datasets/processed-handwritten/iam_processed/003/a01-007x.png,/home/lorenzo/Documenti/GitHub/HandVerify/datasets/processed-handwritten/iam_processed/558/n01-057.png,impostor,0.8599585294723511,0.8423718214035034,0.017586708068847656,false_accept
/home/lorenzo/Documenti/GitHub/HandVerify/datasets/processed-handwritten/iam_processed/073/a06-044.png,/home/lorenzo/Documenti/GitHub/HandVerify/datasets/processed-handwritten/iam_processed/350/g07-007b.png,impostor,0.8919533491134644,0.8423718214035034,0.04958152770996094,false_accept
/home/lorenzo/Documenti/GitHub/HandVerify/datasets/processed-handwritten/iam_processed/000/a01-049x.png,/home/lorenzo/Documenti/GitHub/HandVerify/datasets/processed-handwritten/iam_processed/000/a01-003u.png,genuine,0.5440257787704468,0.8423718214035034,-0.29834604263305664,false_reject
/home/lorenzo/Documenti/GitHub/HandVerify/datasets/processed-handwritten/iam_processed/000/a05-039.png,/home/lorenzo/Documenti/GitHub/HandVerify/datasets/processed-handwritten/iam_processed/000/a01-014u.png,genuine,0.8176296949386597,0.8423718214035034,-0.02474212646484375,false_reject
/home/lorenzo/Documenti/GitHub/HandVerify/datasets/processed-handwritten/iam_processed/233/e04-030.png,/home/lorenzo/Documenti/GitHub/HandVerify/datasets/processed-handwritten/iam_processed/583/n04-068.png,impostor,0.9033465385437012,0.8423718214035034,0.060974717140197754,false_accept
/home/lorenzo/Documenti/GitHub/HandVerify/datasets/processed-handwritten/iam_processed/212/e01-035.png,/home/lorenzo/Documenti/GitHub/HandVerify/datasets/processed-handwritten/iam_processed/355/h07-011.png,impostor,0.9063666462898254,0.8423718214035034,0.06399482488632202,false_accept
/home/lorenzo/Documenti/GitHub/HandVerify/datasets/processed-handwritten/iam_processed/315/n02-114.png,/home/lorenzo/Documenti/GitHub/HandVerify/datasets/processed-handwritten/iam_processed/385/h07-023.png,impostor,0.947571873664856,0.8423718214035034,0.10520005226135254,false_accept
/home/lorenzo/Documenti/GitHub/HandVerify/datasets/processed-handwritten/iam_processed/017/b01-062.png,/home/lorenzo/Documenti/GitHub/HandVerify/datasets/processed-handwritten/iam_processed/555/n01-045.png,impostor,0.9566143751144409,0.8423718214035034,0.1142425537109375,false_accept
/home/lorenzo/Documenti/GitHub/HandVerify/datasets/processed-handwritten/iam_processed/000/a01-082u.png,/home/lorenzo/Documenti/GitHub/HandVerify/datasets/processed-handwritten/iam_processed/000/a05-113.png,genuine,0.8352839946746826,0.8423718214035034,-0.007087826728820801,false_reject
/home/lorenzo/Documenti/GitHub/HandVerify/datasets/processed-handwritten/iam_processed/060/a04-043.png,/home/lorenzo/Documenti/GitHub/HandVerify/datasets/processed-handwritten/iam_processed/544/m04-000.png,impostor,0.9920583367347717,0.8423718214035034,0.1496865153312683,false_accept
/home/lorenzo/Documenti/GitHub/HandVerify/datasets/processed-handwritten/iam_processed/561/n02-028.png,/home/lorenzo/Documenti/GitHub/HandVerify/datasets/processed-handwritten/iam_processed/619/p03-040.png,impostor,0.9214528203010559,0.8423718214035034,0.07908099889755249,false_accept
/home/lorenzo/Documenti/GitHub/HandVerify/datasets/processed-handwritten/iam_processed/000/a01-003u.png,/home/lorenzo/Documenti/GitHub/HandVerify/datasets/processed-handwritten/iam_processed/000/a05-116.png,genuine,0.7137559652328491,0.8423718214035034,-0.1286158561706543,false_reject
/home/lorenzo/Documenti/GitHub/HandVerify/datasets/processed-handwritten/iam_processed/000/a01-007u.png,/home/lorenzo/Documenti/GitHub/HandVerify/datasets/processed-handwritten/iam_processed/000/a03-073.png,genuine,0.8216199278831482,0.8423718214035034,-0.020751893520355225,false_reject
/home/lorenzo/Documenti/GitHub/HandVerify/datasets/processed-handwritten/iam_processed/000/a03-089.png,/home/lorenzo/Documenti/GitHub/HandVerify/datasets/processed-handwritten/iam_processed/000/a01-049x.png,genuine,0.8248699307441711,0.8423718214035034,-0.017501890659332275,false_reject
/home/lorenzo/Documenti/GitHub/HandVerify/datasets/processed-handwritten/iam_processed/551/n06-156.png,/home/lorenzo/Documenti/GitHub/HandVerify/datasets/processed-handwritten/iam_processed/565/n02-062.png,impostor,0.9575210809707642,0.8423718214035034,0.11514925956726074,false_accept
/home/lorenzo/Documenti/GitHub/HandVerify/datasets/processed-handwritten/iam_processed/000/a01-049x.png,/home/lorenzo/Documenti/GitHub/HandVerify/datasets/processed-handwritten/iam_processed/000/a01-014u.png,genuine,0.7736751437187195,0.8423718214035034,-0.06869667768478394,false_reject
/home/lorenzo/Documenti/GitHub/HandVerify/datasets/processed-handwritten/iam_processed/109/b04-054.png,/home/lorenzo/Documenti/GitHub/HandVerify/datasets/processed-handwritten/iam_processed/538/m03-020.png,impostor,0.9569138884544373,0.8423718214035034,0.11454206705093384,false_accept
/home/lorenzo/Documenti/GitHub/HandVerify/datasets/processed-handwritten/iam_processed/334/g06-018c.png,/home/lorenzo/Documenti/GitHub/HandVerify/datasets/processed-handwritten/iam_processed/334/g06-047c.png,genuine,0.7154290676116943,0.8423718214035034,-0.12694275379180908,false_reject
/home/lorenzo/Documenti/GitHub/HandVerify/datasets/processed-handwritten/iam_processed/000/a01-011u.png,/home/lorenzo/Documenti/GitHub/HandVerify/datasets/processed-handwritten/iam_processed/000/a05-017.png,genuine,0.8335203528404236,0.8423718214035034,-0.008851468563079834,false_reject
/home/lorenzo/Documenti/GitHub/HandVerify/datasets/processed-handwritten/iam_processed/346/g06-011o.png,/home/lorenzo/Documenti/GitHub/HandVerify/datasets/processed-handwritten/iam_processed/387/h07-028a.png,impostor,0.9602674245834351,0.8423718214035034,0.11789560317993164,false_accept
/home/lorenzo/Documenti/GitHub/HandVerify/datasets/processed-handwritten/iam_processed/000/a01-068u.png,/home/lorenzo/Documenti/GitHub/HandVerify/datasets/processed-handwritten/iam_processed/000/a01-049x.png,genuine,0.6904790997505188,0.8423718214035034,-0.15189272165298462,false_reject
/home/lorenzo/Documenti/GitHub/HandVerify/datasets/processed-handwritten/iam_processed/000/a01-020u.png,/home/lorenzo/Documenti/GitHub/HandVerify/datasets/processed-handwritten/iam_processed/000/a05-099.png,genuine,0.8128892183303833,0.8423718214035034,-0.029482603073120117,false_reject
/home/lorenzo/Documenti/GitHub/HandVerify/datasets/processed-handwritten/iam_processed/000/a05-053.png,/home/lorenzo/Documenti/GitHub/HandVerify/datasets/processed-handwritten/iam_processed/000/a01-049x.png,genuine,0.7911475300788879,0.8423718214035034,-0.05122429132461548,false_reject
/home/lorenzo/Documenti/GitHub/HandVerify/datasets/processed-handwritten/iam_processed/175/d01-016.png,/home/lorenzo/Documenti/GitHub/HandVerify/datasets/processed-handwritten/iam_processed/509/m01-079.png,impostor,0.845553994178772,0.8423718214035034,0.0031821727752685547,false_accept
/home/lorenzo/Documenti/GitHub/HandVerify/datasets/processed-handwritten/iam_processed/000/a01-058u.png,/home/lorenzo/Documenti/GitHub/HandVerify/datasets/processed-handwritten/iam_processed/000/a05-025.png,genuine,0.7909688949584961,0.8423718214035034,-0.051402926445007324,false_reject
/home/lorenzo/Documenti/GitHub/HandVerify/datasets/processed-handwritten/iam_processed/386/h07-037.png,/home/lorenzo/Documenti/GitHub/HandVerify/datasets/processed-handwritten/iam_processed/549/m04-190.png,impostor,0.9690777063369751,0.8423718214035034,0.12670588493347168,false_accept
/home/lorenzo/Documenti/GitHub/HandVerify/datasets/processed-handwritten/iam_processed/000/a01-058u.png,/home/lorenzo/Documenti/GitHub/HandVerify/datasets/processed-handwritten/iam_processed/000/a05-048.png,genuine,0.7628222107887268,0.8423718214035034,-0.07954961061477661,false_reject
/home/lorenzo/Documenti/GitHub/HandVerify/datasets/processed-handwritten/iam_processed/000/a01-020u.png,/home/lorenzo/Documenti/GitHub/HandVerify/datasets/processed-handwritten/iam_processed/000/a05-108.png,genuine,0.8398590087890625,0.8423718214035034,-0.002512812614440918,false_reject
/home/lorenzo/Documenti/GitHub/HandVerify/datasets/processed-handwritten/iam_processed/343/g06-011l.png,/home/lorenzo/Documenti/GitHub/HandVerify/datasets/processed-handwritten/iam_processed/588/n06-140.png,impostor,0.9369423389434814,0.8423718214035034,0.09457051753997803,false_accept
/home/lorenzo/Documenti/GitHub/HandVerify/datasets/processed-handwritten/iam_processed/379/h04-055.png,/home/lorenzo/Documenti/GitHub/HandVerify/datasets/processed-handwritten/iam_processed/585/n04-130.png,impostor,0.8793541789054871,0.8423718214035034,0.03698235750198364,false_accept
/home/lorenzo/Documenti/GitHub/HandVerify/datasets/processed-handwritten/iam_processed/003/a01-003x.png,/home/lorenzo/Documenti/GitHub/HandVerify/datasets/processed-handwritten/iam_processed/131/c06-095.png,impostor,0.9894405007362366,0.8423718214035034,0.14706867933273315,false_accept
/home/lorenzo/Documenti/GitHub/HandVerify/datasets/processed-handwritten/iam_processed/337/g06-050f.png,/home/lorenzo/Documenti/GitHub/HandVerify/datasets/processed-handwritten/iam_processed/337/g06-037f.png,genuine,0.7976877689361572,0.8423718214035034,-0.04468405246734619,false_reject
/home/lorenzo/Documenti/GitHub/HandVerify/datasets/processed-handwritten/iam_processed/000/a01-102u.png,/home/lorenzo/Documenti/GitHub/HandVerify/datasets/processed-handwritten/iam_processed/000/a05-125.png,genuine,0.761341392993927,0.8423718214035034,-0.08103042840957642,false_reject
/home/lorenzo/Documenti/GitHub/HandVerify/datasets/processed-handwritten/iam_processed/000/a01-063u.png,/home/lorenzo/Documenti/GitHub/HandVerify/datasets/processed-handwritten/iam_processed/000/a05-099.png,genuine,0.7639670968055725,0.8423718214035034,-0.07840472459793091,false_reject
/home/lorenzo/Documenti/GitHub/HandVerify/datasets/processed-handwritten/iam_processed/000/a05-084.png,/home/lorenzo/Documenti/GitHub/HandVerify/datasets/processed-handwritten/iam_processed/000/a01-030u.png,genuine,0.8145919442176819,0.8423718214035034,-0.027779877185821533,false_reject
/home/lorenzo/Documenti/GitHub/HandVerify/datasets/processed-handwritten/iam_processed/363/h02-008.png,/home/lorenzo/Documenti/GitHub/HandVerify/datasets/processed-handwritten/iam_processed/585/n04-156.png,impostor,0.9045450687408447,0.8423718214035034,0.06217324733734131,false_accept
/home/lorenzo/Documenti/GitHub/HandVerify/datasets/processed-handwritten/iam_processed/307/g02-073.png,/home/lorenzo/Documenti/GitHub/HandVerify/datasets/processed-handwritten/iam_processed/332/g06-011a.png,impostor,0.8835824728012085,0.8423718214035034,0.04121065139770508,false_accept
/home/lorenzo/Documenti/GitHub/HandVerify/datasets/processed-handwritten/iam_processed/118/b05-071.png,/home/lorenzo/Documenti/GitHub/HandVerify/datasets/processed-handwritten/iam_processed/415/j06-056.png,impostor,0.89349764585495,0.8423718214035034,0.05112582445144653,false_accept
/home/lorenzo/Documenti/GitHub/HandVerify/datasets/processed-handwritten/iam_processed/000/a01-058u.png,/home/lorenzo/Documenti/GitHub/HandVerify/datasets/processed-handwritten/iam_processed/000/a05-104.png,genuine,0.7018899917602539,0.8423718214035034,-0.1404818296432495,false_reject
/home/lorenzo/Documenti/GitHub/HandVerify/datasets/processed-handwritten/iam_processed/154/c03-084e.png,/home/lorenzo/Documenti/GitHub/HandVerify/datasets/processed-handwritten/iam_processed/455/k07-146.png,impostor,0.91706782579422,0.8423718214035034,0.07469600439071655,false_accept
/home/lorenzo/Documenti/GitHub/HandVerify/datasets/processed-handwritten/iam_processed/000/a05-039.png,/home/lorenzo/Documenti/GitHub/HandVerify/datasets/processed-handwritten/iam_processed/000/a01-049x.png,genuine,0.7794427871704102,0.8423718214035034,-0.06292903423309326,false_reject
/home/lorenzo/Documenti/GitHub/HandVerify/datasets/processed-handwritten/iam_processed/000/a01-068u.png,/home/lorenzo/Documenti/GitHub/HandVerify/datasets/processed-handwritten/iam_processed/000/a05-104.png,genuine,0.8225389122962952,0.8423718214035034,-0.019832909107208252,false_reject
/home/lorenzo/Documenti/GitHub/HandVerify/datasets/processed-handwritten/iam_processed/000/a01-063u.png,/home/lorenzo/Documenti/GitHub/HandVerify/datasets/processed-handwritten/iam_processed/000/a05-080.png,genuine,0.8075587153434753,0.8423718214035034,-0.034813106060028076,false_reject
/home/lorenzo/Documenti/GitHub/HandVerify/datasets/processed-handwritten/iam_processed/000/a01-132x.png,/home/lorenzo/Documenti/GitHub/HandVerify/datasets/processed-handwritten/iam_processed/000/a01-011u.png,genuine,0.8353369832038879,0.8423718214035034,-0.0070348381996154785,false_reject
/home/lorenzo/Documenti/GitHub/HandVerify/datasets/processed-handwritten/iam_processed/000/a05-017.png,/home/lorenzo/Documenti/GitHub/HandVerify/datasets/processed-handwritten/iam_processed/000/a01-049x.png,genuine,0.7536901235580444,0.8423718214035034,-0.08868169784545898,false_reject
/home/lorenzo/Documenti/GitHub/HandVerify/datasets/processed-handwritten/iam_processed/000/a01-102u.png,/home/lorenzo/Documenti/GitHub/HandVerify/datasets/processed-handwritten/iam_processed/000/a05-121.png,genuine,0.7516528964042664,0.8423718214035034,-0.09071892499923706,false_reject
/home/lorenzo/Documenti/GitHub/HandVerify/datasets/processed-handwritten/iam_processed/209/d07-089.png,/home/lorenzo/Documenti/GitHub/HandVerify/datasets/processed-handwritten/iam_processed/220/e02-018.png,impostor,0.9096603989601135,0.8423718214035034,0.06728857755661011,false_accept
/home/lorenzo/Documenti/GitHub/HandVerify/datasets/processed-handwritten/iam_processed/175/d01-019.png,/home/lorenzo/Documenti/GitHub/HandVerify/datasets/processed-handwritten/iam_processed/391/h07-078.png,impostor,0.9386927485466003,0.8423718214035034,0.09632092714309692,false_accept
/home/lorenzo/Documenti/GitHub/HandVerify/datasets/processed-handwritten/iam_processed/000/a05-084.png,/home/lorenzo/Documenti/GitHub/HandVerify/datasets/processed-handwritten/iam_processed/000/a01-003u.png,genuine,0.7331269979476929,0.8423718214035034,-0.10924482345581055,false_reject
/home/lorenzo/Documenti/GitHub/HandVerify/datasets/processed-handwritten/iam_processed/334/g06-011c.png,/home/lorenzo/Documenti/GitHub/HandVerify/datasets/processed-handwritten/iam_processed/334/g06-047c.png,genuine,0.8381598591804504,0.8423718214035034,-0.0042119622230529785,false_reject
/home/lorenzo/Documenti/GitHub/HandVerify/datasets/processed-handwritten/iam_processed/340/g06-047i.png,/home/lorenzo/Documenti/GitHub/HandVerify/datasets/processed-handwritten/iam_processed/340/g06-031i.png,genuine,0.7758174538612366,0.8423718214035034,-0.06655436754226685,false_reject
/home/lorenzo/Documenti/GitHub/HandVerify/datasets/processed-handwritten/iam_processed/041/a03-009.png,/home/lorenzo/Documenti/GitHub/HandVerify/datasets/processed-handwritten/iam_processed/563/n02-045.png,impostor,0.9324617385864258,0.8423718214035034,0.09008991718292236,false_accept
/home/lorenzo/Documenti/GitHub/HandVerify/datasets/processed-handwritten/iam_processed/025/a02-027.png,/home/lorenzo/Documenti/GitHub/HandVerify/datasets/processed-handwritten/iam_processed/137/c02-000.png,impostor,0.9233915209770203,0.8423718214035034,0.08101969957351685,false_accept
/home/lorenzo/Documenti/GitHub/HandVerify/datasets/processed-handwritten/iam_processed/000/a01-007u.png,/home/lorenzo/Documenti/GitHub/HandVerify/datasets/processed-handwritten/iam_processed/000/a05-113.png,genuine,0.745659589767456,0.8423718214035034,-0.09671223163604736,false_reject
/home/lorenzo/Documenti/GitHub/HandVerify/datasets/processed-handwritten/iam_processed/341/g06-018j.png,/home/lorenzo/Documenti/GitHub/HandVerify/datasets/processed-handwritten/iam_processed/344/g06-011m.png,impostor,0.8482083082199097,0.8423718214035034,0.00583648681640625,false_accept
/home/lorenzo/Documenti/GitHub/HandVerify/datasets/processed-handwritten/iam_processed/000/a05-039.png,/home/lorenzo/Documenti/GitHub/HandVerify/datasets/processed-handwritten/iam_processed/000/a01-020u.png,genuine,0.8246408700942993,0.8423718214035034,-0.0177309513092041,false_reject
/home/lorenzo/Documenti/GitHub/HandVerify/datasets/processed-handwritten/iam_processed/152/c03-000c.png,/home/lorenzo/Documenti/GitHub/HandVerify/datasets/processed-handwritten/iam_processed/388/h07-040.png,impostor,0.9317350387573242,0.8423718214035034,0.0893632173538208,false_accept
/home/lorenzo/Documenti/GitHub/HandVerify/datasets/processed-handwritten/iam_processed/000/a01-020u.png,/home/lorenzo/Documenti/GitHub/HandVerify/datasets/processed-handwritten/iam_processed/000/a05-113.png,genuine,0.7888308763504028,0.8423718214035034,-0.053540945053100586,false_reject
/home/lorenzo/Documenti/GitHub/HandVerify/datasets/processed-handwritten/iam_processed/393/h07-087.png,/home/lorenzo/Documenti/GitHub/HandVerify/datasets/processed-handwritten/iam_processed/393/j07-015.png,genuine,0.5862359404563904,0.8423718214035034,-0.25613588094711304,false_reject
/home/lorenzo/Documenti/GitHub/HandVerify/datasets/processed-handwritten/iam_processed/334/g06-018c.png,/home/lorenzo/Documenti/GitHub/HandVerify/datasets/processed-handwritten/iam_processed/334/g06-042c.png,genuine,0.7191414833068848,0.8423718214035034,-0.12323033809661865,false_reject
/home/lorenzo/Documenti/GitHub/HandVerify/datasets/processed-handwritten/iam_processed/000/a05-125.png,/home/lorenzo/Documenti/GitHub/HandVerify/datasets/processed-handwritten/iam_processed/000/a01-030u.png,genuine,0.8313584327697754,0.8423718214035034,-0.011013388633728027,false_reject
/home/lorenzo/Documenti/GitHub/HandVerify/datasets/processed-handwritten/iam_processed/549/m04-200.png,/home/lorenzo/Documenti/GitHub/HandVerify/datasets/processed-handwritten/iam_processed/631/p03-181.png,impostor,0.9888737201690674,0.8423718214035034,0.14650189876556396,false_accept
/home/lorenzo/Documenti/GitHub/HandVerify/datasets/processed-handwritten/iam_processed/000/a05-029.png,/home/lorenzo/Documenti/GitHub/HandVerify/datasets/processed-handwritten/iam_processed/000/a01-063u.png,genuine,0.765354335308075,0.8423718214035034,-0.07701748609542847,false_reject
/home/lorenzo/Documenti/GitHub/HandVerify/datasets/processed-handwritten/iam_processed/118/b05-058.png,/home/lorenzo/Documenti/GitHub/HandVerify/datasets/processed-handwritten/iam_processed/474/l01-195.png,impostor,0.8715266585350037,0.8423718214035034,0.029154837131500244,false_accept
/home/lorenzo/Documenti/GitHub/HandVerify/datasets/processed-handwritten/iam_processed/153/c03-000d.png,/home/lorenzo/Documenti/GitHub/HandVerify/datasets/processed-handwritten/iam_processed/346/g06-042o.png,impostor,0.8831925392150879,0.8423718214035034,0.04082071781158447,false_accept
/home/lorenzo/Documenti/GitHub/HandVerify/datasets/processed-handwritten/iam_processed/182/d03-112.png,/home/lorenzo/Documenti/GitHub/HandVerify/datasets/processed-handwritten/iam_processed/208/e06-053.png,impostor,0.9224429726600647,0.8423718214035034,0.08007115125656128,false_accept
/home/lorenzo/Documenti/GitHub/HandVerify/datasets/processed-handwritten/iam_processed/140/c02-022.png,/home/lorenzo/Documenti/GitHub/HandVerify/datasets/processed-handwritten/iam_processed/140/c02-012.png,genuine,0.8089528679847717,0.8423718214035034,-0.03341895341873169,false_reject
/home/lorenzo/Documenti/GitHub/HandVerify/datasets/processed-handwritten/iam_processed/151/c03-096b.png,/home/lorenzo/Documenti/GitHub/HandVerify/datasets/processed-handwritten/iam_processed/344/g06-047m.png,impostor,0.9042319059371948,0.8423718214035034,0.061860084533691406,false_accept
/home/lorenzo/Documenti/GitHub/HandVerify/datasets/processed-handwritten/iam_processed/000/a01-102u.png,/home/lorenzo/Documenti/GitHub/HandVerify/datasets/processed-handwritten/iam_processed/000/a05-013.png,genuine,0.830886960029602,0.8423718214035034,-0.011484861373901367,false_reject
/home/lorenzo/Documenti/GitHub/HandVerify/datasets/processed-handwritten/iam_processed/346/g06-037o.png,/home/lorenzo/Documenti/GitHub/HandVerify/datasets/processed-handwritten/iam_processed/387/h07-033a.png,impostor,0.9361045360565186,0.8423718214035034,0.09373271465301514,false_accept
/home/lorenzo/Documenti/GitHub/HandVerify/datasets/processed-handwritten/iam_processed/150/c03-084a.png,/home/lorenzo/Documenti/GitHub/HandVerify/datasets/processed-handwritten/iam_processed/354/g07-077a.png,impostor,0.8830646276473999,0.8423718214035034,0.040692806243896484,false_accept
/home/lorenzo/Documenti/GitHub/HandVerify/datasets/processed-handwritten/iam_processed/225/e02-086.png,/home/lorenzo/Documenti/GitHub/HandVerify/datasets/processed-handwritten/iam_processed/456/k07-152.png,impostor,0.8757898807525635,0.8423718214035034,0.03341805934906006,false_accept
/home/lorenzo/Documenti/GitHub/HandVerify/datasets/processed-handwritten/iam_processed/334/g06-050c.png,/home/lorenzo/Documenti/GitHub/HandVerify/datasets/processed-handwritten/iam_processed/334/g06-037c.png,genuine,0.820410430431366,0.8423718214035034,-0.02196139097213745,false_reject
/home/lorenzo/Documenti/GitHub/HandVerify/datasets/processed-handwritten/iam_processed/340/g06-050i.png,/home/lorenzo/Documenti/GitHub/HandVerify/datasets/processed-handwritten/iam_processed/340/g06-026i.png,genuine,0.6806048154830933,0.8423718214035034,-0.16176700592041016,false_reject
/home/lorenzo/Documenti/GitHub/HandVerify/datasets/processed-handwritten/iam_processed/000/a01-030u.png,/home/lorenzo/Documenti/GitHub/HandVerify/datasets/processed-handwritten/iam_processed/000/a05-062.png,genuine,0.8346753120422363,0.8423718214035034,-0.00769650936126709,false_reject
/home/lorenzo/Documenti/GitHub/HandVerify/datasets/processed-handwritten/iam_processed/333/g06-042b.png,/home/lorenzo/Documenti/GitHub/HandVerify/datasets/processed-handwritten/iam_processed/410/j04-080.png,impostor,0.8701059222221375,0.8423718214035034,0.027734100818634033,false_accept
/home/lorenzo/Documenti/GitHub/HandVerify/datasets/processed-handwritten/iam_processed/000/a01-043u.png,/home/lorenzo/Documenti/GitHub/HandVerify/datasets/processed-handwritten/iam_processed/000/a05-062.png,genuine,0.819232702255249,0.8423718214035034,-0.023139119148254395,false_reject
/home/lorenzo/Documenti/GitHub/HandVerify/datasets/processed-handwritten/iam_processed/000/a05-044.png,/home/lorenzo/Documenti/GitHub/HandVerify/datasets/processed-handwritten/iam_processed/000/a01-007u.png,genuine,0.8250152468681335,0.8423718214035034,-0.017356574535369873,false_reject
/home/lorenzo/Documenti/GitHub/HandVerify/datasets/processed-handwritten/iam_processed/000/a05-084.png,/home/lorenzo/Documenti/GitHub/HandVerify/datasets/processed-handwritten/iam_processed/000/a01-043u.png,genuine,0.7998688220977783,0.8423718214035034,-0.0425029993057251,false_reject
/home/lorenzo/Documenti/GitHub/HandVerify/datasets/processed-handwritten/iam_processed/303/g02-059.png,/home/lorenzo/Documenti/GitHub/HandVerify/datasets/processed-handwritten/iam_processed/468/l01-133.png,impostor,0.8625646233558655,0.8423718214035034,0.02019280195236206,false_accept
/home/lorenzo/Documenti/GitHub/HandVerify/datasets/processed-handwritten/iam_processed/000/a03-089.png,/home/lorenzo/Documenti/GitHub/HandVerify/datasets/processed-handwritten/iam_processed/000/a01-003u.png,genuine,0.7951124310493469,0.8423718214035034,-0.047259390354156494,false_reject
/home/lorenzo/Documenti/GitHub/HandVerify/datasets/processed-handwritten/iam_processed/000/a01-102u.png,/home/lorenzo/Documenti/GitHub/HandVerify/datasets/processed-handwritten/iam_processed/000/a01-132x.png,genuine,0.5587091445922852,0.8423718214035034,-0.28366267681121826,false_reject
/home/lorenzo/Documenti/GitHub/HandVerify/datasets/processed-handwritten/iam_processed/169/c04-139.png,/home/lorenzo/Documenti/GitHub/HandVerify/datasets/processed-handwritten/iam_processed/634/p06-069.png,impostor,0.8448355197906494,0.8423718214035034,0.002463698387145996,false_accept
/home/lorenzo/Documenti/GitHub/HandVerify/datasets/processed-handwritten/iam_processed/199/d05-025.png,/home/lorenzo/Documenti/GitHub/HandVerify/datasets/processed-handwritten/iam_processed/372/h02-040.png,impostor,0.9233648777008057,0.8423718214035034,0.08099305629730225,false_accept
/home/lorenzo/Documenti/GitHub/HandVerify/datasets/processed-handwritten/iam_processed/000/a05-044.png,/home/lorenzo/Documenti/GitHub/HandVerify/datasets/processed-handwritten/iam_processed/000/a01-049x.png,genuine,0.8378432989120483,0.8423718214035034,-0.004528522491455078,false_reject
/home/lorenzo/Documenti/GitHub/HandVerify/datasets/processed-handwritten/iam_processed/342/g06-042k.png,/home/lorenzo/Documenti/GitHub/HandVerify/datasets/processed-handwritten/iam_processed/342/g06-018k.png,genuine,0.8186175227165222,0.8423718214035034,-0.0237542986869812,false_reject
/home/lorenzo/Documenti/GitHub/HandVerify/datasets/processed-handwritten/iam_processed/028/a02-050.png,/home/lorenzo/Documenti/GitHub/HandVerify/datasets/processed-handwritten/iam_processed/125/b06-056.png,impostor,0.93690425157547,0.8423718214035034,0.09453243017196655,false_accept
/home/lorenzo/Documenti/GitHub/HandVerify/datasets/processed-handwritten/iam_processed/023/a02-008.png,/home/lorenzo/Documenti/GitHub/HandVerify/datasets/processed-handwritten/iam_processed/455/k07-146.png,impostor,0.8843373656272888,0.8423718214035034,0.0419655442237854,false_accept
/home/lorenzo/Documenti/GitHub/HandVerify/datasets/processed-handwritten/iam_processed/000/a05-099.png,/home/lorenzo/Documenti/GitHub/HandVerify/datasets/processed-handwritten/iam_processed/000/a01-030u.png,genuine,0.8050289154052734,0.8423718214035034,-0.03734290599822998,false_reject
/home/lorenzo/Documenti/GitHub/HandVerify/datasets/processed-handwritten/iam_processed/341/g06-011j.png,/home/lorenzo/Documenti/GitHub/HandVerify/datasets/processed-handwritten/iam_processed/341/g06-042j.png,genuine,0.812158465385437,0.8423718214035034,-0.030213356018066406,false_reject
/home/lorenzo/Documenti/GitHub/HandVerify/datasets/processed-handwritten/iam_processed/118/h05-012.png,/home/lorenzo/Documenti/GitHub/HandVerify/datasets/processed-handwritten/iam_processed/344/g06-050m.png,impostor,0.9662911891937256,0.8423718214035034,0.12391936779022217,false_accept
/home/lorenzo/Documenti/GitHub/HandVerify/datasets/processed-handwritten/iam_processed/000/a01-000u.png,/home/lorenzo/Documenti/GitHub/HandVerify/datasets/processed-handwritten/iam_processed/000/a01-107u.png,genuine,0.7349990606307983,0.8423718214035034,-0.10737276077270508,false_reject
/home/lorenzo/Documenti/GitHub/HandVerify/datasets/processed-handwritten/iam_processed/041/a03-009.png,/home/lorenzo/Documenti/GitHub/HandVerify/datasets/processed-handwritten/iam_processed/460/l01-050.png,impostor,0.9254603385925293,0.8423718214035034,0.08308851718902588,false_accept
/home/lorenzo/Documenti/GitHub/HandVerify/datasets/processed-handwritten/iam_processed/125/b06-008.png,/home/lorenzo/Documenti/GitHub/HandVerify/datasets/processed-handwritten/iam_processed/154/c03-007e.png,impostor,0.9562031626701355,0.8423718214035034,0.11383134126663208,false_accept
/home/lorenzo/Documenti/GitHub/HandVerify/datasets/processed-handwritten/iam_processed/000/a01-132x.png,/home/lorenzo/Documenti/GitHub/HandVerify/datasets/processed-handwritten/iam_processed/000/a05-116.png,genuine,0.6707700490951538,0.8423718214035034,-0.1716017723083496,false_reject
/home/lorenzo/Documenti/GitHub/HandVerify/datasets/processed-handwritten/iam_processed/000/a05-022.png,/home/lorenzo/Documenti/GitHub/HandVerify/datasets/processed-handwritten/iam_processed/000/a01-007u.png,genuine,0.799887478351593,0.8423718214035034,-0.0424843430519104,false_reject
/home/lorenzo/Documenti/GitHub/HandVerify/datasets/processed-handwritten/iam_processed/000/a01-132x.png,/home/lorenzo/Documenti/GitHub/HandVerify/datasets/processed-handwritten/iam_processed/000/a01-082u.png,genuine,0.6835508346557617,0.8423718214035034,-0.1588209867477417,false_reject
/home/lorenzo/Documenti/GitHub/HandVerify/datasets/processed-handwritten/iam_processed/000/a05-022.png,/home/lorenzo/Documenti/GitHub/HandVerify/datasets/processed-handwritten/iam_processed/000/a01-030u.png,genuine,0.8352985382080078,0.8423718214035034,-0.0070732831954956055,false_reject
/home/lorenzo/Documenti/GitHub/HandVerify/datasets/processed-handwritten/iam_processed/340/g06-045i.png,/home/lorenzo/Documenti/GitHub/HandVerify/datasets/processed-handwritten/iam_processed/340/g06-018i.png,genuine,0.8324695825576782,0.8423718214035034,-0.009902238845825195,false_reject
/home/lorenzo/Documenti/GitHub/HandVerify/datasets/processed-handwritten/iam_processed/152/c03-087c.png,/home/lorenzo/Documenti/GitHub/HandVerify/datasets/processed-handwritten/iam_processed/316/g03-052.png,impostor,0.9557984471321106,0.8423718214035034,0.11342662572860718,false_accept
/home/lorenzo/Documenti/GitHub/HandVerify/datasets/processed-handwritten/iam_processed/339/g06-018h.png,/home/lorenzo/Documenti/GitHub/HandVerify/datasets/processed-handwritten/iam_processed/339/g06-026h.png,genuine,0.8064712285995483,0.8423718214035034,-0.03590059280395508,false_reject
/home/lorenzo/Documenti/GitHub/HandVerify/datasets/processed-handwritten/iam_processed/000/a05-022.png,/home/lorenzo/Documenti/GitHub/HandVerify/datasets/processed-handwritten/iam_processed/000/a01-063u.png,genuine,0.8074990510940552,0.8423718214035034,-0.03487277030944824,false_reject
/home/lorenzo/Documenti/GitHub/HandVerify/datasets/processed-handwritten/iam_processed/000/a05-084.png,/home/lorenzo/Documenti/GitHub/HandVerify/datasets/processed-handwritten/iam_processed/000/a01-063u.png,genuine,0.7708261609077454,0.8423718214035034,-0.07154566049575806,false_reject
/home/lorenzo/Documenti/GitHub/HandVerify/datasets/processed-handwritten/iam_processed/150/c03-084a.png,/home/lorenzo/Documenti/GitHub/HandVerify/datasets/processed-handwritten/iam_processed/303/g02-059.png,impostor,0.9122345447540283,0.8423718214035034,0.0698627233505249,false_accept
/home/lorenzo/Documenti/GitHub/HandVerify/datasets/processed-handwritten/iam_processed/000/a03-050.png,/home/lorenzo/Documenti/GitHub/HandVerify/datasets/processed-handwritten/iam_processed/000/a01-000u.png,genuine,0.6611173748970032,0.8423718214035034,-0.18125444650650024,false_reject
/home/lorenzo/Documenti/GitHub/HandVerify/datasets/processed-handwritten/iam_processed/315/n02-114.png,/home/lorenzo/Documenti/GitHub/HandVerify/datasets/processed-handwritten/iam_processed/592/p01-174.png,impostor,0.9703277349472046,0.8423718214035034,0.12795591354370117,false_accept
/home/lorenzo/Documenti/GitHub/HandVerify/datasets/processed-handwritten/iam_processed/000/a05-069.png,/home/lorenzo/Documenti/GitHub/HandVerify/datasets/processed-handwritten/iam_processed/000/a01-030u.png,genuine,0.840469479560852,0.8423718214035034,-0.0019023418426513672,false_reject
/home/lorenzo/Documenti/GitHub/HandVerify/datasets/processed-handwritten/iam_processed/204/e06-003.png,/home/lorenzo/Documenti/GitHub/HandVerify/datasets/processed-handwritten/iam_processed/670/r06-049.png,impostor,0.8521610498428345,0.8423718214035034,0.009789228439331055,false_accept
/home/lorenzo/Documenti/GitHub/HandVerify/datasets/processed-handwritten/iam_processed/000/a05-017.png,/home/lorenzo/Documenti/GitHub/HandVerify/datasets/processed-handwritten/iam_processed/000/a01-007u.png,genuine,0.7413493394851685,0.8423718214035034,-0.10102248191833496,false_reject
/home/lorenzo/Documenti/GitHub/HandVerify/datasets/processed-handwritten/iam_processed/375/h02-049.png,/home/lorenzo/Documenti/GitHub/HandVerify/datasets/processed-handwritten/iam_processed/544/m04-012.png,impostor,0.9372875094413757,0.8423718214035034,0.09491568803787231,false_accept
/home/lorenzo/Documenti/GitHub/HandVerify/datasets/processed-handwritten/iam_processed/071/a06-036.png,/home/lorenzo/Documenti/GitHub/HandVerify/datasets/processed-handwritten/iam_processed/346/g06-026o.png,impostor,0.8744385242462158,0.8423718214035034,0.0320667028427124,false_accept
/home/lorenzo/Documenti/GitHub/HandVerify/datasets/processed-handwritten/iam_processed/000/a01-000u.png,/home/lorenzo/Documenti/GitHub/HandVerify/datasets/processed-handwritten/iam_processed/000/a05-000.png,genuine,0.6814246773719788,0.8423718214035034,-0.16094714403152466,false_reject
/home/lorenzo/Documenti/GitHub/HandVerify/datasets/processed-handwritten/iam_processed/066/a06-000.png,/home/lorenzo/Documenti/GitHub/HandVerify/datasets/processed-handwritten/iam_processed/546/m04-081.png,impostor,0.863201379776001,0.8423718214035034,0.02082955837249756,false_accept
/home/lorenzo/Documenti/GitHub/HandVerify/datasets/processed-handwritten/iam_processed/634/p06-030.png,/home/lorenzo/Documenti/GitHub/HandVerify/datasets/processed-handwritten/iam_processed/634/p06-104.png,genuine,0.8303956985473633,0.8423718214035034,-0.011976122856140137,false_reject
/home/lorenzo/Documenti/GitHub/HandVerify/datasets/processed-handwritten/iam_processed/248/e07-108.png,/home/lorenzo/Documenti/GitHub/HandVerify/datasets/processed-handwritten/iam_processed/248/e07-105.png,genuine,0.8220489025115967,0.8423718214035034,-0.02032291889190674,false_reject
/home/lorenzo/Documenti/GitHub/HandVerify/datasets/processed-handwritten/iam_processed/000/a05-113.png,/home/lorenzo/Documenti/GitHub/HandVerify/datasets/processed-handwritten/iam_processed/000/a01-003u.png,genuine,0.7033972144126892,0.8423718214035034,-0.1389746069908142,false_reject
/home/lorenzo/Documenti/GitHub/HandVerify/datasets/processed-handwritten/iam_processed/259/f02-017.png,/home/lorenzo/Documenti/GitHub/HandVerify/datasets/processed-handwritten/iam_processed/259/f02-033.png,genuine,0.7964740991592407,0.8423718214035034,-0.045897722244262695,false_reject
/home/lorenzo/Documenti/GitHub/HandVerify/datasets/processed-handwritten/iam_processed/061/a04-059.png,/home/lorenzo/Documenti/GitHub/HandVerify/datasets/processed-handwritten/iam_processed/199/d05-025.png,impostor,0.9258102774620056,0.8423718214035034,0.0834384560585022,false_accept
/home/lorenzo/Documenti/GitHub/HandVerify/datasets/processed-handwritten/iam_processed/391/h07-078.png,/home/lorenzo/Documenti/GitHub/HandVerify/datasets/processed-handwritten/iam_processed/456/k07-185.png,impostor,0.9511184692382812,0.8423718214035034,0.10874664783477783,false_accept
/home/lorenzo/Documenti/GitHub/HandVerify/datasets/processed-handwritten/iam_processed/153/c03-016d.png,/home/lorenzo/Documenti/GitHub/HandVerify/datasets/processed-handwritten/iam_processed/211/e01-022.png,impostor,0.942642092704773,0.8423718214035034,0.10027027130126953,false_accept
/home/lorenzo/Documenti/GitHub/HandVerify/datasets/processed-handwritten/iam_processed/000/a01-132x.png,/home/lorenzo/Documenti/GitHub/HandVerify/datasets/processed-handwritten/iam_processed/000/a01-132u.png,genuine,0.7173912525177002,0.8423718214035034,-0.12498056888580322,false_reject
/home/lorenzo/Documenti/GitHub/HandVerify/datasets/processed-handwritten/iam_processed/153/c03-021d.png,/home/lorenzo/Documenti/GitHub/HandVerify/datasets/processed-handwritten/iam_processed/634/p06-052.png,impostor,0.8773535490036011,0.8423718214035034,0.034981727600097656,false_accept
/home/lorenzo/Documenti/GitHub/HandVerify/datasets/processed-handwritten/iam_processed/154/c03-016e.png,/home/lorenzo/Documenti/GitHub/HandVerify/datasets/processed-handwritten/iam_processed/670/r06-053.png,impostor,0.914848804473877,0.8423718214035034,0.07247698307037354,false_accept
/home/lorenzo/Documenti/GitHub/HandVerify/datasets/processed-handwritten/iam_processed/000/a01-102u.png,/home/lorenzo/Documenti/GitHub/HandVerify/datasets/processed-handwritten/iam_processed/000/a05-039.png,genuine,0.7718795537948608,0.8423718214035034,-0.07049226760864258,false_reject
/home/lorenzo/Documenti/GitHub/HandVerify/datasets/processed-handwritten/iam_processed/000/a01-049x.png,/home/lorenzo/Documenti/GitHub/HandVerify/datasets/processed-handwritten/iam_processed/000/a05-116.png,genuine,0.8166792392730713,0.8423718214035034,-0.02569258213043213,false_reject
/home/lorenzo/Documenti/GitHub/HandVerify/datasets/processed-handwritten/iam_processed/296/g01-019.png,/home/lorenzo/Documenti/GitHub/HandVerify/datasets/processed-handwritten/iam_processed/421/k02-036.png,impostor,0.8948068022727966,0.8423718214035034,0.05243498086929321,false_accept
/home/lorenzo/Documenti/GitHub/HandVerify/datasets/processed-handwritten/iam_processed/000/a01-000u.png,/home/lorenzo/Documenti/GitHub/HandVerify/datasets/processed-handwritten/iam_processed/000/a03-073.png,genuine,0.6371663808822632,0.8423718214035034,-0.20520544052124023,false_reject
/home/lorenzo/Documenti/GitHub/HandVerify/datasets/processed-handwritten/iam_processed/344/g06-050m.png,/home/lorenzo/Documenti/GitHub/HandVerify/datasets/processed-handwritten/iam_processed/635/r06-022.png,impostor,0.8933959007263184,0.8423718214035034,0.05102407932281494,false_accept
/home/lorenzo/Documenti/GitHub/HandVerify/datasets/processed-handwritten/iam_processed/328/g04-088.png,/home/lorenzo/Documenti/GitHub/HandVerify/datasets/processed-handwritten/iam_processed/458/l01-016.png,impostor,0.8901119232177734,0.8423718214035034,0.04774010181427002,false_accept
/home/lorenzo/Documenti/GitHub/HandVerify/datasets/processed-handwritten/iam_processed/300/g01-067.png,/home/lorenzo/Documenti/GitHub/HandVerify/datasets/processed-handwritten/iam_processed/300/g01-074.png,genuine,0.7479122281074524,0.8423718214035034,-0.09445959329605103,false_reject
/home/lorenzo/Documenti/GitHub/HandVerify/datasets/processed-handwritten/iam_processed/221/e02-021.png,/home/lorenzo/Documenti/GitHub/HandVerify/datasets/processed-handwritten/iam_processed/299/g01-045.png,impostor,0.891325831413269,0.8423718214035034,0.048954010009765625,false_accept
/home/lorenzo/Documenti/GitHub/HandVerify/datasets/processed-handwritten/iam_processed/051/a03-040.png,/home/lorenzo/Documenti/GitHub/HandVerify/datasets/processed-handwritten/iam_processed/411/j04-094.png,impostor,0.9489965438842773,0.8423718214035034,0.10662472248077393,false_accept
/home/lorenzo/Documenti/GitHub/HandVerify/datasets/processed-handwritten/iam_processed/334/g06-037c.png,/home/lorenzo/Documenti/GitHub/HandVerify/datasets/processed-handwritten/iam_processed/334/g06-045c.png,genuine,0.7277425527572632,0.8423718214035034,-0.11462926864624023,false_reject
/home/lorenzo/Documenti/GitHub/HandVerify/datasets/processed-handwritten/iam_processed/165/c04-080.png,/home/lorenzo/Documenti/GitHub/HandVerify/datasets/processed-handwritten/iam_processed/512/m01-095.png,impostor,0.8898198008537292,0.8423718214035034,0.04744797945022583,false_accept
/home/lorenzo/Documenti/GitHub/HandVerify/datasets/processed-handwritten/iam_processed/126/b06-012.png,/home/lorenzo/Documenti/GitHub/HandVerify/datasets/processed-handwritten/iam_processed/126/c06-087.png,genuine,0.7495393753051758,0.8423718214035034,-0.09283244609832764,false_reject
/home/lorenzo/Documenti/GitHub/HandVerify/datasets/processed-handwritten/iam_processed/368/h02-024.png,/home/lorenzo/Documenti/GitHub/HandVerify/datasets/processed-handwritten/iam_processed/544/m04-019.png,impostor,0.9499830603599548,0.8423718214035034,0.10761123895645142,false_accept
/home/lorenzo/Documenti/GitHub/HandVerify/datasets/processed-handwritten/iam_processed/000/a01-049u.png,/home/lorenzo/Documenti/GitHub/HandVerify/datasets/processed-handwritten/iam_processed/000/a01-000u.png,genuine,0.8333356380462646,0.8423718214035034,-0.00903618335723877,false_reject
/home/lorenzo/Documenti/GitHub/HandVerify/datasets/processed-handwritten/iam_processed/000/a03-089.png,/home/lorenzo/Documenti/GitHub/HandVerify/datasets/processed-handwritten/iam_processed/000/a01-026u.png,genuine,0.8404645323753357,0.8423718214035034,-0.0019072890281677246,false_reject
/home/lorenzo/Documenti/GitHub/HandVerify/datasets/processed-handwritten/iam_processed/000/a05-017.png,/home/lorenzo/Documenti/GitHub/HandVerify/datasets/processed-handwritten/iam_processed/000/a01-030u.png,genuine,0.7931965589523315,0.8423718214035034,-0.049175262451171875,false_reject
/home/lorenzo/Documenti/GitHub/HandVerify/datasets/processed-handwritten/iam_processed/000/a01-000u.png,/home/lorenzo/Documenti/GitHub/HandVerify/datasets/processed-handwritten/iam_processed/000/a01-049x.png,genuine,0.49747323989868164,0.8423718214035034,-0.3448985815048218,false_reject
/home/lorenzo/Documenti/GitHub/HandVerify/datasets/processed-handwritten/iam_processed/000/a05-017.png,/home/lorenzo/Documenti/GitHub/HandVerify/datasets/processed-handwritten/iam_processed/000/a01-014u.png,genuine,0.7928531765937805,0.8423718214035034,-0.0495186448097229,false_reject
/home/lorenzo/Documenti/GitHub/HandVerify/datasets/processed-handwritten/iam_processed/000/a05-116.png,/home/lorenzo/Documenti/GitHub/HandVerify/datasets/processed-handwritten/iam_processed/000/a01-026u.png,genuine,0.7398215532302856,0.8423718214035034,-0.10255026817321777,false_reject
/home/lorenzo/Documenti/GitHub/HandVerify/datasets/processed-handwritten/iam_processed/346/g06-031o.png,/home/lorenzo/Documenti/GitHub/HandVerify/datasets/processed-handwritten/iam_processed/544/m04-019.png,impostor,0.9771612882614136,0.8423718214035034,0.13478946685791016,false_accept
/home/lorenzo/Documenti/GitHub/HandVerify/datasets/processed-handwritten/iam_processed/247/e07-076.png,/home/lorenzo/Documenti/GitHub/HandVerify/datasets/processed-handwritten/iam_processed/534/m02-109.png,impostor,0.8623955249786377,0.8423718214035034,0.020023703575134277,false_accept
/home/lorenzo/Documenti/GitHub/HandVerify/datasets/processed-handwritten/iam_processed/343/g06-037l.png,/home/lorenzo/Documenti/GitHub/HandVerify/datasets/processed-handwritten/iam_processed/343/g06-050l.png,genuine,0.8223574757575989,0.8423718214035034,-0.02001434564590454,false_reject
/home/lorenzo/Documenti/GitHub/HandVerify/datasets/processed-handwritten/iam_processed/095/b02-035.png,/home/lorenzo/Documenti/GitHub/HandVerify/datasets/processed-handwritten/iam_processed/211/e01-025.png,impostor,0.8707872629165649,0.8423718214035034,0.028415441513061523,false_accept
/home/lorenzo/Documenti/GitHub/HandVerify/datasets/processed-handwritten/iam_processed/334/g06-018c.png,/home/lorenzo/Documenti/GitHub/HandVerify/datasets/processed-handwritten/iam_processed/334/g06-045c.png,genuine,0.42150452733039856,0.8423718214035034,-0.42086729407310486,false_reject
/home/lorenzo/Documenti/GitHub/HandVerify/datasets/processed-handwritten/iam_processed/237/e04-062.png,/home/lorenzo/Documenti/GitHub/HandVerify/datasets/processed-handwritten/iam_processed/383/h04-078.png,impostor,0.8452959060668945,0.8423718214035034,0.0029240846633911133,false_accept
/home/lorenzo/Documenti/GitHub/HandVerify/datasets/processed-handwritten/iam_processed/262/f02-036.png,/home/lorenzo/Documenti/GitHub/HandVerify/datasets/processed-handwritten/iam_processed/546/m04-072.png,impostor,0.9770159721374512,0.8423718214035034,0.13464415073394775,false_accept
/home/lorenzo/Documenti/GitHub/HandVerify/datasets/processed-handwritten/iam_processed/341/g06-018j.png,/home/lorenzo/Documenti/GitHub/HandVerify/datasets/processed-handwritten/iam_processed/549/m04-200.png,impostor,0.872871994972229,0.8423718214035034,0.030500173568725586,false_accept
/home/lorenzo/Documenti/GitHub/HandVerify/datasets/processed-handwritten/iam_processed/009/a01-026.png,/home/lorenzo/Documenti/GitHub/HandVerify/datasets/processed-handwritten/iam_processed/439/k04-039.png,impostor,0.9064332842826843,0.8423718214035034,0.06406146287918091,false_accept
/home/lorenzo/Documenti/GitHub/HandVerify/datasets/processed-handwritten/iam_processed/000/a01-000u.png,/home/lorenzo/Documenti/GitHub/HandVerify/datasets/processed-handwritten/iam_processed/000/a01-072u.png,genuine,0.798865020275116,0.8423718214035034,-0.04350680112838745,false_reject
/home/lorenzo/Documenti/GitHub/HandVerify/datasets/processed-handwritten/iam_processed/431/k03-117.png,/home/lorenzo/Documenti/GitHub/HandVerify/datasets/processed-handwritten/iam_processed/670/r06-066.png,impostor,0.8914918303489685,0.8423718214035034,0.04912000894546509,false_accept
/home/lorenzo/Documenti/GitHub/HandVerify/datasets/processed-handwritten/iam_processed/000/a01-132x.png,/home/lorenzo/Documenti/GitHub/HandVerify/datasets/processed-handwritten/iam_processed/000/a05-073.png,genuine,0.6931871771812439,0.8423718214035034,-0.14918464422225952,false_reject
/home/lorenzo/Documenti/GitHub/HandVerify/datasets/processed-handwritten/iam_processed/174/d06-050.png,/home/lorenzo/Documenti/GitHub/HandVerify/datasets/processed-handwritten/iam_processed/233/e04-030.png,impostor,0.8786357641220093,0.8423718214035034,0.03626394271850586,false_accept
/home/lorenzo/Documenti/GitHub/HandVerify/datasets/processed-handwritten/iam_processed/000/a01-102u.png,/home/lorenzo/Documenti/GitHub/HandVerify/datasets/processed-handwritten/iam_processed/000/a05-025.png,genuine,0.8406773805618286,0.8423718214035034,-0.0016944408416748047,false_reject
/home/lorenzo/Documenti/GitHub/HandVerify/datasets/processed-handwritten/iam_processed/030/a02-057.png,/home/lorenzo/Documenti/GitHub/HandVerify/datasets/processed-handwritten/iam_processed/566/n02-082a.png,impostor,0.946412205696106,0.8423718214035034,0.10404038429260254,false_accept
/home/lorenzo/Documenti/GitHub/HandVerify/datasets/processed-handwritten/iam_processed/206/d06-027.png,/home/lorenzo/Documenti/GitHub/HandVerify/datasets/processed-handwritten/iam_processed/555/n01-031.png,impostor,0.8650832176208496,0.8423718214035034,0.02271139621734619,false_accept
/home/lorenzo/Documenti/GitHub/HandVerify/datasets/processed-handwritten/iam_processed/000/a01-132x.png,/home/lorenzo/Documenti/GitHub/HandVerify/datasets/processed-handwritten/iam_processed/000/a01-003u.png,genuine,0.5443732738494873,0.8423718214035034,-0.2979985475540161,false_reject
/home/lorenzo/Documenti/GitHub/HandVerify/datasets/processed-handwritten/iam_processed/340/g06-037i.png,/home/lorenzo/Documenti/GitHub/HandVerify/datasets/processed-handwritten/iam_processed/340/g06-031i.png,genuine,0.8329253196716309,0.8423718214035034,-0.009446501731872559,false_reject
/home/lorenzo/Documenti/GitHub/HandVerify/datasets/processed-handwritten/iam_processed/012/a01-043.png,/home/lorenzo/Documenti/GitHub/HandVerify/datasets/processed-handwritten/iam_processed/098/b02-102.png,impostor,0.9964339733123779,0.8423718214035034,0.1540621519088745,false_accept
/home/lorenzo/Documenti/GitHub/HandVerify/datasets/processed-handwritten/iam_processed/000/a05-121.png,/home/lorenzo/Documenti/GitHub/HandVerify/datasets/processed-handwritten/iam_processed/000/a01-003u.png,genuine,0.7282302975654602,0.8423718214035034,-0.11414152383804321,false_reject
/home/lorenzo/Documenti/GitHub/HandVerify/datasets/processed-handwritten/iam_processed/206/d06-096.png,/home/lorenzo/Documenti/GitHub/HandVerify/datasets/processed-handwritten/iam_processed/347/g06-011p.png,impostor,0.8840852975845337,0.8423718214035034,0.04171347618103027,false_accept
/home/lorenzo/Documenti/GitHub/HandVerify/datasets/processed-handwritten/iam_processed/344/g06-047m.png,/home/lorenzo/Documenti/GitHub/HandVerify/datasets/processed-handwritten/iam_processed/387/h07-037a.png,impostor,0.9407405853271484,0.8423718214035034,0.09836876392364502,false_accept
/home/lorenzo/Documenti/GitHub/HandVerify/datasets/processed-handwritten/iam_processed/113/b04-181.png,/home/lorenzo/Documenti/GitHub/HandVerify/datasets/processed-handwritten/iam_processed/113/b04-169.png,genuine,0.6626158952713013,0.8423718214035034,-0.17975592613220215,false_reject
/home/lorenzo/Documenti/GitHub/HandVerify/datasets/processed-handwritten/iam_processed/000/a01-063u.png,/home/lorenzo/Documenti/GitHub/HandVerify/datasets/processed-handwritten/iam_processed/000/a05-069.png,genuine,0.8169726729393005,0.8423718214035034,-0.02539914846420288,false_reject
/home/lorenzo/Documenti/GitHub/HandVerify/datasets/processed-handwritten/iam_processed/060/a04-039.png,/home/lorenzo/Documenti/GitHub/HandVerify/datasets/processed-handwritten/iam_processed/384/h06-085.png,impostor,0.8450757265090942,0.8423718214035034,0.0027039051055908203,false_accept
/home/lorenzo/Documenti/GitHub/HandVerify/datasets/processed-handwritten/iam_processed/286/f07-006.png,/home/lorenzo/Documenti/GitHub/HandVerify/datasets/processed-handwritten/iam_processed/387/h07-040b.png,impostor,0.9068681001663208,0.8423718214035034,0.06449627876281738,false_accept
/home/lorenzo/Documenti/GitHub/HandVerify/datasets/processed-handwritten/iam_processed/000/a01-132x.png,/home/lorenzo/Documenti/GitHub/HandVerify/datasets/processed-handwritten/iam_processed/000/a05-013.png,genuine,0.7231955528259277,0.8423718214035034,-0.11917626857757568,false_reject
/home/lorenzo/Documenti/GitHub/HandVerify/datasets/processed-handwritten/iam_processed/000/a05-053.png,/home/lorenzo/Documenti/GitHub/HandVerify/datasets/processed-handwritten/iam_processed/000/a01-003u.png,genuine,0.8057266473770142,0.8423718214035034,-0.03664517402648926,false_reject
/home/lorenzo/Documenti/GitHub/HandVerify/datasets/processed-handwritten/iam_processed/315/n02-114.png,/home/lorenzo/Documenti/GitHub/HandVerify/datasets/processed-handwritten/iam_processed/347/g06-018p.png,impostor,0.884078860282898,0.8423718214035034,0.04170703887939453,false_accept
/home/lorenzo/Documenti/GitHub/HandVerify/datasets/processed-handwritten/iam_processed/089/b01-027.png,/home/lorenzo/Documenti/GitHub/HandVerify/datasets/processed-handwritten/iam_processed/347/g06-031p.png,impostor,0.9163126945495605,0.8423718214035034,0.07394087314605713,false_accept
/home/lorenzo/Documenti/GitHub/HandVerify/datasets/processed-handwritten/iam_processed/000/a01-000u.png,/home/lorenzo/Documenti/GitHub/HandVerify/datasets/processed-handwritten/iam_processed/000/a01-128u.png,genuine,0.8052706122398376,0.8423718214035034,-0.03710120916366577,false_reject
/home/lorenzo/Documenti/GitHub/HandVerify/datasets/processed-handwritten/iam_processed/415/j06-051.png,/home/lorenzo/Documenti/GitHub/HandVerify/datasets/processed-handwritten/iam_processed/634/p06-069.png,impostor,0.9347034692764282,0.8423718214035034,0.0923316478729248,false_accept
/home/lorenzo/Documenti/GitHub/HandVerify/datasets/processed-handwritten/iam_processed/524/m02-066.png,/home/lorenzo/Documenti/GitHub/HandVerify/datasets/processed-handwritten/iam_processed/598/p02-090.png,impostor,0.9432677626609802,0.8423718214035034,0.1008959412574768,false_accept
/home/lorenzo/Documenti/GitHub/HandVerify/datasets/processed-handwritten/iam_processed/025/a02-017.png,/home/lorenzo/Documenti/GitHub/HandVerify/datasets/processed-handwritten/iam_processed/635/r06-022.png,impostor,0.9182844161987305,0.8423718214035034,0.07591259479522705,false_accept
/home/lorenzo/Documenti/GitHub/HandVerify/datasets/processed-handwritten/iam_processed/385/h07-023.png,/home/lorenzo/Documenti/GitHub/HandVerify/datasets/processed-handwritten/iam_processed/385/h07-013.png,genuine,0.8248736262321472,0.8423718214035034,-0.0174981951713562,false_reject
/home/lorenzo/Documenti/GitHub/HandVerify/datasets/processed-handwritten/iam_processed/000/a01-132x.png,/home/lorenzo/Documenti/GitHub/HandVerify/datasets/processed-handwritten/iam_processed/000/a05-039.png,genuine,0.6348205804824829,0.8423718214035034,-0.2075512409210205,false_reject
/home/lorenzo/Documenti/GitHub/HandVerify/datasets/processed-handwritten/iam_processed/201/d05-040.png,/home/lorenzo/Documenti/GitHub/HandVerify/datasets/processed-handwritten/iam_processed/209/d07-089.png,impostor,0.9454559087753296,0.8423718214035034,0.10308408737182617,false_accept
/home/lorenzo/Documenti/GitHub/HandVerify/datasets/processed-handwritten/iam_processed/093/b01-118.png,/home/lorenzo/Documenti/GitHub/HandVerify/datasets/processed-handwritten/iam_processed/130/b06-059.png,impostor,0.9788007736206055,0.8423718214035034,0.13642895221710205,false_accept
/home/lorenzo/Documenti/GitHub/HandVerify/datasets/processed-handwritten/iam_processed/451/k04-136.png,/home/lorenzo/Documenti/GitHub/HandVerify/datasets/processed-handwritten/iam_processed/490/l04-136.png,impostor,0.9363402128219604,0.8423718214035034,0.09396839141845703,false_accept
/home/lorenzo/Documenti/GitHub/HandVerify/datasets/processed-handwritten/iam_processed/018/a01-113.png,/home/lorenzo/Documenti/GitHub/HandVerify/datasets/processed-handwritten/iam_processed/346/g06-026o.png,impostor,0.848724365234375,0.8423718214035034,0.006352543830871582,false_accept
/home/lorenzo/Documenti/GitHub/HandVerify/datasets/processed-handwritten/iam_processed/000/a01-058u.png,/home/lorenzo/Documenti/GitHub/HandVerify/datasets/processed-handwritten/iam_processed/000/a05-116.png,genuine,0.7037315964698792,0.8423718214035034,-0.13864022493362427,false_reject
/home/lorenzo/Documenti/GitHub/HandVerify/datasets/processed-handwritten/iam_processed/325/g04-068.png,/home/lorenzo/Documenti/GitHub/HandVerify/datasets/processed-handwritten/iam_processed/508/m01-060.png,impostor,0.8813251256942749,0.8423718214035034,0.038953304290771484,false_accept
/home/lorenzo/Documenti/GitHub/HandVerify/datasets/processed-handwritten/iam_processed/150/c03-000a.png,/home/lorenzo/Documenti/GitHub/HandVerify/datasets/processed-handwritten/iam_processed/487/l04-098.png,impostor,0.8647095561027527,0.8423718214035034,0.022337734699249268,false_accept
/home/lorenzo/Documenti/GitHub/HandVerify/datasets/processed-handwritten/iam_processed/268/f03-174.png,/home/lorenzo/Documenti/GitHub/HandVerify/datasets/processed-handwritten/iam_processed/386/h07-025.png,impostor,0.868229866027832,0.8423718214035034,0.025858044624328613,false_accept
/home/lorenzo/Documenti/GitHub/HandVerify/datasets/processed-handwritten/iam_processed/000/a01-000u.png,/home/lorenzo/Documenti/GitHub/HandVerify/datasets/processed-handwritten/iam_processed/000/a05-080.png,genuine,0.5671594738960266,0.8423718214035034,-0.2752123475074768,false_reject
/home/lorenzo/Documenti/GitHub/HandVerify/datasets/processed-handwritten/iam_processed/125/c06-020.png,/home/lorenzo/Documenti/GitHub/HandVerify/datasets/processed-handwritten/iam_processed/492/l04-159.png,impostor,0.847346305847168,0.8423718214035034,0.004974484443664551,false_accept
/home/lorenzo/Documenti/GitHub/HandVerify/datasets/processed-handwritten/iam_processed/346/g06-037o.png,/home/lorenzo/Documenti/GitHub/HandVerify/datasets/processed-handwritten/iam_processed/544/m04-012.png,impostor,0.9545500874519348,0.8423718214035034,0.1121782660484314,false_accept
/home/lorenzo/Documenti/GitHub/HandVerify/datasets/processed-handwritten/iam_processed/246/e07-061.png,/home/lorenzo/Documenti/GitHub/HandVerify/datasets/processed-handwritten/iam_processed/346/g06-031o.png,impostor,0.931685209274292,0.8423718214035034,0.08931338787078857,false_accept
/home/lorenzo/Documenti/GitHub/HandVerify/datasets/processed-handwritten/iam_processed/556/n01-036.png,/home/lorenzo/Documenti/GitHub/HandVerify/datasets/processed-handwritten/iam_processed/670/r06-076.png,impostor,0.9224708676338196,0.8423718214035034,0.08009904623031616,false_accept
/home/lorenzo/Documenti/GitHub/HandVerify/datasets/processed-handwritten/iam_processed/567/p03-096.png,/home/lorenzo/Documenti/GitHub/HandVerify/datasets/processed-handwritten/iam_processed/567/n02-098.png,genuine,0.7520102858543396,0.8423718214035034,-0.09036153554916382,false_reject
/home/lorenzo/Documenti/GitHub/HandVerify/datasets/processed-handwritten/iam_processed/015/a01-063x.png,/home/lorenzo/Documenti/GitHub/HandVerify/datasets/processed-handwritten/iam_processed/571/n03-038.png,impostor,0.8457373380661011,0.8423718214035034,0.0033655166625976562,false_accept
/home/lorenzo/Documenti/GitHub/HandVerify/datasets/processed-handwritten/iam_processed/425/k02-076.png,/home/lorenzo/Documenti/GitHub/HandVerify/datasets/processed-handwritten/iam_processed/551/n06-194.png,impostor,0.9890422821044922,0.8423718214035034,0.14667046070098877,false_accept
/home/lorenzo/Documenti/GitHub/HandVerify/datasets/processed-handwritten/iam_processed/000/a01-007u.png,/home/lorenzo/Documenti/GitHub/HandVerify/datasets/processed-handwritten/iam_processed/000/a05-116.png,genuine,0.7573548555374146,0.8423718214035034,-0.08501696586608887,false_reject
/home/lorenzo/Documenti/GitHub/HandVerify/datasets/processed-handwritten/iam_processed/000/a01-000u.png,/home/lorenzo/Documenti/GitHub/HandVerify/datasets/processed-handwritten/iam_processed/000/a01-053u.png,genuine,0.8168289065361023,0.8423718214035034,-0.025542914867401123,false_reject
/home/lorenzo/Documenti/GitHub/HandVerify/datasets/processed-handwritten/iam_processed/000/a01-132x.png,/home/lorenzo/Documenti/GitHub/HandVerify/datasets/processed-handwritten/iam_processed/000/a01-043u.png,genuine,0.7321244478225708,0.8423718214035034,-0.11024737358093262,false_reject
/home/lorenzo/Documenti/GitHub/HandVerify/datasets/processed-handwritten/iam_processed/334/g06-018c.png,/home/lorenzo/Documenti/GitHub/HandVerify/datasets/processed-handwritten/iam_processed/334/g06-031c.png,genuine,0.5565323829650879,0.8423718214035034,-0.2858394384384155,false_reject
/home/lorenzo/Documenti/GitHub/HandVerify/datasets/processed-handwritten/iam_processed/634/p06-042.png,/home/lorenzo/Documenti/GitHub/HandVerify/datasets/processed-handwritten/iam_processed/634/p06-104.png,genuine,0.81727135181427,0.8423718214035034,-0.0251004695892334,false_reject
/home/lorenzo/Documenti/GitHub/HandVerify/datasets/processed-handwritten/iam_processed/315/r03-053.png,/home/lorenzo/Documenti/GitHub/HandVerify/datasets/processed-handwritten/iam_processed/549/m04-190.png,impostor,0.9040738344192505,0.8423718214035034,0.06170201301574707,false_accept
/home/lorenzo/Documenti/GitHub/HandVerify/datasets/processed-handwritten/iam_processed/525/m02-069.png,/home/lorenzo/Documenti/GitHub/HandVerify/datasets/processed-handwritten/iam_processed/592/p01-174.png,impostor,0.9549022912979126,0.8423718214035034,0.11253046989440918,false_accept
/home/lorenzo/Documenti/GitHub/HandVerify/datasets/processed-handwritten/iam_processed/090/b01-049.png,/home/lorenzo/Documenti/GitHub/HandVerify/datasets/processed-handwritten/iam_processed/231/e04-011.png,impostor,0.8470532894134521,0.8423718214035034,0.0046814680099487305,false_accept
/home/lorenzo/Documenti/GitHub/HandVerify/datasets/processed-handwritten/iam_processed/000/a05-099.png,/home/lorenzo/Documenti/GitHub/HandVerify/datasets/processed-handwritten/iam_processed/000/a01-014u.png,genuine,0.8205179572105408,0.8423718214035034,-0.021853864192962646,false_reject
/home/lorenzo/Documenti/GitHub/HandVerify/datasets/processed-handwritten/iam_processed/183/d03-117.png,/home/lorenzo/Documenti/GitHub/HandVerify/datasets/processed-handwritten/iam_processed/616/p03-027.png,impostor,0.9763462543487549,0.8423718214035034,0.13397443294525146,false_accept
/home/lorenzo/Documenti/GitHub/HandVerify/datasets/processed-handwritten/iam_processed/000/a01-132x.png,/home/lorenzo/Documenti/GitHub/HandVerify/datasets/processed-handwritten/iam_processed/000/a05-125.png,genuine,0.7425757050514221,0.8423718214035034,-0.0997961163520813,false_reject
/home/lorenzo/Documenti/GitHub/HandVerify/datasets/processed-handwritten/iam_processed/000/a01-058u.png,/home/lorenzo/Documenti/GitHub/HandVerify/datasets/processed-handwritten/iam_processed/000/a03-073.png,genuine,0.8006506562232971,0.8423718214035034,-0.0417211651802063,false_reject
/home/lorenzo/Documenti/GitHub/HandVerify/datasets/processed-handwritten/iam_processed/352/g07-022b.png,/home/lorenzo/Documenti/GitHub/HandVerify/datasets/processed-handwritten/iam_processed/454/k07-059a.png,impostor,0.8649247288703918,0.8423718214035034,0.022552907466888428,false_accept
/home/lorenzo/Documenti/GitHub/HandVerify/datasets/processed-handwritten/iam_processed/000/a01-132x.png,/home/lorenzo/Documenti/GitHub/HandVerify/datasets/processed-handwritten/iam_processed/000/a05-053.png,genuine,0.6722322702407837,0.8423718214035034,-0.17013955116271973,false_reject
/home/lorenzo/Documenti/GitHub/HandVerify/datasets/processed-handwritten/iam_processed/000/a05-044.png,/home/lorenzo/Documenti/GitHub/HandVerify/datasets/processed-handwritten/iam_processed/000/a01-003u.png,genuine,0.7664741277694702,0.8423718214035034,-0.0758976936340332,false_reject
/home/lorenzo/Documenti/GitHub/HandVerify/datasets/processed-handwritten/iam_processed/065/a05-004.png,/home/lorenzo/Documenti/GitHub/HandVerify/datasets/processed-handwritten/iam_processed/124/b06-049.png,impostor,0.8723950386047363,0.8423718214035034,0.03002321720123291,false_accept
/home/lorenzo/Documenti/GitHub/HandVerify/datasets/processed-handwritten/iam_processed/000/a03-089.png,/home/lorenzo/Documenti/GitHub/HandVerify/datasets/processed-handwritten/iam_processed/000/a01-063u.png,genuine,0.8337374925613403,0.8423718214035034,-0.008634328842163086,false_reject
/home/lorenzo/Documenti/GitHub/HandVerify/datasets/processed-handwritten/iam_processed/000/a01-000u.png,/home/lorenzo/Documenti/GitHub/HandVerify/datasets/processed-handwritten/iam_processed/000/a05-069.png,genuine,0.5611426830291748,0.8423718214035034,-0.2812291383743286,false_reject
/home/lorenzo/Documenti/GitHub/HandVerify/datasets/processed-handwritten/iam_processed/014/a01-053x.png,/home/lorenzo/Documenti/GitHub/HandVerify/datasets/processed-handwritten/iam_processed/315/n02-114.png,impostor,0.9613298177719116,0.8423718214035034,0.1189579963684082,false_accept
/home/lorenzo/Documenti/GitHub/HandVerify/datasets/processed-handwritten/iam_processed/000/a01-058u.png,/home/lorenzo/Documenti/GitHub/HandVerify/datasets/processed-handwritten/iam_processed/000/a05-062.png,genuine,0.7450650930404663,0.8423718214035034,-0.09730672836303711,false_reject
/home/lorenzo/Documenti/GitHub/HandVerify/datasets/processed-handwritten/iam_processed/461/l01-065.png,/home/lorenzo/Documenti/GitHub/HandVerify/datasets/processed-handwritten/iam_processed/583/n04-052.png,impostor,0.9489878416061401,0.8423718214035034,0.10661602020263672,false_accept
/home/lorenzo/Documenti/GitHub/HandVerify/datasets/processed-handwritten/iam_processed/294/g07-007a.png,/home/lorenzo/Documenti/GitHub/HandVerify/datasets/processed-handwritten/iam_processed/493/l04-163.png,impostor,0.9422928094863892,0.8423718214035034,0.09992098808288574,false_accept
/home/lorenzo/Documenti/GitHub/HandVerify/datasets/processed-handwritten/iam_processed/000/a03-050.png,/home/lorenzo/Documenti/GitHub/HandVerify/datasets/processed-handwritten/iam_processed/000/a01-049x.png,genuine,0.6849358677864075,0.8423718214035034,-0.15743595361709595,false_reject
/home/lorenzo/Documenti/GitHub/HandVerify/datasets/processed-handwritten/iam_processed/000/a01-058u.png,/home/lorenzo/Documenti/GitHub/HandVerify/datasets/processed-handwritten/iam_processed/000/a05-089.png,genuine,0.7286803722381592,0.8423718214035034,-0.11369144916534424,false_reject
/home/lorenzo/Documenti/GitHub/HandVerify/datasets/processed-handwritten/iam_processed/000/a01-132x.png,/home/lorenzo/Documenti/GitHub/HandVerify/datasets/processed-handwritten/iam_processed/405/j04-046.png,impostor,0.933972179889679,0.8423718214035034,0.09160035848617554,false_accept
/home/lorenzo/Documenti/GitHub/HandVerify/datasets/processed-handwritten/iam_processed/206/e06-000.png,/home/lorenzo/Documenti/GitHub/HandVerify/datasets/processed-handwritten/iam_processed/603/p02-115.png,impostor,0.9884954690933228,0.8423718214035034,0.14612364768981934,false_accept
/home/lorenzo/Documenti/GitHub/HandVerify/datasets/processed-handwritten/iam_processed/269/f03-182.png,/home/lorenzo/Documenti/GitHub/HandVerify/datasets/processed-handwritten/iam_processed/659/r03-026.png,impostor,0.9191402196884155,0.8423718214035034,0.07676839828491211,false_accept
/home/lorenzo/Documenti/GitHub/HandVerify/datasets/processed-handwritten/iam_processed/000/a01-063u.png,/home/lorenzo/Documenti/GitHub/HandVerify/datasets/processed-handwritten/iam_processed/000/a05-121.png,genuine,0.765490710735321,0.8423718214035034,-0.07688111066818237,false_reject
/home/lorenzo/Documenti/GitHub/HandVerify/datasets/processed-handwritten/iam_processed/000/a01-049x.png,/home/lorenzo/Documenti/GitHub/HandVerify/datasets/processed-handwritten/iam_processed/000/a05-000.png,genuine,0.8241604566574097,0.8423718214035034,-0.01821136474609375,false_reject
/home/lorenzo/Documenti/GitHub/HandVerify/datasets/processed-handwritten/iam_processed/125/b06-093.png,/home/lorenzo/Documenti/GitHub/HandVerify/datasets/processed-handwritten/iam_processed/585/n04-149.png,impostor,0.9516255855560303,0.8423718214035034,0.10925376415252686,false_accept
/home/lorenzo/Documenti/GitHub/HandVerify/datasets/processed-handwritten/iam_processed/000/a05-039.png,/home/lorenzo/Documenti/GitHub/HandVerify/datasets/processed-handwritten/iam_processed/000/a01-003u.png,genuine,0.7484210729598999,0.8423718214035034,-0.09395074844360352,false_reject
/home/lorenzo/Documenti/GitHub/HandVerify/datasets/processed-handwritten/iam_processed/000/a01-020u.png,/home/lorenzo/Documenti/GitHub/HandVerify/datasets/processed-handwritten/iam_processed/000/a05-121.png,genuine,0.8108038902282715,0.8423718214035034,-0.031567931175231934,false_reject
/home/lorenzo/Documenti/GitHub/HandVerify/datasets/processed-handwritten/iam_processed/000/a01-132x.png,/home/lorenzo/Documenti/GitHub/HandVerify/datasets/processed-handwritten/iam_processed/000/a05-029.png,genuine,0.6424213647842407,0.8423718214035034,-0.1999504566192627,false_reject
/home/lorenzo/Documenti/GitHub/HandVerify/datasets/processed-handwritten/iam_processed/063/a04-085.png,/home/lorenzo/Documenti/GitHub/HandVerify/datasets/processed-handwritten/iam_processed/333/g06-018b.png,impostor,0.9713433384895325,0.8423718214035034,0.12897151708602905,false_accept
/home/lorenzo/Documenti/GitHub/HandVerify/datasets/processed-handwritten/iam_processed/154/c03-094e.png,/home/lorenzo/Documenti/GitHub/HandVerify/datasets/processed-handwritten/iam_processed/386/h07-030.png,impostor,0.94620680809021,0.8423718214035034,0.10383498668670654,false_accept
/home/lorenzo/Documenti/GitHub/HandVerify/datasets/processed-handwritten/iam_processed/499/m01-000.png,/home/lorenzo/Documenti/GitHub/HandVerify/datasets/processed-handwritten/iam_processed/509/m01-079.png,impostor,0.9784170389175415,0.8423718214035034,0.13604521751403809,false_accept
/home/lorenzo/Documenti/GitHub/HandVerify/datasets/processed-handwritten/iam_processed/000/a05-029.png,/home/lorenzo/Documenti/GitHub/HandVerify/datasets/processed-handwritten/iam_processed/000/a01-030u.png,genuine,0.7983078360557556,0.8423718214035034,-0.0440639853477478,false_reject
/home/lorenzo/Documenti/GitHub/HandVerify/datasets/processed-handwritten/iam_processed/000/a01-011u.png,/home/lorenzo/Documenti/GitHub/HandVerify/datasets/processed-handwritten/iam_processed/000/a01-000u.png,genuine,0.8153133988380432,0.8423718214035034,-0.027058422565460205,false_reject
/home/lorenzo/Documenti/GitHub/HandVerify/datasets/processed-handwritten/iam_processed/000/a01-003u.png,/home/lorenzo/Documenti/GitHub/HandVerify/datasets/processed-handwritten/iam_processed/000/a03-073.png,genuine,0.8411778211593628,0.8423718214035034,-0.001194000244140625,false_reject
/home/lorenzo/Documenti/GitHub/HandVerify/datasets/processed-handwritten/iam_processed/206/d06-056.png,/home/lorenzo/Documenti/GitHub/HandVerify/datasets/processed-handwritten/iam_processed/332/g06-042a.png,impostor,0.8746483325958252,0.8423718214035034,0.03227651119232178,false_accept
/home/lorenzo/Documenti/GitHub/HandVerify/datasets/processed-handwritten/iam_processed/067/a06-008.png,/home/lorenzo/Documenti/GitHub/HandVerify/datasets/processed-handwritten/iam_processed/364/h02-012.png,impostor,0.970538854598999,0.8423718214035034,0.1281670331954956,false_accept
/home/lorenzo/Documenti/GitHub/HandVerify/datasets/processed-handwritten/iam_processed/000/a05-058.png,/home/lorenzo/Documenti/GitHub/HandVerify/datasets/processed-handwritten/iam_processed/000/a01-063u.png,genuine,0.7663751840591431,0.8423718214035034,-0.07599663734436035,false_reject
/home/lorenzo/Documenti/GitHub/HandVerify/datasets/processed-handwritten/iam_processed/125/b06-093.png,/home/lorenzo/Documenti/GitHub/HandVerify/datasets/processed-handwritten/iam_processed/161/c04-039.png,impostor,0.8638848066329956,0.8423718214035034,0.021512985229492188,false_accept
/home/lorenzo/Documenti/GitHub/HandVerify/datasets/processed-handwritten/iam_processed/000/a05-029.png,/home/lorenzo/Documenti/GitHub/HandVerify/datasets/processed-handwritten/iam_processed/000/a01-000u.png,genuine,0.5073139667510986,0.8423718214035034,-0.3350578546524048,false_reject
/home/lorenzo/Documenti/GitHub/HandVerify/datasets/processed-handwritten/iam_processed/000/a01-063u.png,/home/lorenzo/Documenti/GitHub/HandVerify/datasets/processed-handwritten/iam_processed/000/a05-062.png,genuine,0.7994130849838257,0.8423718214035034,-0.042958736419677734,false_reject
/home/lorenzo/Documenti/GitHub/HandVerify/datasets/processed-handwritten/iam_processed/339/g06-018h.png,/home/lorenzo/Documenti/GitHub/HandVerify/datasets/processed-handwritten/iam_processed/339/g06-042h.png,genuine,0.5815010666847229,0.8423718214035034,-0.2608707547187805,false_reject
/home/lorenzo/Documenti/GitHub/HandVerify/datasets/processed-handwritten/iam_processed/514/m01-131.png,/home/lorenzo/Documenti/GitHub/HandVerify/datasets/processed-handwritten/iam_processed/514/m01-110.png,genuine,-0.3075979948043823,0.8423718214035034,-1.1499698162078857,false_reject
/home/lorenzo/Documenti/GitHub/HandVerify/datasets/processed-handwritten/iam_processed/262/f02-036.png,/home/lorenzo/Documenti/GitHub/HandVerify/datasets/processed-handwritten/iam_processed/332/g06-045a.png,impostor,0.884480357170105,0.8423718214035034,0.04210853576660156,false_accept
/home/lorenzo/Documenti/GitHub/HandVerify/datasets/processed-handwritten/iam_processed/023/a02-008.png,/home/lorenzo/Documenti/GitHub/HandVerify/datasets/processed-handwritten/iam_processed/296/g01-019.png,impostor,0.9324301481246948,0.8423718214035034,0.0900583267211914,false_accept
/home/lorenzo/Documenti/GitHub/HandVerify/datasets/processed-handwritten/iam_processed/208/d06-113.png,/home/lorenzo/Documenti/GitHub/HandVerify/datasets/processed-handwritten/iam_processed/260/f02-020.png,impostor,0.9744954109191895,0.8423718214035034,0.13212358951568604,false_accept
/home/lorenzo/Documenti/GitHub/HandVerify/datasets/processed-handwritten/iam_processed/000/a01-132x.png,/home/lorenzo/Documenti/GitHub/HandVerify/datasets/processed-handwritten/iam_processed/000/a01-063u.png,genuine,0.5857802629470825,0.8423718214035034,-0.2565915584564209,false_reject
/home/lorenzo/Documenti/GitHub/HandVerify/datasets/processed-handwritten/iam_processed/000/a01-000u.png,/home/lorenzo/Documenti/GitHub/HandVerify/datasets/processed-handwritten/iam_processed/000/a01-096u.png,genuine,0.8237752914428711,0.8423718214035034,-0.018596529960632324,false_reject
/home/lorenzo/Documenti/GitHub/HandVerify/datasets/processed-handwritten/iam_processed/393/h07-087.png,/home/lorenzo/Documenti/GitHub/HandVerify/datasets/processed-handwritten/iam_processed/393/j07-012.png,genuine,0.7848325371742249,0.8423718214035034,-0.057539284229278564,false_reject
/home/lorenzo/Documenti/GitHub/HandVerify/datasets/processed-handwritten/iam_processed/150/c03-003a.png,/home/lorenzo/Documenti/GitHub/HandVerify/datasets/processed-handwritten/iam_processed/478/l03-008.png,impostor,0.9941287040710449,0.8423718214035034,0.1517568826675415,false_accept
/home/lorenzo/Documenti/GitHub/HandVerify/datasets/processed-handwritten/iam_processed/118/g05-098.png,/home/lorenzo/Documenti/GitHub/HandVerify/datasets/processed-handwritten/iam_processed/391/h07-071.png,impostor,0.9255601167678833,0.8423718214035034,0.08318829536437988,false_accept
/home/lorenzo/Documenti/GitHub/HandVerify/datasets/processed-handwritten/iam_processed/000/a01-014u.png,/home/lorenzo/Documenti/GitHub/HandVerify/datasets/processed-handwritten/iam_processed/000/a05-113.png,genuine,0.7934712767601013,0.8423718214035034,-0.0489005446434021,false_reject
/home/lorenzo/Documenti/GitHub/HandVerify/datasets/processed-handwritten/iam_processed/154/c03-096e.png,/home/lorenzo/Documenti/GitHub/HandVerify/datasets/processed-handwritten/iam_processed/259/f02-033.png,impostor,0.9027941226959229,0.8423718214035034,0.060422301292419434,false_accept
/home/lorenzo/Documenti/GitHub/HandVerify/datasets/processed-handwritten/iam_processed/125/b06-056.png,/home/lorenzo/Documenti/GitHub/HandVerify/datasets/processed-handwritten/iam_processed/665/r03-084.png,impostor,0.8744536638259888,0.8423718214035034,0.03208184242248535,false_accept
/home/lorenzo/Documenti/GitHub/HandVerify/datasets/processed-handwritten/iam_processed/225/e02-086.png,/home/lorenzo/Documenti/GitHub/HandVerify/datasets/processed-handwritten/iam_processed/347/g06-026p.png,impostor,0.879571259021759,0.8423718214035034,0.037199437618255615,false_accept
/home/lorenzo/Documenti/GitHub/HandVerify/datasets/processed-handwritten/iam_processed/158/e04-000.png,/home/lorenzo/Documenti/GitHub/HandVerify/datasets/processed-handwritten/iam_processed/158/c04-013.png,genuine,-0.18355238437652588,0.8423718214035034,-1.0259242057800293,false_reject
/home/lorenzo/Documenti/GitHub/HandVerify/datasets/processed-handwritten/iam_processed/133/b06-064.png,/home/lorenzo/Documenti/GitHub/HandVerify/datasets/processed-handwritten/iam_processed/588/n06-128.png,impostor,0.9305225610733032,0.8423718214035034,0.0881507396697998,false_accept
/home/lorenzo/Documenti/GitHub/HandVerify/datasets/processed-handwritten/iam_processed/000/a05-089.png,/home/lorenzo/Documenti/GitHub/HandVerify/datasets/processed-handwritten/iam_processed/000/a01-030u.png,genuine,0.821311354637146,0.8423718214035034,-0.021060466766357422,false_reject
/home/lorenzo/Documenti/GitHub/HandVerify/datasets/processed-handwritten/iam_processed/341/g06-018j.png,/home/lorenzo/Documenti/GitHub/HandVerify/datasets/processed-handwritten/iam_processed/670/r06-053.png,impostor,0.8509278297424316,0.8423718214035034,0.008556008338928223,false_accept
/home/lorenzo/Documenti/GitHub/HandVerify/datasets/processed-handwritten/iam_processed/000/a01-043u.png,/home/lorenzo/Documenti/GitHub/HandVerify/datasets/processed-handwritten/iam_processed/000/a03-080.png,genuine,0.8361737132072449,0.8423718214035034,-0.006198108196258545,false_reject
/home/lorenzo/Documenti/GitHub/HandVerify/datasets/processed-handwritten/iam_processed/000/a01-000u.png,/home/lorenzo/Documenti/GitHub/HandVerify/datasets/processed-handwritten/iam_processed/000/a05-125.png,genuine,0.5626739263534546,0.8423718214035034,-0.27969789505004883,false_reject
/home/lorenzo/Documenti/GitHub/HandVerify/datasets/processed-handwritten/iam_processed/130/b06-032.png,/home/lorenzo/Documenti/GitHub/HandVerify/datasets/processed-handwritten/iam_processed/293/f07-088b.png,impostor,0.8442391157150269,0.8423718214035034,0.0018672943115234375,false_accept
/home/lorenzo/Documenti/GitHub/HandVerify/datasets/processed-handwritten/iam_processed/151/c03-000b.png,/home/lorenzo/Documenti/GitHub/HandVerify/datasets/processed-handwritten/iam_processed/595/p02-017.png,impostor,0.9108635187149048,0.8423718214035034,0.06849169731140137,false_accept
/home/lorenzo/Documenti/GitHub/HandVerify/datasets/processed-handwritten/iam_processed/000/a05-121.png,/home/lorenzo/Documenti/GitHub/HandVerify/datasets/processed-handwritten/iam_processed/000/a01-030u.png,genuine,0.8021306395530701,0.8423718214035034,-0.04024118185043335,false_reject
/home/lorenzo/Documenti/GitHub/HandVerify/datasets/processed-handwritten/iam_processed/347/g06-050p.png,/home/lorenzo/Documenti/GitHub/HandVerify/datasets/processed-handwritten/iam_processed/549/m04-190.png,impostor,0.9210491180419922,0.8423718214035034,0.07867729663848877,false_accept
/home/lorenzo/Documenti/GitHub/HandVerify/datasets/processed-handwritten/iam_processed/000/a01-049x.png,/home/lorenzo/Documenti/GitHub/HandVerify/datasets/processed-handwritten/iam_processed/000/a05-073.png,genuine,0.7925070524215698,0.8423718214035034,-0.049864768981933594,false_reject
/home/lorenzo/Documenti/GitHub/HandVerify/datasets/processed-handwritten/iam_processed/000/a05-084.png,/home/lorenzo/Documenti/GitHub/HandVerify/datasets/processed-handwritten/iam_processed/000/a01-068u.png,genuine,0.8377492427825928,0.8423718214035034,-0.0046225786209106445,false_reject
/home/lorenzo/Documenti/GitHub/HandVerify/datasets/processed-handwritten/iam_processed/000/a01-102u.png,/home/lorenzo/Documenti/GitHub/HandVerify/datasets/processed-handwritten/iam_processed/000/a05-069.png,genuine,0.8124650120735168,0.8423718214035034,-0.029906809329986572,false_reject
/home/lorenzo/Documenti/GitHub/HandVerify/datasets/processed-handwritten/iam_processed/000/a01-132x.png,/home/lorenzo/Documenti/GitHub/HandVerify/datasets/processed-handwritten/iam_processed/000/a05-048.png,genuine,0.643512487411499,0.8423718214035034,-0.1988593339920044,false_reject
/home/lorenzo/Documenti/GitHub/HandVerify/datasets/processed-handwritten/iam_processed/000/a01-058u.png,/home/lorenzo/Documenti/GitHub/HandVerify/datasets/processed-handwritten/iam_processed/000/a05-125.png,genuine,0.7500475645065308,0.8423718214035034,-0.09232425689697266,false_reject
/home/lorenzo/Documenti/GitHub/HandVerify/datasets/processed-handwritten/iam_processed/000/a05-080.png,/home/lorenzo/Documenti/GitHub/HandVerify/datasets/processed-handwritten/iam_processed/000/a01-007u.png,genuine,0.8144640922546387,0.8423718214035034,-0.027907729148864746,false_reject
/home/lorenzo/Documenti/GitHub/HandVerify/datasets/processed-handwritten/iam_processed/000/a01-102u.png,/home/lorenzo/Documenti/GitHub/HandVerify/datasets/processed-handwritten/iam_processed/000/a05-058.png,genuine,0.7463425397872925,0.8423718214035034,-0.09602928161621094,false_reject
/home/lorenzo/Documenti/GitHub/HandVerify/datasets/processed-handwritten/iam_processed/000/a01-132x.png,/home/lorenzo/Documenti/GitHub/HandVerify/datasets/processed-handwritten/iam_processed/000/a01-122u.png,genuine,0.6901748776435852,0.8423718214035034,-0.1521969437599182,false_reject
/home/lorenzo/Documenti/GitHub/HandVerify/datasets/processed-handwritten/iam_processed/000/a01-000u.png,/home/lorenzo/Documenti/GitHub/HandVerify/datasets/processed-handwritten/iam_processed/000/a05-062.png,genuine,0.551520824432373,0.8423718214035034,-0.29085099697113037,false_reject
/home/lorenzo/Documenti/GitHub/HandVerify/datasets/processed-handwritten/iam_processed/000/a01-113u.png,/home/lorenzo/Documenti/GitHub/HandVerify/datasets/processed-handwritten/iam_processed/000/a01-000u.png,genuine,0.800393283367157,0.8423718214035034,-0.041978538036346436,false_reject
/home/lorenzo/Documenti/GitHub/HandVerify/datasets/processed-handwritten/iam_processed/131/b06-068.png,/home/lorenzo/Documenti/GitHub/HandVerify/datasets/processed-handwritten/iam_processed/205/d06-104.png,impostor,0.9740377068519592,0.8423718214035034,0.1316658854484558,false_accept
/home/lorenzo/Documenti/GitHub/HandVerify/datasets/processed-handwritten/iam_processed/000/a01-058u.png,/home/lorenzo/Documenti/GitHub/HandVerify/datasets/processed-handwritten/iam_processed/000/a05-121.png,genuine,0.712874174118042,0.8423718214035034,-0.12949764728546143,false_reject
/home/lorenzo/Documenti/GitHub/HandVerify/datasets/processed-handwritten/iam_processed/561/n02-049.png,/home/lorenzo/Documenti/GitHub/HandVerify/datasets/processed-handwritten/iam_processed/588/n06-074.png,impostor,0.8580148816108704,0.8423718214035034,0.015643060207366943,false_accept
/home/lorenzo/Documenti/GitHub/HandVerify/datasets/processed-handwritten/iam_processed/174/c06-083.png,/home/lorenzo/Documenti/GitHub/HandVerify/datasets/processed-handwritten/iam_processed/492/l04-159.png,impostor,0.9704310297966003,0.8423718214035034,0.12805920839309692,false_accept
/home/lorenzo/Documenti/GitHub/HandVerify/datasets/processed-handwritten/iam_processed/000/a01-049x.png,/home/lorenzo/Documenti/GitHub/HandVerify/datasets/processed-handwritten/iam_processed/000/a05-062.png,genuine,0.7987620830535889,0.8423718214035034,-0.04360973834991455,false_reject
/home/lorenzo/Documenti/GitHub/HandVerify/datasets/processed-handwritten/iam_processed/454/k07-077.png,/home/lorenzo/Documenti/GitHub/HandVerify/datasets/processed-handwritten/iam_processed/667/r03-096.png,impostor,0.8740825653076172,0.8423718214035034,0.03171074390411377,false_accept
/home/lorenzo/Documenti/GitHub/HandVerify/datasets/processed-handwritten/iam_processed/415/j06-051.png,/home/lorenzo/Documenti/GitHub/HandVerify/datasets/processed-handwritten/iam_processed/635/p06-248.png,impostor,0.8522475957870483,0.8423718214035034,0.009875774383544922,false_accept
/home/lorenzo/Documenti/GitHub/HandVerify/datasets/processed-handwritten/iam_processed/113/b04-181.png,/home/lorenzo/Documenti/GitHub/HandVerify/datasets/processed-handwritten/iam_processed/488/l04-106.png,impostor,0.8666065335273743,0.8423718214035034,0.02423471212387085,false_accept
/home/lorenzo/Documenti/GitHub/HandVerify/datasets/processed-handwritten/iam_processed/000/a01-068u.png,/home/lorenzo/Documenti/GitHub/HandVerify/datasets/processed-handwritten/iam_processed/000/a05-116.png,genuine,0.8216741681098938,0.8423718214035034,-0.02069765329360962,false_reject
/home/lorenzo/Documenti/GitHub/HandVerify/datasets/processed-handwritten/iam_processed/118/b05-055.png,/home/lorenzo/Documenti/GitHub/HandVerify/datasets/processed-handwritten/iam_processed/647/r02-078.png,impostor,0.8673344254493713,0.8423718214035034,0.02496260404586792,false_accept
/home/lorenzo/Documenti/GitHub/HandVerify/datasets/processed-handwritten/iam_processed/000/a01-003u.png,/home/lorenzo/Documenti/GitHub/HandVerify/datasets/processed-handwritten/iam_processed/000/a05-062.png,genuine,0.7615883350372314,0.8423718214035034,-0.08078348636627197,false_reject
/home/lorenzo/Documenti/GitHub/HandVerify/datasets/processed-handwritten/iam_processed/147/c02-078.png,/home/lorenzo/Documenti/GitHub/HandVerify/datasets/processed-handwritten/iam_processed/257/f02-000.png,impostor,0.9655027985572815,0.8423718214035034,0.12313097715377808,false_accept
/home/lorenzo/Documenti/GitHub/HandVerify/datasets/processed-handwritten/iam_processed/078/a06-075.png,/home/lorenzo/Documenti/GitHub/HandVerify/datasets/processed-handwritten/iam_processed/211/e01-025.png,impostor,0.9487574100494385,0.8423718214035034,0.10638558864593506,false_accept
/home/lorenzo/Documenti/GitHub/HandVerify/datasets/processed-handwritten/iam_processed/175/d01-019.png,/home/lorenzo/Documenti/GitHub/HandVerify/datasets/processed-handwritten/iam_processed/456/k07-176.png,impostor,0.8670165538787842,0.8423718214035034,0.02464473247528076,false_accept
/home/lorenzo/Documenti/GitHub/HandVerify/datasets/processed-handwritten/iam_processed/421/k02-036.png,/home/lorenzo/Documenti/GitHub/HandVerify/datasets/processed-handwritten/iam_processed/425/k02-076.png,impostor,0.9838957786560059,0.8423718214035034,0.14152395725250244,false_accept
/home/lorenzo/Documenti/GitHub/HandVerify/datasets/processed-handwritten/iam_processed/000/a01-049x.png,/home/lorenzo/Documenti/GitHub/HandVerify/datasets/processed-handwritten/iam_processed/000/a01-077u.png,genuine,0.7562453150749207,0.8423718214035034,-0.08612650632858276,false_reject
/home/lorenzo/Documenti/GitHub/HandVerify/datasets/processed-handwritten/iam_processed/062/a04-066.png,/home/lorenzo/Documenti/GitHub/HandVerify/datasets/processed-handwritten/iam_processed/631/p03-181.png,impostor,0.8461779952049255,0.8423718214035034,0.003806173801422119,false_accept
/home/lorenzo/Documenti/GitHub/HandVerify/datasets/processed-handwritten/iam_processed/128/c06-027.png,/home/lorenzo/Documenti/GitHub/HandVerify/datasets/processed-handwritten/iam_processed/192/d04-071.png,impostor,0.9895259737968445,0.8423718214035034,0.14715415239334106,false_accept
/home/lorenzo/Documenti/GitHub/HandVerify/datasets/processed-handwritten/iam_processed/347/g06-011p.png,/home/lorenzo/Documenti/GitHub/HandVerify/datasets/processed-handwritten/iam_processed/566/n02-082a.png,impostor,0.9413480162620544,0.8423718214035034,0.09897619485855103,false_accept
/home/lorenzo/Documenti/GitHub/HandVerify/datasets/processed-handwritten/iam_processed/204/d06-011.png,/home/lorenzo/Documenti/GitHub/HandVerify/datasets/processed-handwritten/iam_processed/634/p06-042.png,impostor,0.9870486855506897,0.8423718214035034,0.14467686414718628,false_accept
/home/lorenzo/Documenti/GitHub/HandVerify/datasets/processed-handwritten/iam_processed/000/a01-102u.png,/home/lorenzo/Documenti/GitHub/HandVerify/datasets/processed-handwritten/iam_processed/000/a01-049x.png,genuine,0.5664068460464478,0.8423718214035034,-0.27596497535705566,false_reject
/home/lorenzo/Documenti/GitHub/HandVerify/datasets/processed-handwritten/iam_processed/117/b05-042.png,/home/lorenzo/Documenti/GitHub/HandVerify/datasets/processed-handwritten/iam_processed/117/b05-045.png,genuine,0.6566047072410583,0.8423718214035034,-0.18576711416244507,false_reject
/home/lorenzo/Documenti/GitHub/HandVerify/datasets/processed-handwritten/iam_processed/060/a04-031.png,/home/lorenzo/Documenti/GitHub/HandVerify/datasets/processed-handwritten/iam_processed/580/n03-120.png,impostor,0.8813291788101196,0.8423718214035034,0.03895735740661621,false_accept
/home/lorenzo/Documenti/GitHub/HandVerify/datasets/processed-handwritten/iam_processed/000/a05-029.png,/home/lorenzo/Documenti/GitHub/HandVerify/datasets/processed-handwritten/iam_processed/000/a01-043u.png,genuine,0.7844176888465881,0.8423718214035034,-0.05795413255691528,false_reject
/home/lorenzo/Documenti/GitHub/HandVerify/datasets/processed-handwritten/iam_processed/393/j07-009.png,/home/lorenzo/Documenti/GitHub/HandVerify/datasets/processed-handwritten/iam_processed/393/j07-015.png,genuine,0.8216527700424194,0.8423718214035034,-0.020719051361083984,false_reject
/home/lorenzo/Documenti/GitHub/HandVerify/datasets/processed-handwritten/iam_processed/343/g06-011l.png,/home/lorenzo/Documenti/GitHub/HandVerify/datasets/processed-handwritten/iam_processed/343/g06-050l.png,genuine,0.7783952355384827,0.8423718214035034,-0.06397658586502075,false_reject
/home/lorenzo/Documenti/GitHub/HandVerify/datasets/processed-handwritten/iam_processed/000/a01-049x.png,/home/lorenzo/Documenti/GitHub/HandVerify/datasets/processed-handwritten/iam_processed/000/a05-099.png,genuine,0.8228026628494263,0.8423718214035034,-0.01956915855407715,false_reject
/home/lorenzo/Documenti/GitHub/HandVerify/datasets/processed-handwritten/iam_processed/133/c06-043.png,/home/lorenzo/Documenti/GitHub/HandVerify/datasets/processed-handwritten/iam_processed/275/f04-024.png,impostor,0.9147698879241943,0.8423718214035034,0.07239806652069092,false_accept
/home/lorenzo/Documenti/GitHub/HandVerify/datasets/processed-handwritten/iam_processed/000/a05-104.png,/home/lorenzo/Documenti/GitHub/HandVerify/datasets/processed-handwritten/iam_processed/000/a01-026u.png,genuine,0.740288496017456,0.8423718214035034,-0.10208332538604736,false_reject
/home/lorenzo/Documenti/GitHub/HandVerify/datasets/processed-handwritten/iam_processed/334/g06-026c.png,/home/lorenzo/Documenti/GitHub/HandVerify/datasets/processed-handwritten/iam_processed/334/g06-011c.png,genuine,0.6646801233291626,0.8423718214035034,-0.17769169807434082,false_reject
/home/lorenzo/Documenti/GitHub/HandVerify/datasets/processed-handwritten/iam_processed/000/a01-132x.png,/home/lorenzo/Documenti/GitHub/HandVerify/datasets/processed-handwritten/iam_processed/000/a01-113u.png,genuine,0.7139537930488586,0.8423718214035034,-0.12841802835464478,false_reject
/home/lorenzo/Documenti/GitHub/HandVerify/datasets/processed-handwritten/iam_processed/334/g06-026c.png,/home/lorenzo/Documenti/GitHub/HandVerify/datasets/processed-handwritten/iam_processed/334/g06-031c.png,genuine,0.7789661884307861,0.8423718214035034,-0.06340563297271729,false_reject
/home/lorenzo/Documenti/GitHub/HandVerify/datasets/processed-handwritten/iam_processed/131/c06-058.png,/home/lorenzo/Documenti/GitHub/HandVerify/datasets/processed-handwritten/iam_processed/553/n01-009.png,impostor,0.9652110934257507,0.8423718214035034,0.12283927202224731,false_accept
/home/lorenzo/Documenti/GitHub/HandVerify/datasets/processed-handwritten/iam_processed/234/e04-034.png,/home/lorenzo/Documenti/GitHub/HandVerify/datasets/processed-handwritten/iam_processed/590/p01-155.png,impostor,0.9543566107749939,0.8423718214035034,0.11198478937149048,false_accept
/home/lorenzo/Documenti/GitHub/HandVerify/datasets/processed-handwritten/iam_processed/025/a02-024.png,/home/lorenzo/Documenti/GitHub/HandVerify/datasets/processed-handwritten/iam_processed/112/b04-140.png,impostor,0.8812111616134644,0.8423718214035034,0.03883934020996094,false_accept
/home/lorenzo/Documenti/GitHub/HandVerify/datasets/processed-handwritten/iam_processed/150/c03-087a.png,/home/lorenzo/Documenti/GitHub/HandVerify/datasets/processed-handwritten/iam_processed/362/h02-004.png,impostor,0.9436521530151367,0.8423718214035034,0.1012803316116333,false_accept
/home/lorenzo/Documenti/GitHub/HandVerify/datasets/processed-handwritten/iam_processed/017/b01-057.png,/home/lorenzo/Documenti/GitHub/HandVerify/datasets/processed-handwritten/iam_processed/249/e07-112.png,impostor,0.9168098568916321,0.8423718214035034,0.07443803548812866,false_accept
/home/lorenzo/Documenti/GitHub/HandVerify/datasets/processed-handwritten/iam_processed/109/b04-060.png,/home/lorenzo/Documenti/GitHub/HandVerify/datasets/processed-handwritten/iam_processed/231/e04-011.png,impostor,0.8929829597473145,0.8423718214035034,0.050611138343811035,false_accept
/home/lorenzo/Documenti/GitHub/HandVerify/datasets/processed-handwritten/iam_processed/187/d04-032.png,/home/lorenzo/Documenti/GitHub/HandVerify/datasets/processed-handwritten/iam_processed/325/g04-072.png,impostor,0.9810774922370911,0.8423718214035034,0.13870567083358765,false_accept
/home/lorenzo/Documenti/GitHub/HandVerify/datasets/processed-handwritten/iam_processed/391/h07-080.png,/home/lorenzo/Documenti/GitHub/HandVerify/datasets/processed-handwritten/iam_processed/527/m02-106.png,impostor,0.9046300649642944,0.8423718214035034,0.062258243560791016,false_accept
/home/lorenzo/Documenti/GitHub/HandVerify/datasets/processed-handwritten/iam_processed/337/g06-050f.png,/home/lorenzo/Documenti/GitHub/HandVerify/datasets/processed-handwritten/iam_processed/337/g06-042f.png,genuine,0.8256343603134155,0.8423718214035034,-0.01673746109008789,false_reject
/home/lorenzo/Documenti/GitHub/HandVerify/datasets/processed-handwritten/iam_processed/334/g06-011c.png,/home/lorenzo/Documenti/GitHub/HandVerify/datasets/processed-handwritten/iam_processed/334/g06-042c.png,genuine,0.822952151298523,0.8423718214035034,-0.01941967010498047,false_reject
/home/lorenzo/Documenti/GitHub/HandVerify/datasets/processed-handwritten/iam_processed/000/a05-022.png,/home/lorenzo/Documenti/GitHub/HandVerify/datasets/processed-handwritten/iam_processed/000/a01-043u.png,genuine,0.8269379138946533,0.8423718214035034,-0.015433907508850098,false_reject
/home/lorenzo/Documenti/GitHub/HandVerify/datasets/processed-handwritten/iam_processed/000/a05-104.png,/home/lorenzo/Documenti/GitHub/HandVerify/datasets/processed-handwritten/iam_processed/000/a01-007u.png,genuine,0.7532904148101807,0.8423718214035034,-0.08908140659332275,false_reject
/home/lorenzo/Documenti/GitHub/HandVerify/datasets/processed-handwritten/iam_processed/064/a04-103.png,/home/lorenzo/Documenti/GitHub/HandVerify/datasets/processed-handwritten/iam_processed/410/j04-080.png,impostor,0.8555540442466736,0.8423718214035034,0.013182222843170166,false_accept
/home/lorenzo/Documenti/GitHub/HandVerify/datasets/processed-handwritten/iam_processed/551/m06-019.png,/home/lorenzo/Documenti/GitHub/HandVerify/datasets/processed-handwritten/iam_processed/631/p03-181.png,impostor,0.9527396559715271,0.8423718214035034,0.11036783456802368,false_accept
/home/lorenzo/Documenti/GitHub/HandVerify/datasets/processed-handwritten/iam_processed/346/g06-018o.png,/home/lorenzo/Documenti/GitHub/HandVerify/datasets/processed-handwritten/iam_processed/635/r06-000.png,impostor,0.9389760494232178,0.8423718214035034,0.09660422801971436,false_accept
/home/lorenzo/Documenti/GitHub/HandVerify/datasets/processed-handwritten/iam_processed/635/r06-000.png,/home/lorenzo/Documenti/GitHub/HandVerify/datasets/processed-handwritten/iam_processed/671/r06-115.png,impostor,0.8427153825759888,0.8423718214035034,0.00034356117248535156,false_accept
/home/lorenzo/Documenti/GitHub/HandVerify/datasets/processed-handwritten/iam_processed/000/a01-102u.png,/home/lorenzo/Documenti/GitHub/HandVerify/datasets/processed-handwritten/iam_processed/000/a03-089.png,genuine,0.8144307732582092,0.8423718214035034,-0.02794104814529419,false_reject
/home/lorenzo/Documenti/GitHub/HandVerify/datasets/processed-handwritten/iam_processed/121/b05-098.png,/home/lorenzo/Documenti/GitHub/HandVerify/datasets/processed-handwritten/iam_processed/582/n04-015.png,impostor,0.8749472498893738,0.8423718214035034,0.03257542848587036,false_accept
/home/lorenzo/Documenti/GitHub/HandVerify/datasets/processed-handwritten/iam_processed/000/a05-017.png,/home/lorenzo/Documenti/GitHub/HandVerify/datasets/processed-handwritten/iam_processed/000/a01-003u.png,genuine,0.7314431667327881,0.8423718214035034,-0.11092865467071533,false_reject
/home/lorenzo/Documenti/GitHub/HandVerify/datasets/processed-handwritten/iam_processed/000/a05-121.png,/home/lorenzo/Documenti/GitHub/HandVerify/datasets/processed-handwritten/iam_processed/000/a01-014u.png,genuine,0.8125914931297302,0.8423718214035034,-0.029780328273773193,false_reject
/home/lorenzo/Documenti/GitHub/HandVerify/datasets/processed-handwritten/iam_processed/567/p03-096.png,/home/lorenzo/Documenti/GitHub/HandVerify/datasets/processed-handwritten/iam_processed/567/p03-057.png,genuine,0.8067823648452759,0.8423718214035034,-0.03558945655822754,false_reject
/home/lorenzo/Documenti/GitHub/HandVerify/datasets/processed-handwritten/iam_processed/353/g07-044.png,/home/lorenzo/Documenti/GitHub/HandVerify/datasets/processed-handwritten/iam_processed/353/g07-038.png,genuine,-0.20006586611270905,0.8423718214035034,-1.0424376875162125,false_reject
/home/lorenzo/Documenti/GitHub/HandVerify/datasets/processed-handwritten/iam_processed/000/a01-020u.png,/home/lorenzo/Documenti/GitHub/HandVerify/datasets/processed-handwritten/iam_processed/000/a05-116.png,genuine,0.7990291714668274,0.8423718214035034,-0.043342649936676025,false_reject
/home/lorenzo/Documenti/GitHub/HandVerify/datasets/processed-handwritten/iam_processed/454/k07-059a.png,/home/lorenzo/Documenti/GitHub/HandVerify/datasets/processed-handwritten/iam_processed/670/r06-066.png,impostor,0.8868001103401184,0.8423718214035034,0.04442828893661499,false_accept
/home/lorenzo/Documenti/GitHub/HandVerify/datasets/processed-handwritten/iam_processed/094/b01-127.png,/home/lorenzo/Documenti/GitHub/HandVerify/datasets/processed-handwritten/iam_processed/209/d07-089.png,impostor,0.851768970489502,0.8423718214035034,0.009397149085998535,false_accept
/home/lorenzo/Documenti/GitHub/HandVerify/datasets/processed-handwritten/iam_processed/154/c03-094e.png,/home/lorenzo/Documenti/GitHub/HandVerify/datasets/processed-handwritten/iam_processed/246/e07-066.png,impostor,0.8789021968841553,0.8423718214035034,0.036530375480651855,false_accept
/home/lorenzo/Documenti/GitHub/HandVerify/datasets/processed-handwritten/iam_processed/000/a01-043u.png,/home/lorenzo/Documenti/GitHub/HandVerify/datasets/processed-handwritten/iam_processed/000/a05-089.png,genuine,0.8090595602989197,0.8423718214035034,-0.03331226110458374,false_reject
/home/lorenzo/Documenti/GitHub/HandVerify/datasets/processed-handwritten/iam_processed/000/a05-029.png,/home/lorenzo/Documenti/GitHub/HandVerify/datasets/processed-handwritten/iam_processed/000/a01-068u.png,genuine,0.82871413230896,0.8423718214035034,-0.013657689094543457,false_reject
/home/lorenzo/Documenti/GitHub/HandVerify/datasets/processed-handwritten/iam_processed/000/a05-029.png,/home/lorenzo/Documenti/GitHub/HandVerify/datasets/processed-handwritten/iam_processed/000/a01-007u.png,genuine,0.7579309344291687,0.8423718214035034,-0.08444088697433472,false_reject
/home/lorenzo/Documenti/GitHub/HandVerify/datasets/processed-handwritten/iam_processed/000/a05-044.png,/home/lorenzo/Documenti/GitHub/HandVerify/datasets/processed-handwritten/iam_processed/000/a01-026u.png,genuine,0.8109726905822754,0.8423718214035034,-0.03139913082122803,false_reject
/home/lorenzo/Documenti/GitHub/HandVerify/datasets/processed-handwritten/iam_processed/125/c06-005.png,/home/lorenzo/Documenti/GitHub/HandVerify/datasets/processed-handwritten/iam_processed/462/l01-082.png,impostor,0.9774178862571716,0.8423718214035034,0.1350460648536682,false_accept
/home/lorenzo/Documenti/GitHub/HandVerify/datasets/processed-handwritten/iam_processed/205/e06-049.png,/home/lorenzo/Documenti/GitHub/HandVerify/datasets/processed-handwritten/iam_processed/415/j06-056.png,impostor,0.9016011357307434,0.8423718214035034,0.05922931432723999,false_accept
/home/lorenzo/Documenti/GitHub/HandVerify/datasets/processed-handwritten/iam_processed/338/g06-047g.png,/home/lorenzo/Documenti/GitHub/HandVerify/datasets/processed-handwritten/iam_processed/387/h07-033a.png,impostor,0.9605716466903687,0.8423718214035034,0.11819982528686523,false_accept
/home/lorenzo/Documenti/GitHub/HandVerify/datasets/processed-handwritten/iam_processed/000/a01-007u.png,/home/lorenzo/Documenti/GitHub/HandVerify/datasets/processed-handwritten/iam_processed/000/a05-062.png,genuine,0.7955581545829773,0.8423718214035034,-0.04681366682052612,false_reject
/home/lorenzo/Documenti/GitHub/HandVerify/datasets/processed-handwritten/iam_processed/308/g03-000.png,/home/lorenzo/Documenti/GitHub/HandVerify/datasets/processed-handwritten/iam_processed/634/p06-058.png,impostor,0.9025975465774536,0.8423718214035034,0.060225725173950195,false_accept
/home/lorenzo/Documenti/GitHub/HandVerify/datasets/processed-handwritten/iam_processed/555/n01-045.png,/home/lorenzo/Documenti/GitHub/HandVerify/datasets/processed-handwritten/iam_processed/583/n04-075.png,impostor,0.9807932376861572,0.8423718214035034,0.1384214162826538,false_accept
/home/lorenzo/Documenti/GitHub/HandVerify/datasets/processed-handwritten/iam_processed/000/a01-020u.png,/home/lorenzo/Documenti/GitHub/HandVerify/datasets/processed-handwritten/iam_processed/000/a05-089.png,genuine,0.8220647573471069,0.8423718214035034,-0.020307064056396484,false_reject
/home/lorenzo/Documenti/GitHub/HandVerify/datasets/processed-handwritten/iam_processed/337/g06-050f.png,/home/lorenzo/Documenti/GitHub/HandVerify/datasets/processed-handwritten/iam_processed/337/g06-011f.png,genuine,0.7027624249458313,0.8423718214035034,-0.13960939645767212,false_reject
/home/lorenzo/Documenti/GitHub/HandVerify/datasets/processed-handwritten/iam_processed/000/a01-000u.png,/home/lorenzo/Documenti/GitHub/HandVerify/datasets/processed-handwritten/iam_processed/000/a05-025.png,genuine,0.6053915023803711,0.8423718214035034,-0.23698031902313232,false_reject
/home/lorenzo/Documenti/GitHub/HandVerify/datasets/processed-handwritten/iam_processed/333/g06-042b.png,/home/lorenzo/Documenti/GitHub/HandVerify/datasets/processed-handwritten/iam_processed/333/g06-047b.png,genuine,0.7891967296600342,0.8423718214035034,-0.05317509174346924,false_reject
/home/lorenzo/Documenti/GitHub/HandVerify/datasets/processed-handwritten/iam_processed/113/b04-162.png,/home/lorenzo/Documenti/GitHub/HandVerify/datasets/processed-handwritten/iam_processed/532/m02-095.png,impostor,0.862782895565033,0.8423718214035034,0.02041107416152954,false_accept
/home/lorenzo/Documenti/GitHub/HandVerify/datasets/processed-handwritten/iam_processed/473/l01-187.png,/home/lorenzo/Documenti/GitHub/HandVerify/datasets/processed-handwritten/iam_processed/647/r02-078.png,impostor,0.9985858201980591,0.8423718214035034,0.15621399879455566,false_accept
/home/lorenzo/Documenti/GitHub/HandVerify/datasets/processed-handwritten/iam_processed/000/a01-132x.png,/home/lorenzo/Documenti/GitHub/HandVerify/datasets/processed-handwritten/iam_processed/000/a01-096u.png,genuine,0.6536586284637451,0.8423718214035034,-0.1887131929397583,false_reject
/home/lorenzo/Documenti/GitHub/HandVerify/datasets/processed-handwritten/iam_processed/000/a01-132x.png,/home/lorenzo/Documenti/GitHub/HandVerify/datasets/processed-handwritten/iam_processed/000/a03-073.png,genuine,0.5784226059913635,0.8423718214035034,-0.2639492154121399,false_reject
/home/lorenzo/Documenti/GitHub/HandVerify/datasets/processed-handwritten/iam_processed/206/e06-021.png,/home/lorenzo/Documenti/GitHub/HandVerify/datasets/processed-handwritten/iam_processed/233/e04-026.png,impostor,0.875798761844635,0.8423718214035034,0.03342694044113159,false_accept
/home/lorenzo/Documenti/GitHub/HandVerify/datasets/processed-handwritten/iam_processed/585/n04-163.png,/home/lorenzo/Documenti/GitHub/HandVerify/datasets/processed-handwritten/iam_processed/585/n04-139.png,genuine,0.8051849603652954,0.8423718214035034,-0.03718686103820801,false_reject
/home/lorenzo/Documenti/GitHub/HandVerify/datasets/processed-handwritten/iam_processed/000/a01-132x.png,/home/lorenzo/Documenti/GitHub/HandVerify/datasets/processed-handwritten/iam_processed/000/a05-113.png,genuine,0.6643291711807251,0.8423718214035034,-0.17804265022277832,false_reject
/home/lorenzo/Documenti/GitHub/HandVerify/datasets/processed-handwritten/iam_processed/241/e04-132.png,/home/lorenzo/Documenti/GitHub/HandVerify/datasets/processed-handwritten/iam_processed/494/l04-174.png,impostor,0.9122148156166077,0.8423718214035034,0.06984299421310425,false_accept
/home/lorenzo/Documenti/GitHub/HandVerify/datasets/processed-handwritten/iam_processed/150/c03-000a.png,/home/lorenzo/Documenti/GitHub/HandVerify/datasets/processed-handwritten/iam_processed/423/k02-062.png,impostor,0.8717314600944519,0.8423718214035034,0.029359638690948486,false_accept
/home/lorenzo/Documenti/GitHub/HandVerify/datasets/processed-handwritten/iam_processed/140/c02-022.png,/home/lorenzo/Documenti/GitHub/HandVerify/datasets/processed-handwritten/iam_processed/154/c03-000e.png,impostor,0.9400461316108704,0.8423718214035034,0.09767431020736694,false_accept
/home/lorenzo/Documenti/GitHub/HandVerify/datasets/processed-handwritten/iam_processed/342/g06-011k.png,/home/lorenzo/Documenti/GitHub/HandVerify/datasets/processed-handwritten/iam_processed/342/g06-047k.png,genuine,0.8367830514907837,0.8423718214035034,-0.0055887699127197266,false_reject
/home/lorenzo/Documenti/GitHub/HandVerify/datasets/processed-handwritten/iam_processed/337/g06-050f.png,/home/lorenzo/Documenti/GitHub/HandVerify/datasets/processed-handwritten/iam_processed/337/g06-018f.png,genuine,0.7470437288284302,0.8423718214035034,-0.09532809257507324,false_reject
/home/lorenzo/Documenti/GitHub/HandVerify/datasets/processed-handwritten/iam_processed/000/a01-132x.png,/home/lorenzo/Documenti/GitHub/HandVerify/datasets/processed-handwritten/iam_processed/000/a03-071.png,genuine,0.6157371997833252,0.8423718214035034,-0.22663462162017822,false_reject
/home/lorenzo/Documenti/GitHub/HandVerify/datasets/processed-handwritten/iam_processed/315/n02-109.png,/home/lorenzo/Documenti/GitHub/HandVerify/datasets/processed-handwritten/iam_processed/601/p02-105.png,impostor,0.9521841406822205,0.8423718214035034,0.10981231927871704,false_accept
/home/lorenzo/Documenti/GitHub/HandVerify/datasets/processed-handwritten/iam_processed/475/l01-199.png,/home/lorenzo/Documenti/GitHub/HandVerify/datasets/processed-handwritten/iam_processed/590/p01-155.png,impostor,0.9874769449234009,0.8423718214035034,0.14510512351989746,false_accept
/home/lorenzo/Documenti/GitHub/HandVerify/datasets/processed-handwritten/iam_processed/000/a05-125.png,/home/lorenzo/Documenti/GitHub/HandVerify/datasets/processed-handwritten/iam_processed/000/a01-043u.png,genuine,0.8286525011062622,0.8423718214035034,-0.013719320297241211,false_reject
/home/lorenzo/Documenti/GitHub/HandVerify/datasets/processed-handwritten/iam_processed/550/m04-238.png,/home/lorenzo/Documenti/GitHub/HandVerify/datasets/processed-handwritten/iam_processed/550/n04-000.png,genuine,0.8023311495780945,0.8423718214035034,-0.040040671825408936,false_reject
/home/lorenzo/Documenti/GitHub/HandVerify/datasets/processed-handwritten/iam_processed/125/c06-005.png,/home/lorenzo/Documenti/GitHub/HandVerify/datasets/processed-handwritten/iam_processed/317/g03-058.png,impostor,0.8755436539649963,0.8423718214035034,0.03317183256149292,false_accept
/home/lorenzo/Documenti/GitHub/HandVerify/datasets/processed-handwritten/iam_processed/409/j04-070.png,/home/lorenzo/Documenti/GitHub/HandVerify/datasets/processed-handwritten/iam_processed/423/k02-062.png,impostor,0.9923028945922852,0.8423718214035034,0.14993107318878174,false_accept
/home/lorenzo/Documenti/GitHub/HandVerify/datasets/processed-handwritten/iam_processed/000/a05-022.png,/home/lorenzo/Documenti/GitHub/HandVerify/datasets/processed-handwritten/iam_processed/000/a01-003u.png,genuine,0.7702706456184387,0.8423718214035034,-0.0721011757850647,false_reject
/home/lorenzo/Documenti/GitHub/HandVerify/datasets/processed-handwritten/iam_processed/000/a01-000u.png,/home/lorenzo/Documenti/GitHub/HandVerify/datasets/processed-handwritten/iam_processed/000/a05-121.png,genuine,0.5074242353439331,0.8423718214035034,-0.3349475860595703,false_reject
/home/lorenzo/Documenti/GitHub/HandVerify/datasets/processed-handwritten/iam_processed/000/a01-132x.png,/home/lorenzo/Documenti/GitHub/HandVerify/datasets/processed-handwritten/iam_processed/000/a05-084.png,genuine,0.6863570809364319,0.8423718214035034,-0.15601474046707153,false_reject
/home/lorenzo/Documenti/GitHub/HandVerify/datasets/processed-handwritten/iam_processed/000/a01-132x.png,/home/lorenzo/Documenti/GitHub/HandVerify/datasets/processed-handwritten/iam_processed/000/a01-107u.png,genuine,0.7941023111343384,0.8423718214035034,-0.04826951026916504,false_reject
/home/lorenzo/Documenti/GitHub/HandVerify/datasets/processed-handwritten/iam_processed/022/a02-004.png,/home/lorenzo/Documenti/GitHub/HandVerify/datasets/processed-handwritten/iam_processed/580/n03-120.png,impostor,0.9205606579780579,0.8423718214035034,0.07818883657455444,false_accept
/home/lorenzo/Documenti/GitHub/HandVerify/datasets/processed-handwritten/iam_processed/044/a03-017.png,/home/lorenzo/Documenti/GitHub/HandVerify/datasets/processed-handwritten/iam_processed/341/g06-047j.png,impostor,0.9064637422561646,0.8423718214035034,0.06409192085266113,false_accept
/home/lorenzo/Documenti/GitHub/HandVerify/datasets/processed-handwritten/iam_processed/585/n04-130.png,/home/lorenzo/Documenti/GitHub/HandVerify/datasets/processed-handwritten/iam_processed/585/n04-163.png,genuine,0.7210932970046997,0.8423718214035034,-0.12127852439880371,false_reject
/home/lorenzo/Documenti/GitHub/HandVerify/datasets/processed-handwritten/iam_processed/000/a01-007u.png,/home/lorenzo/Documenti/GitHub/HandVerify/datasets/processed-handwritten/iam_processed/000/a05-089.png,genuine,0.7950750589370728,0.8423718214035034,-0.047296762466430664,false_reject
/home/lorenzo/Documenti/GitHub/HandVerify/datasets/processed-handwritten/iam_processed/000/a05-108.png,/home/lorenzo/Documenti/GitHub/HandVerify/datasets/processed-handwritten/iam_processed/000/a01-007u.png,genuine,0.8230671882629395,0.8423718214035034,-0.019304633140563965,false_reject
/home/lorenzo/Documenti/GitHub/HandVerify/datasets/processed-handwritten/iam_processed/000/a01-132x.png,/home/lorenzo/Documenti/GitHub/HandVerify/datasets/processed-handwritten/iam_processed/000/a05-099.png,genuine,0.6836727261543274,0.8423718214035034,-0.15869909524917603,false_reject
/home/lorenzo/Documenti/GitHub/HandVerify/datasets/processed-handwritten/iam_processed/000/a05-025.png,/home/lorenzo/Documenti/GitHub/HandVerify/datasets/processed-handwritten/iam_processed/000/a01-026u.png,genuine,0.8077905178070068,0.8423718214035034,-0.03458130359649658,false_reject
/home/lorenzo/Documenti/GitHub/HandVerify/datasets/processed-handwritten/iam_processed/000/a03-080.png,/home/lorenzo/Documenti/GitHub/HandVerify/datasets/processed-handwritten/iam_processed/000/a01-026u.png,genuine,0.7897224426269531,0.8423718214035034,-0.05264937877655029,false_reject
/home/lorenzo/Documenti/GitHub/HandVerify/datasets/processed-handwritten/iam_processed/018/a01-107.png,/home/lorenzo/Documenti/GitHub/HandVerify/datasets/processed-handwritten/iam_processed/347/g06-026p.png,impostor,0.8531642556190491,0.8423718214035034,0.010792434215545654,false_accept
/home/lorenzo/Documenti/GitHub/HandVerify/datasets/processed-handwritten/iam_processed/043/a03-014.png,/home/lorenzo/Documenti/GitHub/HandVerify/datasets/processed-handwritten/iam_processed/341/g06-018j.png,impostor,0.972241222858429,0.8423718214035034,0.12986940145492554,false_accept
/home/lorenzo/Documenti/GitHub/HandVerify/datasets/processed-handwritten/iam_processed/000/a05-104.png,/home/lorenzo/Documenti/GitHub/HandVerify/datasets/processed-handwritten/iam_processed/000/a01-043u.png,genuine,0.7773916125297546,0.8423718214035034,-0.06498020887374878,false_reject
/home/lorenzo/Documenti/GitHub/HandVerify/datasets/processed-handwritten/iam_processed/288/f07-019a.png,/home/lorenzo/Documenti/GitHub/HandVerify/datasets/processed-handwritten/iam_processed/489/l04-118.png,impostor,0.9881231784820557,0.8423718214035034,0.14575135707855225,false_accept
/home/lorenzo/Documenti/GitHub/HandVerify/datasets/processed-handwritten/iam_processed/431/k03-117.png,/home/lorenzo/Documenti/GitHub/HandVerify/datasets/processed-handwritten/iam_processed/634/p06-042.png,impostor,0.9915980100631714,0.8423718214035034,0.14922618865966797,false_accept
/home/lorenzo/Documenti/GitHub/HandVerify/datasets/processed-handwritten/iam_processed/297/g01-022.png,/home/lorenzo/Documenti/GitHub/HandVerify/datasets/processed-handwritten/iam_processed/297/g01-025.png,genuine,-0.14095139503479004,0.8423718214035034,-0.9833232164382935,false_reject
/home/lorenzo/Documenti/GitHub/HandVerify/datasets/processed-handwritten/iam_processed/337/g06-050f.png,/home/lorenzo/Documenti/GitHub/HandVerify/datasets/processed-handwritten/iam_processed/337/g06-031f.png,genuine,0.6938800811767578,0.8423718214035034,-0.1484917402267456,false_reject
/home/lorenzo/Documenti/GitHub/HandVerify/datasets/processed-handwritten/iam_processed/217/g01-000.png,/home/lorenzo/Documenti/GitHub/HandVerify/datasets/processed-handwritten/iam_processed/217/e01-119.png,genuine,0.8371174335479736,0.8423718214035034,-0.005254387855529785,false_reject
/home/lorenzo/Documenti/GitHub/HandVerify/datasets/processed-handwritten/iam_processed/000/a01-030u.png,/home/lorenzo/Documenti/GitHub/HandVerify/datasets/processed-handwritten/iam_processed/000/a05-116.png,genuine,0.7898514866828918,0.8423718214035034,-0.05252033472061157,false_reject
/home/lorenzo/Documenti/GitHub/HandVerify/datasets/processed-handwritten/iam_processed/000/a01-000u.png,/home/lorenzo/Documenti/GitHub/HandVerify/datasets/processed-handwritten/iam_processed/000/a05-094.png,genuine,0.5764833092689514,0.8423718214035034,-0.265888512134552,false_reject
/home/lorenzo/Documenti/GitHub/HandVerify/datasets/processed-handwritten/iam_processed/333/g06-031b.png,/home/lorenzo/Documenti/GitHub/HandVerify/datasets/processed-handwritten/iam_processed/333/g06-047b.png,genuine,0.7999662160873413,0.8423718214035034,-0.04240560531616211,false_reject
/home/lorenzo/Documenti/GitHub/HandVerify/datasets/processed-handwritten/iam_processed/118/h05-012.png,/home/lorenzo/Documenti/GitHub/HandVerify/datasets/processed-handwritten/iam_processed/338/g06-045g.png,impostor,0.8437929153442383,0.8423718214035034,0.0014210939407348633,false_accept
/home/lorenzo/Documenti/GitHub/HandVerify/datasets/processed-handwritten/iam_processed/084/a06-119.png,/home/lorenzo/Documenti/GitHub/HandVerify/datasets/processed-handwritten/iam_processed/453/k04-156.png,impostor,0.900360643863678,0.8423718214035034,0.05798882246017456,false_accept
/home/lorenzo/Documenti/GitHub/HandVerify/datasets/processed-handwritten/iam_processed/177/d01-052.png,/home/lorenzo/Documenti/GitHub/HandVerify/datasets/processed-handwritten/iam_processed/286/f07-009.png,impostor,0.9169267416000366,0.8423718214035034,0.0745549201965332,false_accept
/home/lorenzo/Documenti/GitHub/HandVerify/datasets/processed-handwritten/iam_processed/563/n02-040.png,/home/lorenzo/Documenti/GitHub/HandVerify/datasets/processed-handwritten/iam_processed/658/r03-007.png,impostor,0.8509930372238159,0.8423718214035034,0.0086212158203125,false_accept
/home/lorenzo/Documenti/GitHub/HandVerify/datasets/processed-handwritten/iam_processed/357/h01-010.png,/home/lorenzo/Documenti/GitHub/HandVerify/datasets/processed-handwritten/iam_processed/357/h01-014.png,genuine,0.3948652446269989,0.8423718214035034,-0.4475065767765045,false_reject
/home/lorenzo/Documenti/GitHub/HandVerify/datasets/processed-handwritten/iam_processed/000/a05-084.png,/home/lorenzo/Documenti/GitHub/HandVerify/datasets/processed-handwritten/iam_processed/000/a01-020u.png,genuine,0.8187488317489624,0.8423718214035034,-0.023622989654541016,false_reject
/home/lorenzo/Documenti/GitHub/HandVerify/datasets/processed-handwritten/iam_processed/151/c03-096b.png,/home/lorenzo/Documenti/GitHub/HandVerify/datasets/processed-handwritten/iam_processed/175/d01-019.png,impostor,0.9059253931045532,0.8423718214035034,0.0635535717010498,false_accept
/home/lorenzo/Documenti/GitHub/HandVerify/datasets/processed-handwritten/iam_processed/000/a01-102u.png,/home/lorenzo/Documenti/GitHub/HandVerify/datasets/processed-handwritten/iam_processed/000/a05-080.png,genuine,0.7960911989212036,0.8423718214035034,-0.046280622482299805,false_reject
/home/lorenzo/Documenti/GitHub/HandVerify/datasets/processed-handwritten/iam_processed/114/b04-195.png,/home/lorenzo/Documenti/GitHub/HandVerify/datasets/processed-handwritten/iam_processed/384/h06-089.png,impostor,0.916592538356781,0.8423718214035034,0.07422071695327759,false_accept
/home/lorenzo/Documenti/GitHub/HandVerify/datasets/processed-handwritten/iam_processed/070/a06-025.png,/home/lorenzo/Documenti/GitHub/HandVerify/datasets/processed-handwritten/iam_processed/382/h04-071.png,impostor,0.9560945630073547,0.8423718214035034,0.11372274160385132,false_accept
/home/lorenzo/Documenti/GitHub/HandVerify/datasets/processed-handwritten/iam_processed/063/a04-081.png,/home/lorenzo/Documenti/GitHub/HandVerify/datasets/processed-handwritten/iam_processed/454/k07-085.png,impostor,0.8745447397232056,0.8423718214035034,0.03217291831970215,false_accept
/home/lorenzo/Documenti/GitHub/HandVerify/datasets/processed-handwritten/iam_processed/175/d01-016.png,/home/lorenzo/Documenti/GitHub/HandVerify/datasets/processed-handwritten/iam_processed/312/g03-032.png,impostor,0.9462621808052063,0.8423718214035034,0.10389035940170288,false_accept
/home/lorenzo/Documenti/GitHub/HandVerify/datasets/processed-handwritten/iam_processed/008/a01-014x.png,/home/lorenzo/Documenti/GitHub/HandVerify/datasets/processed-handwritten/iam_processed/347/g06-031p.png,impostor,0.8954364061355591,0.8423718214035034,0.053064584732055664,false_accept
/home/lorenzo/Documenti/GitHub/HandVerify/datasets/processed-handwritten/iam_processed/588/n06-119.png,/home/lorenzo/Documenti/GitHub/HandVerify/datasets/processed-handwritten/iam_processed/635/r06-022.png,impostor,0.8592880964279175,0.8423718214035034,0.016916275024414062,false_accept
/home/lorenzo/Documenti/GitHub/HandVerify/datasets/processed-handwritten/iam_processed/000/a05-013.png,/home/lorenzo/Documenti/GitHub/HandVerify/datasets/processed-handwritten/iam_processed/000/a01-003u.png,genuine,0.812726616859436,0.8423718214035034,-0.029645204544067383,false_reject
/home/lorenzo/Documenti/GitHub/HandVerify/datasets/processed-handwritten/iam_processed/596/p02-022.png,/home/lorenzo/Documenti/GitHub/HandVerify/datasets/processed-handwritten/iam_processed/628/p03-158.png,impostor,0.9159923195838928,0.8423718214035034,0.0736204981803894,false_accept
/home/lorenzo/Documenti/GitHub/HandVerify/datasets/processed-handwritten/iam_processed/000/a05-058.png,/home/lorenzo/Documenti/GitHub/HandVerify/datasets/processed-handwritten/iam_processed/000/a01-003u.png,genuine,0.7289071679115295,0.8423718214035034,-0.11346465349197388,false_reject
/home/lorenzo/Documenti/GitHub/HandVerify/datasets/processed-handwritten/iam_processed/332/g06-045a.png,/home/lorenzo/Documenti/GitHub/HandVerify/datasets/processed-handwritten/iam_processed/350/g07-010b.png,impostor,0.9285425543785095,0.8423718214035034,0.0861707329750061,false_accept
/home/lorenzo/Documenti/GitHub/HandVerify/datasets/processed-handwritten/iam_processed/147/c02-078.png,/home/lorenzo/Documenti/GitHub/HandVerify/datasets/processed-handwritten/iam_processed/475/l01-199.png,impostor,0.9326633214950562,0.8423718214035034,0.09029150009155273,false_accept
/home/lorenzo/Documenti/GitHub/HandVerify/datasets/processed-handwritten/iam_processed/000/a01-132x.png,/home/lorenzo/Documenti/GitHub/HandVerify/datasets/processed-handwritten/iam_processed/000/a01-077u.png,genuine,0.7319973111152649,0.8423718214035034,-0.11037451028823853,false_reject
/home/lorenzo/Documenti/GitHub/HandVerify/datasets/processed-handwritten/iam_processed/000/a01-058u.png,/home/lorenzo/Documenti/GitHub/HandVerify/datasets/processed-handwritten/iam_processed/000/a05-017.png,genuine,0.6996378302574158,0.8423718214035034,-0.14273399114608765,false_reject
/home/lorenzo/Documenti/GitHub/HandVerify/datasets/processed-handwritten/iam_processed/000/a05-080.png,/home/lorenzo/Documenti/GitHub/HandVerify/datasets/processed-handwritten/iam_processed/000/a01-003u.png,genuine,0.7697966694831848,0.8423718214035034,-0.0725751519203186,false_reject
/home/lorenzo/Documenti/GitHub/HandVerify/datasets/processed-handwritten/iam_processed/105/b03-109.png,/home/lorenzo/Documenti/GitHub/HandVerify/datasets/processed-handwritten/iam_processed/551/n06-201.png,impostor,0.9063305854797363,0.8423718214035034,0.06395876407623291,false_accept
/home/lorenzo/Documenti/GitHub/HandVerify/datasets/processed-handwritten/iam_processed/000/a01-058u.png,/home/lorenzo/Documenti/GitHub/HandVerify/datasets/processed-handwritten/iam_processed/000/a01-132x.png,genuine,0.6520203351974487,0.8423718214035034,-0.1903514862060547,false_reject
/home/lorenzo/Documenti/GitHub/HandVerify/datasets/processed-handwritten/iam_processed/339/g06-018h.png,/home/lorenzo/Documenti/GitHub/HandVerify/datasets/processed-handwritten/iam_processed/339/g06-037h.png,genuine,0.7115761637687683,0.8423718214035034,-0.1307956576347351,false_reject
/home/lorenzo/Documenti/GitHub/HandVerify/datasets/processed-handwritten/iam_processed/126/b06-012.png,/home/lorenzo/Documenti/GitHub/HandVerify/datasets/processed-handwritten/iam_processed/364/m01-100.png,impostor,0.9403789043426514,0.8423718214035034,0.09800708293914795,false_accept
/home/lorenzo/Documenti/GitHub/HandVerify/datasets/processed-handwritten/iam_processed/000/a01-049x.png,/home/lorenzo/Documenti/GitHub/HandVerify/datasets/processed-handwritten/iam_processed/450/k04-110.png,impostor,0.9430084228515625,0.8423718214035034,0.10063660144805908,false_accept
/home/lorenzo/Documenti/GitHub/HandVerify/datasets/processed-handwritten/iam_processed/000/a01-096u.png,/home/lorenzo/Documenti/GitHub/HandVerify/datasets/processed-handwritten/iam_processed/000/a01-049x.png,genuine,0.702049195766449,0.8423718214035034,-0.14032262563705444,false_reject
/home/lorenzo/Documenti/GitHub/HandVerify/datasets/processed-handwritten/iam_processed/147/c02-078.png,/home/lorenzo/Documenti/GitHub/HandVerify/datasets/processed-handwritten/iam_processed/341/g06-037j.png,impostor,0.9028377532958984,0.8423718214035034,0.06046593189239502,false_accept
/home/lorenzo/Documenti/GitHub/HandVerify/datasets/processed-handwritten/iam_processed/118/b05-062.png,/home/lorenzo/Documenti/GitHub/HandVerify/datasets/processed-handwritten/iam_processed/551/n06-169.png,impostor,0.96509850025177,0.8423718214035034,0.1227266788482666,false_accept
/home/lorenzo/Documenti/GitHub/HandVerify/datasets/processed-handwritten/iam_processed/154/c03-021e.png,/home/lorenzo/Documenti/GitHub/HandVerify/datasets/processed-handwritten/iam_processed/239/h04-000.png,impostor,0.9553084373474121,0.8423718214035034,0.11293661594390869,false_accept
/home/lorenzo/Documenti/GitHub/HandVerify/datasets/processed-handwritten/iam_processed/000/a03-089.png,/home/lorenzo/Documenti/GitHub/HandVerify/datasets/processed-handwritten/iam_processed/000/a01-000u.png,genuine,0.6807834506034851,0.8423718214035034,-0.1615883708000183,false_reject
/home/lorenzo/Documenti/GitHub/HandVerify/datasets/processed-handwritten/iam_processed/000/a01-102u.png,/home/lorenzo/Documenti/GitHub/HandVerify/datasets/processed-handwritten/iam_processed/000/a05-084.png,genuine,0.7563419938087463,0.8423718214035034,-0.08602982759475708,false_reject
/home/lorenzo/Documenti/GitHub/HandVerify/datasets/processed-handwritten/iam_processed/000/a01-043u.png,/home/lorenzo/Documenti/GitHub/HandVerify/datasets/processed-handwritten/iam_processed/000/a05-116.png,genuine,0.7789337635040283,0.8423718214035034,-0.0634380578994751,false_reject
/home/lorenzo/Documenti/GitHub/HandVerify/datasets/processed-handwritten/iam_processed/386/h07-033.png,/home/lorenzo/Documenti/GitHub/HandVerify/datasets/processed-handwritten/iam_processed/583/n04-052.png,impostor,0.9403738975524902,0.8423718214035034,0.09800207614898682,false_accept
/home/lorenzo/Documenti/GitHub/HandVerify/datasets/processed-handwritten/iam_processed/209/d07-100.png,/home/lorenzo/Documenti/GitHub/HandVerify/datasets/processed-handwritten/iam_processed/339/g06-011h.png,impostor,0.9616594314575195,0.8423718214035034,0.11928761005401611,false_accept
/home/lorenzo/Documenti/GitHub/HandVerify/datasets/processed-handwritten/iam_processed/025/a02-032.png,/home/lorenzo/Documenti/GitHub/HandVerify/datasets/processed-handwritten/iam_processed/415/j06-051.png,impostor,0.8984148502349854,0.8423718214035034,0.056043028831481934,false_accept
/home/lorenzo/Documenti/GitHub/HandVerify/datasets/processed-handwritten/iam_processed/062/a04-072.png,/home/lorenzo/Documenti/GitHub/HandVerify/datasets/processed-handwritten/iam_processed/326/g04-077.png,impostor,0.8518412113189697,0.8423718214035034,0.009469389915466309,false_accept
/home/lorenzo/Documenti/GitHub/HandVerify/datasets/processed-handwritten/iam_processed/480/l04-012.png,/home/lorenzo/Documenti/GitHub/HandVerify/datasets/processed-handwritten/iam_processed/648/r02-081.png,impostor,0.889418363571167,0.8423718214035034,0.047046542167663574,false_accept
/home/lorenzo/Documenti/GitHub/HandVerify/datasets/processed-handwritten/iam_processed/333/g06-037b.png,/home/lorenzo/Documenti/GitHub/HandVerify/datasets/processed-handwritten/iam_processed/333/g06-026b.png,genuine,0.7862758040428162,0.8423718214035034,-0.056096017360687256,false_reject
/home/lorenzo/Documenti/GitHub/HandVerify/datasets/processed-handwritten/iam_processed/456/k07-158.png,/home/lorenzo/Documenti/GitHub/HandVerify/datasets/processed-handwritten/iam_processed/596/p02-022.png,impostor,0.8635966777801514,0.8423718214035034,0.02122485637664795,false_accept
/home/lorenzo/Documenti/GitHub/HandVerify/datasets/processed-handwritten/iam_processed/000/a05-022.png,/home/lorenzo/Documenti/GitHub/HandVerify/datasets/processed-handwritten/iam_processed/000/a01-026u.png,genuine,0.7812532186508179,0.8423718214035034,-0.06111860275268555,false_reject
/home/lorenzo/Documenti/GitHub/HandVerify/datasets/processed-handwritten/iam_processed/113/b04-181.png,/home/lorenzo/Documenti/GitHub/HandVerify/datasets/processed-handwritten/iam_processed/113/b04-175.png,genuine,0.8396439552307129,0.8423718214035034,-0.0027278661727905273,false_reject
/home/lorenzo/Documenti/GitHub/HandVerify/datasets/processed-handwritten/iam_processed/000/a01-102u.png,/home/lorenzo/Documenti/GitHub/HandVerify/datasets/processed-handwritten/iam_processed/000/a05-113.png,genuine,0.7228772640228271,0.8423718214035034,-0.11949455738067627,false_reject
/home/lorenzo/Documenti/GitHub/HandVerify/datasets/processed-handwritten/iam_processed/000/a05-094.png,/home/lorenzo/Documenti/GitHub/HandVerify/datasets/processed-handwritten/iam_processed/000/a01-007u.png,genuine,0.8220111131668091,0.8423718214035034,-0.020360708236694336,false_reject
/home/lorenzo/Documenti/GitHub/HandVerify/datasets/processed-handwritten/iam_processed/000/a05-084.png,/home/lorenzo/Documenti/GitHub/HandVerify/datasets/processed-handwritten/iam_processed/000/a01-026u.png,genuine,0.7714393138885498,0.8423718214035034,-0.07093250751495361,false_reject
/home/lorenzo/Documenti/GitHub/HandVerify/datasets/processed-handwritten/iam_processed/000/a01-000u.png,/home/lorenzo/Documenti/GitHub/HandVerify/datasets/processed-handwritten/iam_processed/000/a05-116.png,genuine,0.49118226766586304,0.8423718214035034,-0.3511895537376404,false_reject
/home/lorenzo/Documenti/GitHub/HandVerify/datasets/processed-handwritten/iam_processed/000/a05-108.png,/home/lorenzo/Documenti/GitHub/HandVerify/datasets/processed-handwritten/iam_processed/000/a01-026u.png,genuine,0.7947373390197754,0.8423718214035034,-0.04763448238372803,false_reject
/home/lorenzo/Documenti/GitHub/HandVerify/datasets/processed-handwritten/iam_processed/605/p02-127.png,/home/lorenzo/Documenti/GitHub/HandVerify/datasets/processed-handwritten/iam_processed/634/p06-088.png,impostor,0.94959557056427,0.8423718214035034,0.1072237491607666,false_accept
/home/lorenzo/Documenti/GitHub/HandVerify/datasets/processed-handwritten/iam_processed/334/g06-018c.png,/home/lorenzo/Documenti/GitHub/HandVerify/datasets/processed-handwritten/iam_processed/334/g06-026c.png,genuine,0.5800596475601196,0.8423718214035034,-0.2623121738433838,false_reject
/home/lorenzo/Documenti/GitHub/HandVerify/datasets/processed-handwritten/iam_processed/347/g06-050p.png,/home/lorenzo/Documenti/GitHub/HandVerify/datasets/processed-handwritten/iam_processed/583/n04-075.png,impostor,0.8554072380065918,0.8423718214035034,0.013035416603088379,false_accept
/home/lorenzo/Documenti/GitHub/HandVerify/datasets/processed-handwritten/iam_processed/000/a05-053.png,/home/lorenzo/Documenti/GitHub/HandVerify/datasets/processed-handwritten/iam_processed/000/a01-007u.png,genuine,0.8352136015892029,0.8423718214035034,-0.007158219814300537,false_reject
/home/lorenzo/Documenti/GitHub/HandVerify/datasets/processed-handwritten/iam_processed/121/b05-083.png,/home/lorenzo/Documenti/GitHub/HandVerify/datasets/processed-handwritten/iam_processed/325/g04-072.png,impostor,0.9237852096557617,0.8423718214035034,0.0814133882522583,false_accept
/home/lorenzo/Documenti/GitHub/HandVerify/datasets/processed-handwritten/iam_processed/452/k04-142.png,/home/lorenzo/Documenti/GitHub/HandVerify/datasets/processed-handwritten/iam_processed/651/r02-117.png,impostor,0.9037249088287354,0.8423718214035034,0.061353087425231934,false_accept
/home/lorenzo/Documenti/GitHub/HandVerify/datasets/processed-handwritten/iam_processed/114/b04-202.png,/home/lorenzo/Documenti/GitHub/HandVerify/datasets/processed-handwritten/iam_processed/341/g06-037j.png,impostor,0.8728435635566711,0.8423718214035034,0.030471742153167725,false_accept
/home/lorenzo/Documenti/GitHub/HandVerify/datasets/processed-handwritten/iam_processed/084/a06-128.png,/home/lorenzo/Documenti/GitHub/HandVerify/datasets/processed-handwritten/iam_processed/192/d04-071.png,impostor,0.9274726510047913,0.8423718214035034,0.08510082960128784,false_accept
/home/lorenzo/Documenti/GitHub/HandVerify/datasets/processed-handwritten/iam_processed/125/b06-056.png,/home/lorenzo/Documenti/GitHub/HandVerify/datasets/processed-handwritten/iam_processed/456/k07-166.png,impostor,0.9684419631958008,0.8423718214035034,0.12607014179229736,false_accept
/home/lorenzo/Documenti/GitHub/HandVerify/datasets/processed-handwritten/iam_processed/003/a01-007x.png,/home/lorenzo/Documenti/GitHub/HandVerify/datasets/processed-handwritten/iam_processed/187/d04-032.png,impostor,0.8679341077804565,0.8423718214035034,0.025562286376953125,false_accept
/home/lorenzo/Documenti/GitHub/HandVerify/datasets/processed-handwritten/iam_processed/000/a01-102u.png,/home/lorenzo/Documenti/GitHub/HandVerify/datasets/processed-handwritten/iam_processed/000/a05-048.png,genuine,0.812044620513916,0.8423718214035034,-0.030327200889587402,false_reject
/home/lorenzo/Documenti/GitHub/HandVerify/datasets/processed-handwritten/iam_processed/000/a05-099.png,/home/lorenzo/Documenti/GitHub/HandVerify/datasets/processed-handwritten/iam_processed/000/a01-007u.png,genuine,0.7748957872390747,0.8423718214035034,-0.06747603416442871,false_reject
/home/lorenzo/Documenti/GitHub/HandVerify/datasets/processed-handwritten/iam_processed/340/g06-045i.png,/home/lorenzo/Documenti/GitHub/HandVerify/datasets/processed-handwritten/iam_processed/340/g06-031i.png,genuine,0.7818921804428101,0.8423718214035034,-0.06047964096069336,false_reject
/home/lorenzo/Documenti/GitHub/HandVerify/datasets/processed-handwritten/iam_processed/151/c03-084b.png,/home/lorenzo/Documenti/GitHub/HandVerify/datasets/processed-handwritten/iam_processed/247/e07-090.png,impostor,0.8723854422569275,0.8423718214035034,0.030013620853424072,false_accept
/home/lorenzo/Documenti/GitHub/HandVerify/datasets/processed-handwritten/iam_processed/559/n02-000.png,/home/lorenzo/Documenti/GitHub/HandVerify/datasets/processed-handwritten/iam_processed/559/n02-016.png,genuine,0.7749018669128418,0.8423718214035034,-0.06746995449066162,false_reject
/home/lorenzo/Documenti/GitHub/HandVerify/datasets/processed-handwritten/iam_processed/012/a01-049.png,/home/lorenzo/Documenti/GitHub/HandVerify/datasets/processed-handwritten/iam_processed/014/a01-053x.png,impostor,0.9534010291099548,0.8423718214035034,0.11102920770645142,false_accept
/home/lorenzo/Documenti/GitHub/HandVerify/datasets/processed-handwritten/iam_processed/197/d04-121.png,/home/lorenzo/Documenti/GitHub/HandVerify/datasets/processed-handwritten/iam_processed/213/e01-059.png,impostor,0.894200325012207,0.8423718214035034,0.05182850360870361,false_accept
/home/lorenzo/Documenti/GitHub/HandVerify/datasets/processed-handwritten/iam_processed/158/e04-000.png,/home/lorenzo/Documenti/GitHub/HandVerify/datasets/processed-handwritten/iam_processed/158/c04-008.png,genuine,0.554102897644043,0.8423718214035034,-0.28826892375946045,false_reject
/home/lorenzo/Documenti/GitHub/HandVerify/datasets/processed-handwritten/iam_processed/125/b06-093.png,/home/lorenzo/Documenti/GitHub/HandVerify/datasets/processed-handwritten/iam_processed/246/e07-012.png,impostor,0.89812171459198,0.8423718214035034,0.05574989318847656,false_accept
/home/lorenzo/Documenti/GitHub/HandVerify/datasets/processed-handwritten/iam_processed/099/b02-105.png,/home/lorenzo/Documenti/GitHub/HandVerify/datasets/processed-handwritten/iam_processed/315/n02-127.png,impostor,0.9707791805267334,0.8423718214035034,0.12840735912322998,false_accept
/home/lorenzo/Documenti/GitHub/HandVerify/datasets/processed-handwritten/iam_processed/000/a05-048.png,/home/lorenzo/Documenti/GitHub/HandVerify/datasets/processed-handwritten/iam_processed/000/a01-007u.png,genuine,0.8048551082611084,0.8423718214035034,-0.03751671314239502,false_reject
/home/lorenzo/Documenti/GitHub/HandVerify/datasets/processed-handwritten/iam_processed/000/a05-094.png,/home/lorenzo/Documenti/GitHub/HandVerify/datasets/processed-handwritten/iam_processed/141/c02-026.png,impostor,0.8858298063278198,0.8423718214035034,0.043457984924316406,false_accept
/home/lorenzo/Documenti/GitHub/HandVerify/datasets/processed-handwritten/iam_processed/000/a01-000u.png,/home/lorenzo/Documenti/GitHub/HandVerify/datasets/processed-handwritten/iam_processed/000/a05-013.png,genuine,0.6406610012054443,0.8423718214035034,-0.20171082019805908,false_reject
/home/lorenzo/Documenti/GitHub/HandVerify/datasets/processed-handwritten/iam_processed/000/a05-125.png,/home/lorenzo/Documenti/GitHub/HandVerify/datasets/processed-handwritten/iam_processed/000/a01-026u.png,genuine,0.8007013201713562,0.8423718214035034,-0.04167050123214722,false_reject
/home/lorenzo/Documenti/GitHub/HandVerify/datasets/processed-handwritten/iam_processed/333/g06-050b.png,/home/lorenzo/Documenti/GitHub/HandVerify/datasets/processed-handwritten/iam_processed/333/g06-026b.png,genuine,0.7185608148574829,0.8423718214035034,-0.12381100654602051,false_reject
/home/lorenzo/Documenti/GitHub/HandVerify/datasets/processed-handwritten/iam_processed/550/m04-238.png,/home/lorenzo/Documenti/GitHub/HandVerify/datasets/processed-handwritten/iam_processed/550/n04-009.png,genuine,0.7872321009635925,0.8423718214035034,-0.05513972043991089,false_reject
/home/lorenzo/Documenti/GitHub/HandVerify/datasets/processed-handwritten/iam_processed/000/a05-017.png,/home/lorenzo/Documenti/GitHub/HandVerify/datasets/processed-handwritten/iam_processed/000/a01-026u.png,genuine,0.7331241965293884,0.8423718214035034,-0.10924762487411499,false_reject
/home/lorenzo/Documenti/GitHub/HandVerify/datasets/processed-handwritten/iam_processed/000/a01-049x.png,/home/lorenzo/Documenti/GitHub/HandVerify/datasets/processed-handwritten/iam_processed/000/a01-091u.png,genuine,0.7204551696777344,0.8423718214035034,-0.12191665172576904,false_reject
/home/lorenzo/Documenti/GitHub/HandVerify/datasets/processed-handwritten/iam_processed/136/c01-066.png,/home/lorenzo/Documenti/GitHub/HandVerify/datasets/processed-handwritten/iam_processed/590/p01-155.png,impostor,0.9833889007568359,0.8423718214035034,0.14101707935333252,false_accept
/home/lorenzo/Documenti/GitHub/HandVerify/datasets/processed-handwritten/iam_processed/000/a05-069.png,/home/lorenzo/Documenti/GitHub/HandVerify/datasets/processed-handwritten/iam_processed/000/a01-014u.png,genuine,0.8371424078941345,0.8423718214035034,-0.0052294135093688965,false_reject
/home/lorenzo/Documenti/GitHub/HandVerify/datasets/processed-handwritten/iam_processed/000/a03-050.png,/home/lorenzo/Documenti/GitHub/HandVerify/datasets/processed-handwritten/iam_processed/000/a01-026u.png,genuine,0.8300094604492188,0.8423718214035034,-0.012362360954284668,false_reject
/home/lorenzo/Documenti/GitHub/HandVerify/datasets/processed-handwritten/iam_processed/040/a03-006.png,/home/lorenzo/Documenti/GitHub/HandVerify/datasets/processed-handwritten/iam_processed/338/g06-045g.png,impostor,0.995048999786377,0.8423718214035034,0.15267717838287354,false_accept
/home/lorenzo/Documenti/GitHub/HandVerify/datasets/processed-handwritten/iam_processed/011/a01-043x.png,/home/lorenzo/Documenti/GitHub/HandVerify/datasets/processed-handwritten/iam_processed/246/e07-072.png,impostor,0.8512567281723022,0.8423718214035034,0.008884906768798828,false_accept
/home/lorenzo/Documenti/GitHub/HandVerify/datasets/processed-handwritten/iam_processed/000/a01-063u.png,/home/lorenzo/Documenti/GitHub/HandVerify/datasets/processed-handwritten/iam_processed/000/a05-113.png,genuine,0.740176796913147,0.8423718214035034,-0.10219502449035645,false_reject
/home/lorenzo/Documenti/GitHub/HandVerify/datasets/processed-handwritten/iam_processed/551/n06-186.png,/home/lorenzo/Documenti/GitHub/HandVerify/datasets/processed-handwritten/iam_processed/648/r02-081.png,impostor,0.8886248469352722,0.8423718214035034,0.0462530255317688,false_accept
/home/lorenzo/Documenti/GitHub/HandVerify/datasets/processed-handwritten/iam_processed/000/a01-014u.png,/home/lorenzo/Documenti/GitHub/HandVerify/datasets/processed-handwritten/iam_processed/000/a05-089.png,genuine,0.8396162390708923,0.8423718214035034,-0.002755582332611084,false_reject
/home/lorenzo/Documenti/GitHub/HandVerify/datasets/processed-handwritten/iam_processed/082/a06-110.png,/home/lorenzo/Documenti/GitHub/HandVerify/datasets/processed-handwritten/iam_processed/492/l04-153.png,impostor,0.8781800270080566,0.8423718214035034,0.03580820560455322,false_accept
/home/lorenzo/Documenti/GitHub/HandVerify/datasets/processed-handwritten/iam_processed/333/g06-045b.png,/home/lorenzo/Documenti/GitHub/HandVerify/datasets/processed-handwritten/iam_processed/333/g06-026b.png,genuine,0.7837650775909424,0.8423718214035034,-0.058606743812561035,false_reject
/home/lorenzo/Documenti/GitHub/HandVerify/datasets/processed-handwritten/iam_processed/112/b04-147.png,/home/lorenzo/Documenti/GitHub/HandVerify/datasets/processed-handwritten/iam_processed/285/f07-039a.png,impostor,0.9573650360107422,0.8423718214035034,0.11499321460723877,false_accept
/home/lorenzo/Documenti/GitHub/HandVerify/datasets/processed-handwritten/iam_processed/000/a05-022.png,/home/lorenzo/Documenti/GitHub/HandVerify/datasets/processed-handwritten/iam_processed/000/a01-132x.png,genuine,0.6519809365272522,0.8423718214035034,-0.19039088487625122,false_reject
/home/lorenzo/Documenti/GitHub/HandVerify/datasets/processed-handwritten/iam_processed/009/a01-020.png,/home/lorenzo/Documenti/GitHub/HandVerify/datasets/processed-handwritten/iam_processed/565/n02-062.png,impostor,0.9628928899765015,0.8423718214035034,0.12052106857299805,false_accept
/home/lorenzo/Documenti/GitHub/HandVerify/datasets/processed-handwritten/iam_processed/364/m01-100.png,/home/lorenzo/Documenti/GitHub/HandVerify/datasets/processed-handwritten/iam_processed/364/h02-012.png,genuine,0.6113634705543518,0.8423718214035034,-0.2310083508491516,false_reject
/home/lorenzo/Documenti/GitHub/HandVerify/datasets/processed-handwritten/iam_processed/000/a05-094.png,/home/lorenzo/Documenti/GitHub/HandVerify/datasets/processed-handwritten/iam_processed/000/a01-043u.png,genuine,0.8416754007339478,0.8423718214035034,-0.0006964206695556641,false_reject
/home/lorenzo/Documenti/GitHub/HandVerify/datasets/processed-handwritten/iam_processed/492/l04-153.png,/home/lorenzo/Documenti/GitHub/HandVerify/datasets/processed-handwritten/iam_processed/658/r03-007.png,impostor,0.8557742834091187,0.8423718214035034,0.013402462005615234,false_accept
/home/lorenzo/Documenti/GitHub/HandVerify/datasets/processed-handwritten/iam_processed/167/c04-105.png,/home/lorenzo/Documenti/GitHub/HandVerify/datasets/processed-handwritten/iam_processed/346/g06-042o.png,impostor,0.9016352891921997,0.8423718214035034,0.05926346778869629,false_accept
/home/lorenzo/Documenti/GitHub/HandVerify/datasets/processed-handwritten/iam_processed/062/a04-069.png,/home/lorenzo/Documenti/GitHub/HandVerify/datasets/processed-handwritten/iam_processed/551/n06-156.png,impostor,0.911673903465271,0.8423718214035034,0.06930208206176758,false_accept
/home/lorenzo/Documenti/GitHub/HandVerify/datasets/processed-handwritten/iam_processed/000/a01-132x.png,/home/lorenzo/Documenti/GitHub/HandVerify/datasets/processed-handwritten/iam_processed/000/a03-050.png,genuine,0.5730065107345581,0.8423718214035034,-0.2693653106689453,false_reject
/home/lorenzo/Documenti/GitHub/HandVerify/datasets/processed-handwritten/iam_processed/354/g07-069a.png,/home/lorenzo/Documenti/GitHub/HandVerify/datasets/processed-handwritten/iam_processed/384/j06-008.png,impostor,0.9816365242004395,0.8423718214035034,0.13926470279693604,false_accept
/home/lorenzo/Documenti/GitHub/HandVerify/datasets/processed-handwritten/iam_processed/333/g06-047b.png,/home/lorenzo/Documenti/GitHub/HandVerify/datasets/processed-handwritten/iam_processed/333/g06-018b.png,genuine,0.8248353004455566,0.8423718214035034,-0.017536520957946777,false_reject
/home/lorenzo/Documenti/GitHub/HandVerify/datasets/processed-handwritten/iam_processed/387/h07-037a.png,/home/lorenzo/Documenti/GitHub/HandVerify/datasets/processed-handwritten/iam_processed/591/p01-168.png,impostor,0.8657433986663818,0.8423718214035034,0.023371577262878418,false_accept
/home/lorenzo/Documenti/GitHub/HandVerify/datasets/processed-handwritten/iam_processed/426/k02-093.png,/home/lorenzo/Documenti/GitHub/HandVerify/datasets/processed-handwritten/iam_processed/456/k07-166.png,impostor,0.9528365731239319,0.8423718214035034,0.11046475172042847,false_accept
/home/lorenzo/Documenti/GitHub/HandVerify/datasets/processed-handwritten/iam_processed/475/l01-199.png,/home/lorenzo/Documenti/GitHub/HandVerify/datasets/processed-handwritten/iam_processed/534/m02-109.png,impostor,0.871806263923645,0.8423718214035034,0.0294344425201416,false_accept
/home/lorenzo/Documenti/GitHub/HandVerify/datasets/processed-handwritten/iam_processed/541/m03-095.png,/home/lorenzo/Documenti/GitHub/HandVerify/datasets/processed-handwritten/iam_processed/671/r06-115.png,impostor,0.896486222743988,0.8423718214035034,0.05411440134048462,false_accept
/home/lorenzo/Documenti/GitHub/HandVerify/datasets/processed-handwritten/iam_processed/535/m02-112.png,/home/lorenzo/Documenti/GitHub/HandVerify/datasets/processed-handwritten/iam_processed/583/n04-060.png,impostor,0.9954204559326172,0.8423718214035034,0.15304863452911377,false_accept
/home/lorenzo/Documenti/GitHub/HandVerify/datasets/processed-handwritten/iam_processed/462/l01-082.png,/home/lorenzo/Documenti/GitHub/HandVerify/datasets/processed-handwritten/iam_processed/546/m04-072.png,impostor,0.8455624580383301,0.8423718214035034,0.00319063663482666,false_accept
/home/lorenzo/Documenti/GitHub/HandVerify/datasets/processed-handwritten/iam_processed/000/a05-029.png,/home/lorenzo/Documenti/GitHub/HandVerify/datasets/processed-handwritten/iam_processed/000/a01-026u.png,genuine,0.7452473640441895,0.8423718214035034,-0.09712445735931396,false_reject
/home/lorenzo/Documenti/GitHub/HandVerify/datasets/processed-handwritten/iam_processed/000/a01-068u.png,/home/lorenzo/Documenti/GitHub/HandVerify/datasets/processed-handwritten/iam_processed/000/a05-089.png,genuine,0.8414021730422974,0.8423718214035034,-0.0009696483612060547,false_reject
/home/lorenzo/Documenti/GitHub/HandVerify/datasets/processed-handwritten/iam_processed/343/g06-018l.png,/home/lorenzo/Documenti/GitHub/HandVerify/datasets/processed-handwritten/iam_processed/343/g06-050l.png,genuine,0.8202611207962036,0.8423718214035034,-0.022110700607299805,false_reject
/home/lorenzo/Documenti/GitHub/HandVerify/datasets/processed-handwritten/iam_processed/118/b05-058.png,/home/lorenzo/Documenti/GitHub/HandVerify/datasets/processed-handwritten/iam_processed/175/d01-019.png,impostor,0.9562735557556152,0.8423718214035034,0.11390173435211182,false_accept
/home/lorenzo/Documenti/GitHub/HandVerify/datasets/processed-handwritten/iam_processed/066/a06-000.png,/home/lorenzo/Documenti/GitHub/HandVerify/datasets/processed-handwritten/iam_processed/293/f07-101b.png,impostor,0.9117741584777832,0.8423718214035034,0.06940233707427979,false_accept
/home/lorenzo/Documenti/GitHub/HandVerify/datasets/processed-handwritten/iam_processed/000/a01-049x.png,/home/lorenzo/Documenti/GitHub/HandVerify/datasets/processed-handwritten/iam_processed/000/a01-043u.png,genuine,0.7167192697525024,0.8423718214035034,-0.12565255165100098,false_reject
/home/lorenzo/Documenti/GitHub/HandVerify/datasets/processed-handwritten/iam_processed/000/a05-121.png,/home/lorenzo/Documenti/GitHub/HandVerify/datasets/processed-handwritten/iam_processed/000/a01-026u.png,genuine,0.7516194581985474,0.8423718214035034,-0.09075236320495605,false_reject
/home/lorenzo/Documenti/GitHub/HandVerify/datasets/processed-handwritten/iam_processed/000/a01-063u.png,/home/lorenzo/Documenti/GitHub/HandVerify/datasets/processed-handwritten/iam_processed/000/a05-108.png,genuine,0.7856703996658325,0.8423718214035034,-0.0567014217376709,false_reject
/home/lorenzo/Documenti/GitHub/HandVerify/datasets/processed-handwritten/iam_processed/000/a01-063u.png,/home/lorenzo/Documenti/GitHub/HandVerify/datasets/processed-handwritten/iam_processed/000/a05-104.png,genuine,0.7564396858215332,0.8423718214035034,-0.08593213558197021,false_reject
/home/lorenzo/Documenti/GitHub/HandVerify/datasets/processed-handwritten/iam_processed/000/a01-049x.png,/home/lorenzo/Documenti/GitHub/HandVerify/datasets/processed-handwritten/iam_processed/000/a01-087u.png,genuine,0.7233834266662598,0.8423718214035034,-0.11898839473724365,false_reject
/home/lorenzo/Documenti/GitHub/HandVerify/datasets/processed-handwritten/iam_processed/000/a03-073.png,/home/lorenzo/Documenti/GitHub/HandVerify/datasets/processed-handwritten/iam_processed/000/a01-026u.png,genuine,0.8211899995803833,0.8423718214035034,-0.021181821823120117,false_reject
/home/lorenzo/Documenti/GitHub/HandVerify/datasets/processed-handwritten/iam_processed/000/a01-132x.png,/home/lorenzo/Documenti/GitHub/HandVerify/datasets/processed-handwritten/iam_processed/000/a01-030u.png,genuine,0.7047374248504639,0.8423718214035034,-0.13763439655303955,false_reject
/home/lorenzo/Documenti/GitHub/HandVerify/datasets/processed-handwritten/iam_processed/129/c06-138.png,/home/lorenzo/Documenti/GitHub/HandVerify/datasets/processed-handwritten/iam_processed/352/g07-030.png,impostor,0.8511364459991455,0.8423718214035034,0.00876462459564209,false_accept
/home/lorenzo/Documenti/GitHub/HandVerify/datasets/processed-handwritten/iam_processed/551/n06-186.png,/home/lorenzo/Documenti/GitHub/HandVerify/datasets/processed-handwritten/iam_processed/670/r06-066.png,impostor,0.8430898189544678,0.8423718214035034,0.0007179975509643555,false_accept
/home/lorenzo/Documenti/GitHub/HandVerify/datasets/processed-handwritten/iam_processed/000/a01-102u.png,/home/lorenzo/Documenti/GitHub/HandVerify/datasets/processed-handwritten/iam_processed/000/a03-080.png,genuine,0.8337560892105103,0.8423718214035034,-0.008615732192993164,false_reject
/home/lorenzo/Documenti/GitHub/HandVerify/datasets/processed-handwritten/iam_processed/000/a05-094.png,/home/lorenzo/Documenti/GitHub/HandVerify/datasets/processed-handwritten/iam_processed/000/a01-026u.png,genuine,0.8109574317932129,0.8423718214035034,-0.03141438961029053,false_reject
/home/lorenzo/Documenti/GitHub/HandVerify/datasets/processed-handwritten/iam_processed/000/a05-080.png,/home/lorenzo/Documenti/GitHub/HandVerify/datasets/processed-handwritten/iam_processed/000/a01-043u.png,genuine,0.8330483436584473,0.8423718214035034,-0.009323477745056152,false_reject
/home/lorenzo/Documenti/GitHub/HandVerify/datasets/processed-handwritten/iam_processed/102/b03-087.png,/home/lorenzo/Documenti/GitHub/HandVerify/datasets/processed-handwritten/iam_processed/102/b03-092.png,genuine,0.45612332224845886,0.8423718214035034,-0.38624849915504456,false_reject
/home/lorenzo/Documenti/GitHub/HandVerify/datasets/processed-handwritten/iam_processed/171/c04-156.png,/home/lorenzo/Documenti/GitHub/HandVerify/datasets/processed-handwritten/iam_processed/341/g06-050j.png,impostor,0.8704872131347656,0.8423718214035034,0.028115391731262207,false_accept
/home/lorenzo/Documenti/GitHub/HandVerify/datasets/processed-handwritten/iam_processed/000/a01-068u.png,/home/lorenzo/Documenti/GitHub/HandVerify/datasets/processed-handwritten/iam_processed/000/a05-113.png,genuine,0.8123332262039185,0.8423718214035034,-0.03003859519958496,false_reject
/home/lorenzo/Documenti/GitHub/HandVerify/datasets/processed-handwritten/iam_processed/000/a01-000u.png,/home/lorenzo/Documenti/GitHub/HandVerify/datasets/processed-handwritten/iam_processed/000/a03-080.png,genuine,0.5922454595565796,0.8423718214035034,-0.25012636184692383,false_reject
/home/lorenzo/Documenti/GitHub/HandVerify/datasets/processed-handwritten/iam_processed/094/b01-136.png,/home/lorenzo/Documenti/GitHub/HandVerify/datasets/processed-handwritten/iam_processed/154/c03-007e.png,impostor,0.8578249216079712,0.8423718214035034,0.015453100204467773,false_accept
/home/lorenzo/Documenti/GitHub/HandVerify/datasets/processed-handwritten/iam_processed/000/a01-058u.png,/home/lorenzo/Documenti/GitHub/HandVerify/datasets/processed-handwritten/iam_processed/000/a05-073.png,genuine,0.8261498212814331,0.8423718214035034,-0.016222000122070312,false_reject
/home/lorenzo/Documenti/GitHub/HandVerify/datasets/processed-handwritten/iam_processed/499/m01-000.png,/home/lorenzo/Documenti/GitHub/HandVerify/datasets/processed-handwritten/iam_processed/524/m02-066.png,impostor,0.8985142707824707,0.8423718214035034,0.056142449378967285,false_accept
/home/lorenzo/Documenti/GitHub/HandVerify/datasets/processed-handwritten/iam_processed/347/g06-031p.png,/home/lorenzo/Documenti/GitHub/HandVerify/datasets/processed-handwritten/iam_processed/616/p03-027.png,impostor,0.9787609577178955,0.8423718214035034,0.1363891363143921,false_accept
/home/lorenzo/Documenti/GitHub/HandVerify/datasets/processed-handwritten/iam_processed/208/d06-060.png,/home/lorenzo/Documenti/GitHub/HandVerify/datasets/processed-handwritten/iam_processed/529/m02-083.png,impostor,0.8837278485298157,0.8423718214035034,0.041356027126312256,false_accept
/home/lorenzo/Documenti/GitHub/HandVerify/datasets/processed-handwritten/iam_processed/000/a01-102u.png,/home/lorenzo/Documenti/GitHub/HandVerify/datasets/processed-handwritten/iam_processed/000/a05-104.png,genuine,0.7420058846473694,0.8423718214035034,-0.10036593675613403,false_reject
/home/lorenzo/Documenti/GitHub/HandVerify/datasets/processed-handwritten/iam_processed/000/a01-087u.png,/home/lorenzo/Documenti/GitHub/HandVerify/datasets/processed-handwritten/iam_processed/337/g06-018f.png,impostor,0.885610818862915,0.8423718214035034,0.04323899745941162,false_accept
/home/lorenzo/Documenti/GitHub/HandVerify/datasets/processed-handwritten/iam_processed/017/b01-057.png,/home/lorenzo/Documenti/GitHub/HandVerify/datasets/processed-handwritten/iam_processed/154/c03-016e.png,impostor,0.8957785964012146,0.8423718214035034,0.05340677499771118,false_accept
/home/lorenzo/Documenti/GitHub/HandVerify/datasets/processed-handwritten/iam_processed/117/b05-045.png,/home/lorenzo/Documenti/GitHub/HandVerify/datasets/processed-handwritten/iam_processed/117/b05-038.png,genuine,0.6144837141036987,0.8423718214035034,-0.2278881072998047,false_reject
/home/lorenzo/Documenti/GitHub/HandVerify/datasets/processed-handwritten/iam_processed/333/g06-047b.png,/home/lorenzo/Documenti/GitHub/HandVerify/datasets/processed-handwritten/iam_processed/333/g06-045b.png,genuine,0.8288407325744629,0.8423718214035034,-0.013531088829040527,false_reject
/home/lorenzo/Documenti/GitHub/HandVerify/datasets/processed-handwritten/iam_processed/000/a01-007u.png,/home/lorenzo/Documenti/GitHub/HandVerify/datasets/processed-handwritten/iam_processed/000/a05-025.png,genuine,0.8194211721420288,0.8423718214035034,-0.02295064926147461,false_reject
/home/lorenzo/Documenti/GitHub/HandVerify/datasets/processed-handwritten/iam_processed/068/a06-014.png,/home/lorenzo/Documenti/GitHub/HandVerify/datasets/processed-handwritten/iam_processed/352/g07-030.png,impostor,0.9823710322380066,0.8423718214035034,0.13999921083450317,false_accept
/home/lorenzo/Documenti/GitHub/HandVerify/datasets/processed-handwritten/iam_processed/000/a05-039.png,/home/lorenzo/Documenti/GitHub/HandVerify/datasets/processed-handwritten/iam_processed/000/a01-026u.png,genuine,0.7578251957893372,0.8423718214035034,-0.08454662561416626,false_reject
/home/lorenzo/Documenti/GitHub/HandVerify/datasets/processed-handwritten/iam_processed/278/f04-046.png,/home/lorenzo/Documenti/GitHub/HandVerify/datasets/processed-handwritten/iam_processed/278/f04-049.png,genuine,0.78868567943573,0.8423718214035034,-0.05368614196777344,false_reject
/home/lorenzo/Documenti/GitHub/HandVerify/datasets/processed-handwritten/iam_processed/205/d06-067.png,/home/lorenzo/Documenti/GitHub/HandVerify/datasets/processed-handwritten/iam_processed/332/g06-031a.png,impostor,0.8708478212356567,0.8423718214035034,0.02847599983215332,false_accept
/home/lorenzo/Documenti/GitHub/HandVerify/datasets/processed-handwritten/iam_processed/000/a01-068u.png,/home/lorenzo/Documenti/GitHub/HandVerify/datasets/processed-handwritten/iam_processed/000/a05-099.png,genuine,0.8351869583129883,0.8423718214035034,-0.007184863090515137,false_reject
/home/lorenzo/Documenti/GitHub/HandVerify/datasets/processed-handwritten/iam_processed/093/b01-122.png,/home/lorenzo/Documenti/GitHub/HandVerify/datasets/processed-handwritten/iam_processed/211/e01-025.png,impostor,0.8694080114364624,0.8423718214035034,0.027036190032958984,false_accept
/home/lorenzo/Documenti/GitHub/HandVerify/datasets/processed-handwritten/iam_processed/350/g07-007b.png,/home/lorenzo/Documenti/GitHub/HandVerify/datasets/processed-handwritten/iam_processed/551/n06-182.png,impostor,0.9555469751358032,0.8423718214035034,0.1131751537322998,false_accept
/home/lorenzo/Documenti/GitHub/HandVerify/datasets/processed-handwritten/iam_processed/000/a01-102u.png,/home/lorenzo/Documenti/GitHub/HandVerify/datasets/processed-handwritten/iam_processed/000/a05-094.png,genuine,0.7990488409996033,0.8423718214035034,-0.043322980403900146,false_reject
/home/lorenzo/Documenti/GitHub/HandVerify/datasets/processed-handwritten/iam_processed/000/a05-113.png,/home/lorenzo/Documenti/GitHub/HandVerify/datasets/processed-handwritten/iam_processed/000/a01-030u.png,genuine,0.7786594033241272,0.8423718214035034,-0.06371241807937622,false_reject
/home/lorenzo/Documenti/GitHub/HandVerify/datasets/processed-handwritten/iam_processed/342/g06-018k.png,/home/lorenzo/Documenti/GitHub/HandVerify/datasets/processed-handwritten/iam_processed/342/g06-045k.png,genuine,0.8270475268363953,0.8423718214035034,-0.015324294567108154,false_reject
/home/lorenzo/Documenti/GitHub/HandVerify/datasets/processed-handwritten/iam_processed/000/a05-094.png,/home/lorenzo/Documenti/GitHub/HandVerify/datasets/processed-handwritten/iam_processed/000/a01-049x.png,genuine,0.8175780177116394,0.8423718214035034,-0.024793803691864014,false_reject
/home/lorenzo/Documenti/GitHub/HandVerify/datasets/processed-handwritten/iam_processed/154/c03-081e.png,/home/lorenzo/Documenti/GitHub/HandVerify/datasets/processed-handwritten/iam_processed/415/j06-034.png,impostor,0.9082459807395935,0.8423718214035034,0.06587415933609009,false_accept
/home/lorenzo/Documenti/GitHub/HandVerify/datasets/processed-handwritten/iam_processed/114/b04-202.png,/home/lorenzo/Documenti/GitHub/HandVerify/datasets/processed-handwritten/iam_processed/542/m03-114.png,impostor,0.9227355718612671,0.8423718214035034,0.08036375045776367,false_accept
/home/lorenzo/Documenti/GitHub/HandVerify/datasets/processed-handwritten/iam_processed/016/a01-077.png,/home/lorenzo/Documenti/GitHub/HandVerify/datasets/processed-handwritten/iam_processed/138/c02-003.png,impostor,0.9031082391738892,0.8423718214035034,0.06073641777038574,false_accept
/home/lorenzo/Documenti/GitHub/HandVerify/datasets/processed-handwritten/iam_processed/000/a05-058.png,/home/lorenzo/Documenti/GitHub/HandVerify/datasets/processed-handwritten/iam_processed/000/a01-026u.png,genuine,0.7675066590309143,0.8423718214035034,-0.07486516237258911,false_reject
/home/lorenzo/Documenti/GitHub/HandVerify/datasets/processed-handwritten/iam_processed/150/c03-016a.png,/home/lorenzo/Documenti/GitHub/HandVerify/datasets/processed-handwritten/iam_processed/152/c03-081c.png,impostor,0.8924733400344849,0.8423718214035034,0.050101518630981445,false_accept
/home/lorenzo/Documenti/GitHub/HandVerify/datasets/processed-handwritten/iam_processed/385/h07-025a.png,/home/lorenzo/Documenti/GitHub/HandVerify/datasets/processed-handwritten/iam_processed/415/j06-026.png,impostor,0.9516075849533081,0.8423718214035034,0.10923576354980469,false_accept
/home/lorenzo/Documenti/GitHub/HandVerify/datasets/processed-handwritten/iam_processed/000/a05-099.png,/home/lorenzo/Documenti/GitHub/HandVerify/datasets/processed-handwritten/iam_processed/000/a01-003u.png,genuine,0.726940393447876,0.8423718214035034,-0.11543142795562744,false_reject
/home/lorenzo/Documenti/GitHub/HandVerify/datasets/processed-handwritten/iam_processed/231/e04-015.png,/home/lorenzo/Documenti/GitHub/HandVerify/datasets/processed-handwritten/iam_processed/325/g04-072.png,impostor,0.9795880913734436,0.8423718214035034,0.13721626996994019,false_accept
/home/lorenzo/Documenti/GitHub/HandVerify/datasets/processed-handwritten/iam_processed/335/g06-018d.png,/home/lorenzo/Documenti/GitHub/HandVerify/datasets/processed-handwritten/iam_processed/335/g06-042d.png,genuine,0.8235670328140259,0.8423718214035034,-0.01880478858947754,false_reject
/home/lorenzo/Documenti/GitHub/HandVerify/datasets/processed-handwritten/iam_processed/342/g06-042k.png,/home/lorenzo/Documenti/GitHub/HandVerify/datasets/processed-handwritten/iam_processed/393/j07-015.png,impostor,0.8501165509223938,0.8423718214035034,0.007744729518890381,false_accept
/home/lorenzo/Documenti/GitHub/HandVerify/datasets/processed-handwritten/iam_processed/000/a05-044.png,/home/lorenzo/Documenti/GitHub/HandVerify/datasets/processed-handwritten/iam_processed/000/a01-132x.png,genuine,0.7184908390045166,0.8423718214035034,-0.12388098239898682,false_reject
/home/lorenzo/Documenti/GitHub/HandVerify/datasets/processed-handwritten/iam_processed/000/a05-039.png,/home/lorenzo/Documenti/GitHub/HandVerify/datasets/processed-handwritten/iam_processed/000/a01-063u.png,genuine,0.7838555574417114,0.8423718214035034,-0.05851626396179199,false_reject
/home/lorenzo/Documenti/GitHub/HandVerify/datasets/processed-handwritten/iam_processed/000/a01-000u.png,/home/lorenzo/Documenti/GitHub/HandVerify/datasets/processed-handwritten/iam_processed/000/a05-017.png,genuine,0.49595773220062256,0.8423718214035034,-0.34641408920288086,false_reject
/home/lorenzo/Documenti/GitHub/HandVerify/datasets/processed-handwritten/iam_processed/332/g06-045a.png,/home/lorenzo/Documenti/GitHub/HandVerify/datasets/processed-handwritten/iam_processed/551/n06-175.png,impostor,0.8802542090415955,0.8423718214035034,0.03788238763809204,false_accept
/home/lorenzo/Documenti/GitHub/HandVerify/datasets/processed-handwritten/iam_processed/000/a01-132x.png,/home/lorenzo/Documenti/GitHub/HandVerify/datasets/processed-handwritten/iam_processed/000/a01-091u.png,genuine,0.6758765578269958,0.8423718214035034,-0.16649526357650757,false_reject
/home/lorenzo/Documenti/GitHub/HandVerify/datasets/processed-handwritten/iam_processed/400/j04-008.png,/home/lorenzo/Documenti/GitHub/HandVerify/datasets/processed-handwritten/iam_processed/535/m02-112.png,impostor,0.9650509357452393,0.8423718214035034,0.12267911434173584,false_accept
/home/lorenzo/Documenti/GitHub/HandVerify/datasets/processed-handwritten/iam_processed/000/a01-113u.png,/home/lorenzo/Documenti/GitHub/HandVerify/datasets/processed-handwritten/iam_processed/000/a01-049x.png,genuine,0.7603190541267395,0.8423718214035034,-0.08205276727676392,false_reject
/home/lorenzo/Documenti/GitHub/HandVerify/datasets/processed-handwritten/iam_processed/000/a01-058u.png,/home/lorenzo/Documenti/GitHub/HandVerify/datasets/processed-handwritten/iam_processed/000/a05-113.png,genuine,0.6930900812149048,0.8423718214035034,-0.14928174018859863,false_reject
/home/lorenzo/Documenti/GitHub/HandVerify/datasets/processed-handwritten/iam_processed/098/b02-102.png,/home/lorenzo/Documenti/GitHub/HandVerify/datasets/processed-handwritten/iam_processed/633/p03-189.png,impostor,0.9815499782562256,0.8423718214035034,0.13917815685272217,false_accept
/home/lorenzo/Documenti/GitHub/HandVerify/datasets/processed-handwritten/iam_processed/225/e02-086.png,/home/lorenzo/Documenti/GitHub/HandVerify/datasets/processed-handwritten/iam_processed/269/f03-182.png,impostor,0.8844587802886963,0.8423718214035034,0.04208695888519287,false_accept
/home/lorenzo/Documenti/GitHub/HandVerify/datasets/processed-handwritten/iam_processed/342/g06-045k.png,/home/lorenzo/Documenti/GitHub/HandVerify/datasets/processed-handwritten/iam_processed/342/g06-047k.png,genuine,0.7820403575897217,0.8423718214035034,-0.06033146381378174,false_reject
/home/lorenzo/Documenti/GitHub/HandVerify/datasets/processed-handwritten/iam_processed/385/h07-023.png,/home/lorenzo/Documenti/GitHub/HandVerify/datasets/processed-handwritten/iam_processed/409/j04-076.png,impostor,0.8942749500274658,0.8423718214035034,0.0519031286239624,false_accept
/home/lorenzo/Documenti/GitHub/HandVerify/datasets/processed-handwritten/iam_processed/000/a05-069.png,/home/lorenzo/Documenti/GitHub/HandVerify/datasets/processed-handwritten/iam_processed/000/a01-026u.png,genuine,0.7844589352607727,0.8423718214035034,-0.05791288614273071,false_reject
/home/lorenzo/Documenti/GitHub/HandVerify/datasets/processed-handwritten/iam_processed/452/k04-149.png,/home/lorenzo/Documenti/GitHub/HandVerify/datasets/processed-handwritten/iam_processed/567/p03-112.png,impostor,0.9817076921463013,0.8423718214035034,0.13933587074279785,false_accept
/home/lorenzo/Documenti/GitHub/HandVerify/datasets/processed-handwritten/iam_processed/153/c03-016d.png,/home/lorenzo/Documenti/GitHub/HandVerify/datasets/processed-handwritten/iam_processed/474/l01-195.png,impostor,0.951054573059082,0.8423718214035034,0.10868275165557861,false_accept
/home/lorenzo/Documenti/GitHub/HandVerify/datasets/processed-handwritten/iam_processed/000/a05-104.png,/home/lorenzo/Documenti/GitHub/HandVerify/datasets/processed-handwritten/iam_processed/000/a01-049x.png,genuine,0.8007569313049316,0.8423718214035034,-0.04161489009857178,false_reject
/home/lorenzo/Documenti/GitHub/HandVerify/datasets/processed-handwritten/iam_processed/585/n04-156.png,/home/lorenzo/Documenti/GitHub/HandVerify/datasets/processed-handwritten/iam_processed/585/n04-130.png,genuine,0.7914043664932251,0.8423718214035034,-0.05096745491027832,false_reject
/home/lorenzo/Documenti/GitHub/HandVerify/datasets/processed-handwritten/iam_processed/152/c03-016c.png,/home/lorenzo/Documenti/GitHub/HandVerify/datasets/processed-handwritten/iam_processed/347/g06-045p.png,impostor,0.9609375596046448,0.8423718214035034,0.11856573820114136,false_accept
/home/lorenzo/Documenti/GitHub/HandVerify/datasets/processed-handwritten/iam_processed/129/c06-138.png,/home/lorenzo/Documenti/GitHub/HandVerify/datasets/processed-handwritten/iam_processed/384/j06-000.png,impostor,0.8798536062240601,0.8423718214035034,0.03748178482055664,false_accept
/home/lorenzo/Documenti/GitHub/HandVerify/datasets/processed-handwritten/iam_processed/000/a01-102u.png,/home/lorenzo/Documenti/GitHub/HandVerify/datasets/processed-handwritten/iam_processed/000/a05-089.png,genuine,0.753998339176178,0.8423718214035034,-0.08837348222732544,false_reject
/home/lorenzo/Documenti/GitHub/HandVerify/datasets/processed-handwritten/iam_processed/063/a04-089.png,/home/lorenzo/Documenti/GitHub/HandVerify/datasets/processed-handwritten/iam_processed/150/c03-084a.png,impostor,0.8786929845809937,0.8423718214035034,0.036321163177490234,false_accept
/home/lorenzo/Documenti/GitHub/HandVerify/datasets/processed-handwritten/iam_processed/246/e07-072.png,/home/lorenzo/Documenti/GitHub/HandVerify/datasets/processed-handwritten/iam_processed/634/p06-088.png,impostor,0.9607461094856262,0.8423718214035034,0.1183742880821228,false_accept
/home/lorenzo/Documenti/GitHub/HandVerify/datasets/processed-handwritten/iam_processed/000/a01-132x.png,/home/lorenzo/Documenti/GitHub/HandVerify/datasets/processed-handwritten/iam_processed/000/a01-068u.png,genuine,0.6754449605941772,0.8423718214035034,-0.16692686080932617,false_reject
/home/lorenzo/Documenti/GitHub/HandVerify/datasets/processed-handwritten/iam_processed/246/e07-061.png,/home/lorenzo/Documenti/GitHub/HandVerify/datasets/processed-handwritten/iam_processed/455/k07-134.png,impostor,0.9021553993225098,0.8423718214035034,0.05978357791900635,false_accept
/home/lorenzo/Documenti/GitHub/HandVerify/datasets/processed-handwritten/iam_processed/633/p03-189.png,/home/lorenzo/Documenti/GitHub/HandVerify/datasets/processed-handwritten/iam_processed/634/p06-030.png,impostor,0.9389635920524597,0.8423718214035034,0.0965917706489563,false_accept
/home/lorenzo/Documenti/GitHub/HandVerify/datasets/processed-handwritten/iam_processed/337/g06-050f.png,/home/lorenzo/Documenti/GitHub/HandVerify/datasets/processed-handwritten/iam_processed/337/g06-026f.png,genuine,0.7868195176124573,0.8423718214035034,-0.05555230379104614,false_reject
/home/lorenzo/Documenti/GitHub/HandVerify/datasets/processed-handwritten/iam_processed/151/c03-087b.png,/home/lorenzo/Documenti/GitHub/HandVerify/datasets/processed-handwritten/iam_processed/315/n02-114.png,impostor,0.8534345626831055,0.8423718214035034,0.01106274127960205,false_accept
/home/lorenzo/Documenti/GitHub/HandVerify/datasets/processed-handwritten/iam_processed/000/a01-000u.png,/home/lorenzo/Documenti/GitHub/HandVerify/datasets/processed-handwritten/iam_processed/000/a05-108.png,genuine,0.5703801512718201,0.8423718214035034,-0.27199167013168335,false_reject
/home/lorenzo/Documenti/GitHub/HandVerify/datasets/processed-handwritten/iam_processed/411/j04-094.png,/home/lorenzo/Documenti/GitHub/HandVerify/datasets/processed-handwritten/iam_processed/519/m01-160.png,impostor,0.9320638179779053,0.8423718214035034,0.08969199657440186,false_accept
/home/lorenzo/Documenti/GitHub/HandVerify/datasets/processed-handwritten/iam_processed/339/g06-018h.png,/home/lorenzo/Documenti/GitHub/HandVerify/datasets/processed-handwritten/iam_processed/339/g06-011h.png,genuine,0.7068834900856018,0.8423718214035034,-0.1354883313179016,false_reject
/home/lorenzo/Documenti/GitHub/HandVerify/datasets/processed-handwritten/iam_processed/000/a01-063u.png,/home/lorenzo/Documenti/GitHub/HandVerify/datasets/processed-handwritten/iam_processed/000/a05-048.png,genuine,0.8211565017700195,0.8423718214035034,-0.021215319633483887,false_reject
/home/lorenzo/Documenti/GitHub/HandVerify/datasets/processed-handwritten/iam_processed/362/h02-004.png,/home/lorenzo/Documenti/GitHub/HandVerify/datasets/processed-handwritten/iam_processed/429/k02-112.png,impostor,0.904571533203125,0.8423718214035034,0.06219971179962158,false_accept
/home/lorenzo/Documenti/GitHub/HandVerify/datasets/processed-handwritten/iam_processed/037/a03-047.png,/home/lorenzo/Documenti/GitHub/HandVerify/datasets/processed-handwritten/iam_processed/315/g03-049.png,impostor,0.8763037323951721,0.8423718214035034,0.0339319109916687,false_accept
/home/lorenzo/Documenti/GitHub/HandVerify/datasets/processed-handwritten/iam_processed/395/j01-049.png,/home/lorenzo/Documenti/GitHub/HandVerify/datasets/processed-handwritten/iam_processed/671/r06-126.png,impostor,0.850407600402832,0.8423718214035034,0.008035778999328613,false_accept
/home/lorenzo/Documenti/GitHub/HandVerify/datasets/processed-handwritten/iam_processed/000/a01-102u.png,/home/lorenzo/Documenti/GitHub/HandVerify/datasets/processed-handwritten/iam_processed/000/a05-017.png,genuine,0.760457456111908,0.8423718214035034,-0.08191436529159546,false_reject
/home/lorenzo/Documenti/GitHub/HandVerify/datasets/processed-handwritten/iam_processed/150/c03-094a.png,/home/lorenzo/Documenti/GitHub/HandVerify/datasets/processed-handwritten/iam_processed/642/r02-054.png,impostor,0.9706793427467346,0.8423718214035034,0.1283075213432312,false_accept
/home/lorenzo/Documenti/GitHub/HandVerify/datasets/processed-handwritten/iam_processed/315/n02-114.png,/home/lorenzo/Documenti/GitHub/HandVerify/datasets/processed-handwritten/iam_processed/529/m02-083.png,impostor,0.961053192615509,0.8423718214035034,0.11868137121200562,false_accept
/home/lorenzo/Documenti/GitHub/HandVerify/datasets/processed-handwritten/iam_processed/118/b05-062.png,/home/lorenzo/Documenti/GitHub/HandVerify/datasets/processed-handwritten/iam_processed/551/n06-201.png,impostor,0.9110910892486572,0.8423718214035034,0.06871926784515381,false_accept
/home/lorenzo/Documenti/GitHub/HandVerify/datasets/processed-handwritten/iam_processed/239/k04-017.png,/home/lorenzo/Documenti/GitHub/HandVerify/datasets/processed-handwritten/iam_processed/533/m02-102.png,impostor,0.9790898561477661,0.8423718214035034,0.1367180347442627,false_accept
/home/lorenzo/Documenti/GitHub/HandVerify/datasets/processed-handwritten/iam_processed/000/a05-108.png,/home/lorenzo/Documenti/GitHub/HandVerify/datasets/processed-handwritten/iam_processed/000/a01-030u.png,genuine,0.8334381580352783,0.8423718214035034,-0.008933663368225098,false_reject
/home/lorenzo/Documenti/GitHub/HandVerify/datasets/processed-handwritten/iam_processed/000/a05-062.png,/home/lorenzo/Documenti/GitHub/HandVerify/datasets/processed-handwritten/iam_processed/000/a01-026u.png,genuine,0.7870398163795471,0.8423718214035034,-0.0553320050239563,false_reject
/home/lorenzo/Documenti/GitHub/HandVerify/datasets/processed-handwritten/iam_processed/000/a01-058u.png,/home/lorenzo/Documenti/GitHub/HandVerify/datasets/processed-handwritten/iam_processed/000/a05-069.png,genuine,0.7496083974838257,0.8423718214035034,-0.09276342391967773,false_reject
/home/lorenzo/Documenti/GitHub/HandVerify/datasets/processed-handwritten/iam_processed/241/e04-132.png,/home/lorenzo/Documenti/GitHub/HandVerify/datasets/processed-handwritten/iam_processed/241/e04-091.png,genuine,0.8389367461204529,0.8423718214035034,-0.003435075283050537,false_reject
/home/lorenzo/Documenti/GitHub/HandVerify/datasets/processed-handwritten/iam_processed/333/g06-011b.png,/home/lorenzo/Documenti/GitHub/HandVerify/datasets/processed-handwritten/iam_processed/333/g06-026b.png,genuine,0.7503063678741455,0.8423718214035034,-0.09206545352935791,false_reject
/home/lorenzo/Documenti/GitHub/HandVerify/datasets/processed-handwritten/iam_processed/000/a05-025.png,/home/lorenzo/Documenti/GitHub/HandVerify/datasets/processed-handwritten/iam_processed/000/a01-003u.png,genuine,0.8167340755462646,0.8423718214035034,-0.02563774585723877,false_reject
/home/lorenzo/Documenti/GitHub/HandVerify/datasets/processed-handwritten/iam_processed/368/h02-024.png,/home/lorenzo/Documenti/GitHub/HandVerify/datasets/processed-handwritten/iam_processed/432/k03-138.png,impostor,0.9846267700195312,0.8423718214035034,0.14225494861602783,false_accept
/home/lorenzo/Documenti/GitHub/HandVerify/datasets/processed-handwritten/iam_processed/000/a05-084.png,/home/lorenzo/Documenti/GitHub/HandVerify/datasets/processed-handwritten/iam_processed/000/a01-014u.png,genuine,0.8274636268615723,0.8423718214035034,-0.014908194541931152,false_reject
/home/lorenzo/Documenti/GitHub/HandVerify/datasets/processed-handwritten/iam_processed/334/g06-050c.png,/home/lorenzo/Documenti/GitHub/HandVerify/datasets/processed-handwritten/iam_processed/334/g06-047c.png,genuine,0.8373708724975586,0.8423718214035034,-0.005000948905944824,false_reject
/home/lorenzo/Documenti/GitHub/HandVerify/datasets/processed-handwritten/iam_processed/000/a01-058u.png,/home/lorenzo/Documenti/GitHub/HandVerify/datasets/processed-handwritten/iam_processed/000/a05-053.png,genuine,0.7934389114379883,0.8423718214035034,-0.04893290996551514,false_reject
/home/lorenzo/Documenti/GitHub/HandVerify/datasets/processed-handwritten/iam_processed/384/h06-092.png,/home/lorenzo/Documenti/GitHub/HandVerify/datasets/processed-handwritten/iam_processed/542/m03-110.png,impostor,0.9509360790252686,0.8423718214035034,0.10856425762176514,false_accept
/home/lorenzo/Documenti/GitHub/HandVerify/datasets/processed-handwritten/iam_processed/281/f04-068.png,/home/lorenzo/Documenti/GitHub/HandVerify/datasets/processed-handwritten/iam_processed/367/h02-022.png,impostor,0.8516041040420532,0.8423718214035034,0.009232282638549805,false_accept
/home/lorenzo/Documenti/GitHub/HandVerify/datasets/processed-handwritten/iam_processed/000/a05-058.png,/home/lorenzo/Documenti/GitHub/HandVerify/datasets/processed-handwritten/iam_processed/000/a01-043u.png,genuine,0.8083330392837524,0.8423718214035034,-0.03403878211975098,false_reject
/home/lorenzo/Documenti/GitHub/HandVerify/datasets/processed-handwritten/iam_processed/129/c06-014.png,/home/lorenzo/Documenti/GitHub/HandVerify/datasets/processed-handwritten/iam_processed/549/m04-209.png,impostor,0.8982217907905579,0.8423718214035034,0.05584996938705444,false_accept
/home/lorenzo/Documenti/GitHub/HandVerify/datasets/processed-handwritten/iam_processed/000/a01-068u.png,/home/lorenzo/Documenti/GitHub/HandVerify/datasets/processed-handwritten/iam_processed/000/a05-121.png,genuine,0.8313605785369873,0.8423718214035034,-0.011011242866516113,false_reject
/home/lorenzo/Documenti/GitHub/HandVerify/datasets/processed-handwritten/iam_processed/246/e07-072.png,/home/lorenzo/Documenti/GitHub/HandVerify/datasets/processed-handwritten/iam_processed/483/l04-062.png,impostor,0.8508956432342529,0.8423718214035034,0.008523821830749512,false_accept
/home/lorenzo/Documenti/GitHub/HandVerify/datasets/processed-handwritten/iam_processed/000/a05-069.png,/home/lorenzo/Documenti/GitHub/HandVerify/datasets/processed-handwritten/iam_processed/000/a01-007u.png,genuine,0.7891130447387695,0.8423718214035034,-0.05325877666473389,false_reject
/home/lorenzo/Documenti/GitHub/HandVerify/datasets/processed-handwritten/iam_processed/000/a01-117u.png,/home/lorenzo/Documenti/GitHub/HandVerify/datasets/processed-handwritten/iam_processed/000/a01-049x.png,genuine,0.7313461899757385,0.8423718214035034,-0.11102563142776489,false_reject
/home/lorenzo/Documenti/GitHub/HandVerify/datasets/processed-handwritten/iam_processed/341/g06-045j.png,/home/lorenzo/Documenti/GitHub/HandVerify/datasets/processed-handwritten/iam_processed/371/h02-037.png,impostor,0.8852294683456421,0.8423718214035034,0.04285764694213867,false_accept
/home/lorenzo/Documenti/GitHub/HandVerify/datasets/processed-handwritten/iam_processed/383/h04-082.png,/home/lorenzo/Documenti/GitHub/HandVerify/datasets/processed-handwritten/iam_processed/614/p03-012.png,impostor,0.8904002904891968,0.8423718214035034,0.04802846908569336,false_accept
/home/lorenzo/Documenti/GitHub/HandVerify/datasets/processed-handwritten/iam_processed/346/g06-031o.png,/home/lorenzo/Documenti/GitHub/HandVerify/datasets/processed-handwritten/iam_processed/635/r06-007.png,impostor,0.8518161177635193,0.8423718214035034,0.00944429636001587,false_accept
/home/lorenzo/Documenti/GitHub/HandVerify/datasets/processed-handwritten/iam_processed/565/n02-062.png,/home/lorenzo/Documenti/GitHub/HandVerify/datasets/processed-handwritten/iam_processed/591/p01-168.png,impostor,0.9861763119697571,0.8423718214035034,0.14380449056625366,false_accept
/home/lorenzo/Documenti/GitHub/HandVerify/datasets/processed-handwritten/iam_processed/391/h07-071.png,/home/lorenzo/Documenti/GitHub/HandVerify/datasets/processed-handwritten/iam_processed/648/r02-081.png,impostor,0.8489840626716614,0.8423718214035034,0.006612241268157959,false_accept
/home/lorenzo/Documenti/GitHub/HandVerify/datasets/processed-handwritten/iam_processed/150/c03-094a.png,/home/lorenzo/Documenti/GitHub/HandVerify/datasets/processed-handwritten/iam_processed/509/m01-079.png,impostor,0.9139754772186279,0.8423718214035034,0.07160365581512451,false_accept
/home/lorenzo/Documenti/GitHub/HandVerify/datasets/processed-handwritten/iam_processed/136/c01-066.png,/home/lorenzo/Documenti/GitHub/HandVerify/datasets/processed-handwritten/iam_processed/346/g06-042o.png,impostor,0.848466157913208,0.8423718214035034,0.00609433650970459,false_accept
/home/lorenzo/Documenti/GitHub/HandVerify/datasets/processed-handwritten/iam_processed/087/b01-009.png,/home/lorenzo/Documenti/GitHub/HandVerify/datasets/processed-handwritten/iam_processed/387/h07-028a.png,impostor,0.9958505630493164,0.8423718214035034,0.153478741645813,false_accept
/home/lorenzo/Documenti/GitHub/HandVerify/datasets/processed-handwritten/iam_processed/000/a01-102u.png,/home/lorenzo/Documenti/GitHub/HandVerify/datasets/processed-handwritten/iam_processed/000/a05-053.png,genuine,0.8289651870727539,0.8423718214035034,-0.013406634330749512,false_reject
/home/lorenzo/Documenti/GitHub/HandVerify/datasets/processed-handwritten/iam_processed/077/a06-070.png,/home/lorenzo/Documenti/GitHub/HandVerify/datasets/processed-handwritten/iam_processed/588/n06-133.png,impostor,0.9330263137817383,0.8423718214035034,0.09065449237823486,false_accept
/home/lorenzo/Documenti/GitHub/HandVerify/datasets/processed-handwritten/iam_processed/353/g07-038.png,/home/lorenzo/Documenti/GitHub/HandVerify/datasets/processed-handwritten/iam_processed/353/g07-047.png,genuine,-0.21113567054271698,0.8423718214035034,-1.0535074919462204,false_reject
/home/lorenzo/Documenti/GitHub/HandVerify/datasets/processed-handwritten/iam_processed/000/a01-132x.png,/home/lorenzo/Documenti/GitHub/HandVerify/datasets/processed-handwritten/iam_processed/000/a01-014u.png,genuine,0.7855926752090454,0.8423718214035034,-0.05677914619445801,false_reject
/home/lorenzo/Documenti/GitHub/HandVerify/datasets/processed-handwritten/iam_processed/000/a01-000u.png,/home/lorenzo/Documenti/GitHub/HandVerify/datasets/processed-handwritten/iam_processed/000/a01-091u.png,genuine,0.8252403140068054,0.8423718214035034,-0.017131507396697998,false_reject
/home/lorenzo/Documenti/GitHub/HandVerify/datasets/processed-handwritten/iam_processed/000/a01-132x.png,/home/lorenzo/Documenti/GitHub/HandVerify/datasets/processed-handwritten/iam_processed/000/a01-026u.png,genuine,0.7824689745903015,0.8423718214035034,-0.059902846813201904,false_reject
/home/lorenzo/Documenti/GitHub/HandVerify/datasets/processed-handwritten/iam_processed/340/g06-047i.png,/home/lorenzo/Documenti/GitHub/HandVerify/datasets/processed-handwritten/iam_processed/340/g06-026i.png,genuine,0.7524639368057251,0.8423718214035034,-0.08990788459777832,false_reject
/home/lorenzo/Documenti/GitHub/HandVerify/datasets/processed-handwritten/iam_processed/131/b06-042.png,/home/lorenzo/Documenti/GitHub/HandVerify/datasets/processed-handwritten/iam_processed/296/g01-019.png,impostor,0.9467766284942627,0.8423718214035034,0.10440480709075928,false_accept
/home/lorenzo/Documenti/GitHub/HandVerify/datasets/processed-handwritten/iam_processed/000/a01-132x.png,/home/lorenzo/Documenti/GitHub/HandVerify/datasets/processed-handwritten/iam_processed/000/a05-058.png,genuine,0.7076766490936279,0.8423718214035034,-0.1346951723098755,false_reject
/home/lorenzo/Documenti/GitHub/HandVerify/datasets/processed-handwritten/iam_processed/000/a05-022.png,/home/lorenzo/Documenti/GitHub/HandVerify/datasets/processed-handwritten/iam_processed/000/a01-049x.png,genuine,0.7845578789710999,0.8423718214035034,-0.057813942432403564,false_reject
/home/lorenzo/Documenti/GitHub/HandVerify/datasets/processed-handwritten/iam_processed/342/g06-037k.png,/home/lorenzo/Documenti/GitHub/HandVerify/datasets/processed-handwritten/iam_processed/342/g06-047k.png,genuine,0.839402973651886,0.8423718214035034,-0.0029688477516174316,false_reject
/home/lorenzo/Documenti/GitHub/HandVerify/datasets/processed-handwritten/iam_processed/242/e04-109.png,/home/lorenzo/Documenti/GitHub/HandVerify/datasets/processed-handwritten/iam_processed/242/e04-103.png,genuine,0.7880769968032837,0.8423718214035034,-0.05429482460021973,false_reject
/home/lorenzo/Documenti/GitHub/HandVerify/datasets/processed-handwritten/iam_processed/199/d05-008.png,/home/lorenzo/Documenti/GitHub/HandVerify/datasets/processed-handwritten/iam_processed/382/h04-074.png,impostor,0.9428588151931763,0.8423718214035034,0.10048699378967285,false_accept
/home/lorenzo/Documenti/GitHub/HandVerify/datasets/processed-handwritten/iam_processed/000/a01-132x.png,/home/lorenzo/Documenti/GitHub/HandVerify/datasets/processed-handwritten/iam_processed/000/a05-062.png,genuine,0.6652145981788635,0.8423718214035034,-0.1771572232246399,false_reject
/home/lorenzo/Documenti/GitHub/HandVerify/datasets/processed-handwritten/iam_processed/291/f07-081b.png,/home/lorenzo/Documenti/GitHub/HandVerify/datasets/processed-handwritten/iam_processed/329/g04-101.png,impostor,0.8460238575935364,0.8423718214035034,0.003652036190032959,false_accept
/home/lorenzo/Documenti/GitHub/HandVerify/datasets/processed-handwritten/iam_processed/077/a06-070.png,/home/lorenzo/Documenti/GitHub/HandVerify/datasets/processed-handwritten/iam_processed/541/m03-095.png,impostor,0.9251530766487122,0.8423718214035034,0.08278125524520874,false_accept
/home/lorenzo/Documenti/GitHub/HandVerify/datasets/processed-handwritten/iam_processed/154/c03-007e.png,/home/lorenzo/Documenti/GitHub/HandVerify/datasets/processed-handwritten/iam_processed/634/p06-069.png,impostor,0.8482524156570435,0.8423718214035034,0.005880594253540039,false_accept
/home/lorenzo/Documenti/GitHub/HandVerify/datasets/processed-handwritten/iam_processed/341/g06-037j.png,/home/lorenzo/Documenti/GitHub/HandVerify/datasets/processed-handwritten/iam_processed/455/k07-146.png,impostor,0.8787481784820557,0.8423718214035034,0.036376357078552246,false_accept
/home/lorenzo/Documenti/GitHub/HandVerify/datasets/processed-handwritten/iam_processed/094/b01-132.png,/home/lorenzo/Documenti/GitHub/HandVerify/datasets/processed-handwritten/iam_processed/523/m02-059.png,impostor,0.8542723059654236,0.8423718214035034,0.011900484561920166,false_accept
/home/lorenzo/Documenti/GitHub/HandVerify/datasets/processed-handwritten/iam_processed/040/a03-006.png,/home/lorenzo/Documenti/GitHub/HandVerify/datasets/processed-handwritten/iam_processed/315/n02-109.png,impostor,0.8517261743545532,0.8423718214035034,0.009354352951049805,false_accept
/home/lorenzo/Documenti/GitHub/HandVerify/datasets/processed-handwritten/iam_processed/461/l01-065.png,/home/lorenzo/Documenti/GitHub/HandVerify/datasets/processed-handwritten/iam_processed/634/p06-047.png,impostor,0.9338847994804382,0.8423718214035034,0.09151297807693481,false_accept
/home/lorenzo/Documenti/GitHub/HandVerify/datasets/processed-handwritten/iam_processed/000/a05-058.png,/home/lorenzo/Documenti/GitHub/HandVerify/datasets/processed-handwritten/iam_processed/000/a01-014u.png,genuine,0.8325523138046265,0.8423718214035034,-0.009819507598876953,false_reject
/home/lorenzo/Documenti/GitHub/HandVerify/datasets/processed-handwritten/iam_processed/000/a01-049x.png,/home/lorenzo/Documenti/GitHub/HandVerify/datasets/processed-handwritten/iam_processed/000/a01-007u.png,genuine,0.7527821063995361,0.8423718214035034,-0.08958971500396729,false_reject
/home/lorenzo/Documenti/GitHub/HandVerify/datasets/processed-handwritten/iam_processed/000/a01-132x.png,/home/lorenzo/Documenti/GitHub/HandVerify/datasets/processed-handwritten/iam_processed/000/a01-000u.png,genuine,0.5903958082199097,0.8423718214035034,-0.25197601318359375,false_reject
/home/lorenzo/Documenti/GitHub/HandVerify/datasets/processed-handwritten/iam_processed/339/g06-018h.png,/home/lorenzo/Documenti/GitHub/HandVerify/datasets/processed-handwritten/iam_processed/339/g06-031h.png,genuine,0.6135092973709106,0.8423718214035034,-0.22886252403259277,false_reject
/home/lorenzo/Documenti/GitHub/HandVerify/datasets/processed-handwritten/iam_processed/550/n04-000.png,/home/lorenzo/Documenti/GitHub/HandVerify/datasets/processed-handwritten/iam_processed/569/n02-154.png,impostor,0.9190521240234375,0.8423718214035034,0.07668030261993408,false_accept
/home/lorenzo/Documenti/GitHub/HandVerify/datasets/processed-handwritten/iam_processed/339/g06-018h.png,/home/lorenzo/Documenti/GitHub/HandVerify/datasets/processed-handwritten/iam_processed/339/g06-045h.png,genuine,0.6896802186965942,0.8423718214035034,-0.15269160270690918,false_reject
/home/lorenzo/Documenti/GitHub/HandVerify/datasets/processed-handwritten/iam_processed/158/c04-008.png,/home/lorenzo/Documenti/GitHub/HandVerify/datasets/processed-handwritten/iam_processed/209/d07-093.png,impostor,0.9144807457923889,0.8423718214035034,0.0721089243888855,false_accept
/home/lorenzo/Documenti/GitHub/HandVerify/datasets/processed-handwritten/iam_processed/000/a01-000u.png,/home/lorenzo/Documenti/GitHub/HandVerify/datasets/processed-handwritten/iam_processed/000/a05-053.png,genuine,0.6086858510971069,0.8423718214035034,-0.23368597030639648,false_reject
/home/lorenzo/Documenti/GitHub/HandVerify/datasets/processed-handwritten/iam_processed/154/c03-016e.png,/home/lorenzo/Documenti/GitHub/HandVerify/datasets/processed-handwritten/iam_processed/670/r06-057.png,impostor,0.9036064743995667,0.8423718214035034,0.06123465299606323,false_accept
/home/lorenzo/Documenti/GitHub/HandVerify/datasets/processed-handwritten/iam_processed/393/j07-000.png,/home/lorenzo/Documenti/GitHub/HandVerify/datasets/processed-handwritten/iam_processed/393/j07-015.png,genuine,0.7275151014328003,0.8423718214035034,-0.11485671997070312,false_reject
/home/lorenzo/Documenti/GitHub/HandVerify/datasets/processed-handwritten/iam_processed/461/l01-065.png,/home/lorenzo/Documenti/GitHub/HandVerify/datasets/processed-handwritten/iam_processed/634/p06-069.png,impostor,0.9147219657897949,0.8423718214035034,0.0723501443862915,false_accept
/home/lorenzo/Documenti/GitHub/HandVerify/datasets/processed-handwritten/iam_processed/340/g06-050i.png,/home/lorenzo/Documenti/GitHub/HandVerify/datasets/processed-handwritten/iam_processed/340/g06-031i.png,genuine,0.6819934844970703,0.8423718214035034,-0.1603783369064331,false_reject
/home/lorenzo/Documenti/GitHub/HandVerify/datasets/processed-handwritten/iam_processed/000/a05-048.png,/home/lorenzo/Documenti/GitHub/HandVerify/datasets/processed-handwritten/iam_processed/000/a01-049x.png,genuine,0.7744722962379456,0.8423718214035034,-0.06789952516555786,false_reject
/home/lorenzo/Documenti/GitHub/HandVerify/datasets/processed-handwritten/iam_processed/130/b06-079.png,/home/lorenzo/Documenti/GitHub/HandVerify/datasets/processed-handwritten/iam_processed/255/f01-135.png,impostor,0.9621148109436035,0.8423718214035034,0.1197429895401001,false_accept
/home/lorenzo/Documenti/GitHub/HandVerify/datasets/processed-handwritten/iam_processed/000/a05-113.png,/home/lorenzo/Documenti/GitHub/HandVerify/datasets/processed-handwritten/iam_processed/000/a01-026u.png,genuine,0.727739691734314,0.8423718214035034,-0.11463212966918945,false_reject
/home/lorenzo/Documenti/GitHub/HandVerify/datasets/processed-handwritten/iam_processed/000/a01-049x.png,/home/lorenzo/Documenti/GitHub/HandVerify/datasets/processed-handwritten/iam_processed/000/a01-132u.png,genuine,0.796366810798645,0.8423718214035034,-0.0460050106048584,false_reject
/home/lorenzo/Documenti/GitHub/HandVerify/datasets/processed-handwritten/iam_processed/118/b05-067.png,/home/lorenzo/Documenti/GitHub/HandVerify/datasets/processed-handwritten/iam_processed/315/n02-109.png,impostor,0.8721136450767517,0.8423718214035034,0.02974182367324829,false_accept
/home/lorenzo/Documenti/GitHub/HandVerify/datasets/processed-handwritten/iam_processed/000/a01-020u.png,/home/lorenzo/Documenti/GitHub/HandVerify/datasets/processed-handwritten/iam_processed/000/a05-062.png,genuine,0.8411687612533569,0.8423718214035034,-0.0012030601501464844,false_reject
/home/lorenzo/Documenti/GitHub/HandVerify/datasets/processed-handwritten/iam_processed/000/a01-049x.png,/home/lorenzo/Documenti/GitHub/HandVerify/datasets/processed-handwritten/iam_processed/000/a05-013.png,genuine,0.8252480030059814,0.8423718214035034,-0.017123818397521973,false_reject
/home/lorenzo/Documenti/GitHub/HandVerify/datasets/processed-handwritten/iam_processed/234/e04-038.png,/home/lorenzo/Documenti/GitHub/HandVerify/datasets/processed-handwritten/iam_processed/565/n02-062.png,impostor,0.9175195097923279,0.8423718214035034,0.07514768838882446,false_accept
/home/lorenzo/Documenti/GitHub/HandVerify/datasets/processed-handwritten/iam_processed/197/d04-121.png,/home/lorenzo/Documenti/GitHub/HandVerify/datasets/processed-handwritten/iam_processed/327/g04-081.png,impostor,0.8656851649284363,0.8423718214035034,0.02331334352493286,false_accept
/home/lorenzo/Documenti/GitHub/HandVerify/datasets/processed-handwritten/iam_processed/089/b01-033.png,/home/lorenzo/Documenti/GitHub/HandVerify/datasets/processed-handwritten/iam_processed/590/p01-155.png,impostor,0.9583499431610107,0.8423718214035034,0.11597812175750732,false_accept
/home/lorenzo/Documenti/GitHub/HandVerify/datasets/processed-handwritten/iam_processed/000/a01-132x.png,/home/lorenzo/Documenti/GitHub/HandVerify/datasets/processed-handwritten/iam_processed/000/a01-072u.png,genuine,0.6223559379577637,0.8423718214035034,-0.22001588344573975,false_reject
/home/lorenzo/Documenti/GitHub/HandVerify/datasets/processed-handwritten/iam_processed/414/j04-111.png,/home/lorenzo/Documenti/GitHub/HandVerify/datasets/processed-handwritten/iam_processed/414/j04-115.png,genuine,0.7802886962890625,0.8423718214035034,-0.06208312511444092,false_reject
/home/lorenzo/Documenti/GitHub/HandVerify/datasets/processed-handwritten/iam_processed/208/d06-060.png,/home/lorenzo/Documenti/GitHub/HandVerify/datasets/processed-handwritten/iam_processed/310/g03-016.png,impostor,0.9138227105140686,0.8423718214035034,0.07145088911056519,false_accept
/home/lorenzo/Documenti/GitHub/HandVerify/datasets/processed-handwritten/iam_processed/152/c03-007c.png,/home/lorenzo/Documenti/GitHub/HandVerify/datasets/processed-handwritten/iam_processed/282/f04-074.png,impostor,0.9518519639968872,0.8423718214035034,0.10948014259338379,false_accept
/home/lorenzo/Documenti/GitHub/HandVerify/datasets/processed-handwritten/iam_processed/215/e01-092.png,/home/lorenzo/Documenti/GitHub/HandVerify/datasets/processed-handwritten/iam_processed/354/g07-065.png,impostor,0.9309149980545044,0.8423718214035034,0.08854317665100098,false_accept
/home/lorenzo/Documenti/GitHub/HandVerify/datasets/processed-handwritten/iam_processed/000/a01-049x.png,/home/lorenzo/Documenti/GitHub/HandVerify/datasets/processed-handwritten/iam_processed/000/a05-069.png,genuine,0.7503716945648193,0.8423718214035034,-0.09200012683868408,false_reject
/home/lorenzo/Documenti/GitHub/HandVerify/datasets/processed-handwritten/iam_processed/000/a01-014u.png,/home/lorenzo/Documenti/GitHub/HandVerify/datasets/processed-handwritten/iam_processed/000/a05-116.png,genuine,0.8041328191757202,0.8423718214035034,-0.0382390022277832,false_reject
/home/lorenzo/Documenti/GitHub/HandVerify/datasets/processed-handwritten/iam_processed/550/m04-238.png,/home/lorenzo/Documenti/GitHub/HandVerify/datasets/processed-handwritten/iam_processed/550/m04-246.png,genuine,0.8171746134757996,0.8423718214035034,-0.025197207927703857,false_reject
/home/lorenzo/Documenti/GitHub/HandVerify/datasets/processed-handwritten/iam_processed/174/d06-030.png,/home/lorenzo/Documenti/GitHub/HandVerify/datasets/processed-handwritten/iam_processed/565/n02-062.png,impostor,0.9465391635894775,0.8423718214035034,0.10416734218597412,false_accept
/home/lorenzo/Documenti/GitHub/HandVerify/datasets/processed-handwritten/iam_processed/000/a05-058.png,/home/lorenzo/Documenti/GitHub/HandVerify/datasets/processed-handwritten/iam_processed/000/a01-020u.png,genuine,0.8183693885803223,0.8423718214035034,-0.024002432823181152,false_reject
/home/lorenzo/Documenti/GitHub/HandVerify/datasets/processed-handwritten/iam_processed/130/b06-032.png,/home/lorenzo/Documenti/GitHub/HandVerify/datasets/processed-handwritten/iam_processed/145/c02-056.png,impostor,0.9315648078918457,0.8423718214035034,0.08919298648834229,false_accept
/home/lorenzo/Documenti/GitHub/HandVerify/datasets/processed-handwritten/iam_processed/334/g06-018c.png,/home/lorenzo/Documenti/GitHub/HandVerify/datasets/processed-handwritten/iam_processed/334/g06-050c.png,genuine,0.4854043424129486,0.8423718214035034,-0.3569674789905548,false_reject
/home/lorenzo/Documenti/GitHub/HandVerify/datasets/processed-handwritten/iam_processed/130/b06-032.png,/home/lorenzo/Documenti/GitHub/HandVerify/datasets/processed-handwritten/iam_processed/142/c02-030.png,impostor,0.9190405607223511,0.8423718214035034,0.07666873931884766,false_accept
/home/lorenzo/Documenti/GitHub/HandVerify/datasets/processed-handwritten/iam_processed/347/g06-018p.png,/home/lorenzo/Documenti/GitHub/HandVerify/datasets/processed-handwritten/iam_processed/409/j04-076.png,impostor,0.9932898283004761,0.8423718214035034,0.15091800689697266,false_accept
/home/lorenzo/Documenti/GitHub/HandVerify/datasets/processed-handwritten/iam_processed/171/c04-160.png,/home/lorenzo/Documenti/GitHub/HandVerify/datasets/processed-handwritten/iam_processed/492/l04-153.png,impostor,0.850794792175293,0.8423718214035034,0.00842297077178955,false_accept
/home/lorenzo/Documenti/GitHub/HandVerify/datasets/processed-handwritten/iam_processed/000/a05-080.png,/home/lorenzo/Documenti/GitHub/HandVerify/datasets/processed-handwritten/iam_processed/000/a01-026u.png,genuine,0.8110904693603516,0.8423718214035034,-0.031281352043151855,false_reject
/home/lorenzo/Documenti/GitHub/HandVerify/datasets/processed-handwritten/iam_processed/000/a01-132x.png,/home/lorenzo/Documenti/GitHub/HandVerify/datasets/processed-handwritten/iam_processed/000/a05-094.png,genuine,0.695171594619751,0.8423718214035034,-0.14720022678375244,false_reject
/home/lorenzo/Documenti/GitHub/HandVerify/datasets/processed-handwritten/iam_processed/498/l07-187.png,/home/lorenzo/Documenti/GitHub/HandVerify/datasets/processed-handwritten/iam_processed/532/m02-095.png,impostor,0.9179205298423767,0.8423718214035034,0.07554870843887329,false_accept
/home/lorenzo/Documenti/GitHub/HandVerify/datasets/processed-handwritten/iam_processed/026/a02-098.png,/home/lorenzo/Documenti/GitHub/HandVerify/datasets/processed-handwritten/iam_processed/454/k07-077.png,impostor,0.8686316013336182,0.8423718214035034,0.026259779930114746,false_accept
/home/lorenzo/Documenti/GitHub/HandVerify/datasets/processed-handwritten/iam_processed/527/m02-075.png,/home/lorenzo/Documenti/GitHub/HandVerify/datasets/processed-handwritten/iam_processed/527/m02-106.png,genuine,0.7948675155639648,0.8423718214035034,-0.047504305839538574,false_reject
/home/lorenzo/Documenti/GitHub/HandVerify/datasets/processed-handwritten/iam_processed/199/d05-008.png,/home/lorenzo/Documenti/GitHub/HandVerify/datasets/processed-handwritten/iam_processed/199/d05-021.png,genuine,0.7945338487625122,0.8423718214035034,-0.04783797264099121,false_reject
/home/lorenzo/Documenti/GitHub/HandVerify/datasets/processed-handwritten/iam_processed/000/a01-043u.png,/home/lorenzo/Documenti/GitHub/HandVerify/datasets/processed-handwritten/iam_processed/000/a05-108.png,genuine,0.8370465040206909,0.8423718214035034,-0.0053253173828125,false_reject
/home/lorenzo/Documenti/GitHub/HandVerify/datasets/processed-handwritten/iam_processed/082/a06-110.png,/home/lorenzo/Documenti/GitHub/HandVerify/datasets/processed-handwritten/iam_processed/128/c06-027.png,impostor,0.9174560904502869,0.8423718214035034,0.07508426904678345,false_accept
/home/lorenzo/Documenti/GitHub/HandVerify/datasets/processed-handwritten/iam_processed/183/d03-117.png,/home/lorenzo/Documenti/GitHub/HandVerify/datasets/processed-handwritten/iam_processed/659/r03-026.png,impostor,0.9876549243927002,0.8423718214035034,0.14528310298919678,false_accept
/home/lorenzo/Documenti/GitHub/HandVerify/datasets/processed-handwritten/iam_processed/000/a03-050.png,/home/lorenzo/Documenti/GitHub/HandVerify/datasets/processed-handwritten/iam_processed/000/a01-007u.png,genuine,0.8321952819824219,0.8423718214035034,-0.010176539421081543,false_reject
/home/lorenzo/Documenti/GitHub/HandVerify/datasets/processed-handwritten/iam_processed/096/b02-045.png,/home/lorenzo/Documenti/GitHub/HandVerify/datasets/processed-handwritten/iam_processed/499/m01-000.png,impostor,0.9931625127792358,0.8423718214035034,0.15079069137573242,false_accept
/home/lorenzo/Documenti/GitHub/HandVerify/datasets/processed-handwritten/iam_processed/152/c03-021c.png,/home/lorenzo/Documenti/GitHub/HandVerify/datasets/processed-handwritten/iam_processed/347/g06-026p.png,impostor,0.9623404145240784,0.8423718214035034,0.11996859312057495,false_accept
/home/lorenzo/Documenti/GitHub/HandVerify/datasets/processed-handwritten/iam_processed/000/a05-022.png,/home/lorenzo/Documenti/GitHub/HandVerify/datasets/processed-handwritten/iam_processed/000/a01-058u.png,genuine,0.760127067565918,0.8423718214035034,-0.08224475383758545,false_reject
/home/lorenzo/Documenti/GitHub/HandVerify/datasets/processed-handwritten/iam_processed/260/f02-020.png,/home/lorenzo/Documenti/GitHub/HandVerify/datasets/processed-handwritten/iam_processed/385/h07-023.png,impostor,0.9513887166976929,0.8423718214035034,0.10901689529418945,false_accept
/home/lorenzo/Documenti/GitHub/HandVerify/datasets/processed-handwritten/iam_processed/332/g06-026a.png,/home/lorenzo/Documenti/GitHub/HandVerify/datasets/processed-handwritten/iam_processed/595/p02-017.png,impostor,0.9234071969985962,0.8423718214035034,0.08103537559509277,false_accept
/home/lorenzo/Documenti/GitHub/HandVerify/datasets/processed-handwritten/iam_processed/125/b06-056.png,/home/lorenzo/Documenti/GitHub/HandVerify/datasets/processed-handwritten/iam_processed/549/m04-190.png,impostor,0.8896359801292419,0.8423718214035034,0.047264158725738525,false_accept
/home/lorenzo/Documenti/GitHub/HandVerify/datasets/processed-handwritten/iam_processed/000/a05-108.png,/home/lorenzo/Documenti/GitHub/HandVerify/datasets/processed-handwritten/iam_processed/000/a01-003u.png,genuine,0.7489359974861145,0.8423718214035034,-0.09343582391738892,false_reject
/home/lorenzo/Documenti/GitHub/HandVerify/datasets/processed-handwritten/iam_processed/000/a01-132x.png,/home/lorenzo/Documenti/GitHub/HandVerify/datasets/processed-handwritten/iam_processed/000/a01-007u.png,genuine,0.7863065004348755,0.8423718214035034,-0.05606532096862793,false_reject
/home/lorenzo/Documenti/GitHub/HandVerify/datasets/processed-handwritten/iam_processed/199/d05-025.png,/home/lorenzo/Documenti/GitHub/HandVerify/datasets/processed-handwritten/iam_processed/456/k07-176.png,impostor,0.957805871963501,0.8423718214035034,0.11543405055999756,false_accept
/home/lorenzo/Documenti/GitHub/HandVerify/datasets/processed-handwritten/iam_processed/167/c04-105.png,/home/lorenzo/Documenti/GitHub/HandVerify/datasets/processed-handwritten/iam_processed/315/r03-053.png,impostor,0.9643503427505493,0.8423718214035034,0.1219785213470459,false_accept
/home/lorenzo/Documenti/GitHub/HandVerify/datasets/processed-handwritten/iam_processed/402/j04-015.png,/home/lorenzo/Documenti/GitHub/HandVerify/datasets/processed-handwritten/iam_processed/546/m04-081.png,impostor,0.8493925333023071,0.8423718214035034,0.007020711898803711,false_accept
/home/lorenzo/Documenti/GitHub/HandVerify/datasets/processed-handwritten/iam_processed/000/a01-058u.png,/home/lorenzo/Documenti/GitHub/HandVerify/datasets/processed-handwritten/iam_processed/000/a05-080.png,genuine,0.7559515237808228,0.8423718214035034,-0.08642029762268066,false_reject
/home/lorenzo/Documenti/GitHub/HandVerify/datasets/processed-handwritten/iam_processed/000/a01-049u.png,/home/lorenzo/Documenti/GitHub/HandVerify/datasets/processed-handwritten/iam_processed/000/a01-049x.png,genuine,0.7042468786239624,0.8423718214035034,-0.13812494277954102,false_reject
/home/lorenzo/Documenti/GitHub/HandVerify/datasets/processed-handwritten/iam_processed/044/a03-017.png,/home/lorenzo/Documenti/GitHub/HandVerify/datasets/processed-handwritten/iam_processed/426/k02-093.png,impostor,0.9521936774253845,0.8423718214035034,0.1098218560218811,false_accept
/home/lorenzo/Documenti/GitHub/HandVerify/datasets/processed-handwritten/iam_processed/452/k04-142.png,/home/lorenzo/Documenti/GitHub/HandVerify/datasets/processed-handwritten/iam_processed/453/k04-163.png,impostor,0.8951703310012817,0.8423718214035034,0.05279850959777832,false_accept
/home/lorenzo/Documenti/GitHub/HandVerify/datasets/processed-handwritten/iam_processed/151/c03-084b.png,/home/lorenzo/Documenti/GitHub/HandVerify/datasets/processed-handwritten/iam_processed/153/c03-000d.png,impostor,0.9817589521408081,0.8423718214035034,0.1393871307373047,false_accept
/home/lorenzo/Documenti/GitHub/HandVerify/datasets/processed-handwritten/iam_processed/000/a05-069.png,/home/lorenzo/Documenti/GitHub/HandVerify/datasets/processed-handwritten/iam_processed/000/a01-043u.png,genuine,0.8192648887634277,0.8423718214035034,-0.023106932640075684,false_reject
/home/lorenzo/Documenti/GitHub/HandVerify/datasets/processed-handwritten/iam_processed/476/l03-000.png,/home/lorenzo/Documenti/GitHub/HandVerify/datasets/processed-handwritten/iam_processed/498/l07-176.png,impostor,0.9046831130981445,0.8423718214035034,0.06231129169464111,false_accept
/home/lorenzo/Documenti/GitHub/HandVerify/datasets/processed-handwritten/iam_processed/080/a06-095.png,/home/lorenzo/Documenti/GitHub/HandVerify/datasets/processed-handwritten/iam_processed/590/p01-155.png,impostor,0.9392775893211365,0.8423718214035034,0.09690576791763306,false_accept
/home/lorenzo/Documenti/GitHub/HandVerify/datasets/processed-handwritten/iam_processed/000/a01-020u.png,/home/lorenzo/Documenti/GitHub/HandVerify/datasets/processed-handwritten/iam_processed/000/a01-049x.png,genuine,0.6682264804840088,0.8423718214035034,-0.17414534091949463,false_reject
/home/lorenzo/Documenti/GitHub/HandVerify/datasets/processed-handwritten/iam_processed/080/a06-095.png,/home/lorenzo/Documenti/GitHub/HandVerify/datasets/processed-handwritten/iam_processed/456/k07-158.png,impostor,0.8866337537765503,0.8423718214035034,0.044261932373046875,false_accept
/home/lorenzo/Documenti/GitHub/HandVerify/datasets/processed-handwritten/iam_processed/334/g06-018c.png,/home/lorenzo/Documenti/GitHub/HandVerify/datasets/processed-handwritten/iam_processed/334/g06-037c.png,genuine,0.817561686038971,0.8423718214035034,-0.02481013536453247,false_reject
/home/lorenzo/Documenti/GitHub/HandVerify/datasets/processed-handwritten/iam_processed/000/a05-044.png,/home/lorenzo/Documenti/GitHub/HandVerify/datasets/processed-handwritten/iam_processed/000/a01-102u.png,genuine,0.7873215079307556,0.8423718214035034,-0.0550503134727478,false_reject
/home/lorenzo/Documenti/GitHub/HandVerify/datasets/processed-handwritten/iam_processed/000/a01-049x.png,/home/lorenzo/Documenti/GitHub/HandVerify/datasets/processed-handwritten/iam_processed/000/a01-030u.png,genuine,0.7000291347503662,0.8423718214035034,-0.1423426866531372,false_reject
/home/lorenzo/Documenti/GitHub/HandVerify/datasets/processed-handwritten/iam_processed/000/a05-069.png,/home/lorenzo/Documenti/GitHub/HandVerify/datasets/processed-handwritten/iam_processed/000/a01-003u.png,genuine,0.7798656821250916,0.8423718214035034,-0.06250613927841187,false_reject
/home/lorenzo/Documenti/GitHub/HandVerify/datasets/processed-handwritten/iam_processed/130/c06-031.png,/home/lorenzo/Documenti/GitHub/HandVerify/datasets/processed-handwritten/iam_processed/338/g06-031g.png,impostor,0.8525944948196411,0.8423718214035034,0.010222673416137695,false_accept
/home/lorenzo/Documenti/GitHub/HandVerify/datasets/processed-handwritten/iam_processed/150/c03-021a.png,/home/lorenzo/Documenti/GitHub/HandVerify/datasets/processed-handwritten/iam_processed/205/e06-049.png,impostor,0.8921633362770081,0.8423718214035034,0.04979151487350464,false_accept
/home/lorenzo/Documenti/GitHub/HandVerify/datasets/processed-handwritten/iam_processed/022/a02-004.png,/home/lorenzo/Documenti/GitHub/HandVerify/datasets/processed-handwritten/iam_processed/388/h07-044a.png,impostor,0.9660214781761169,0.8423718214035034,0.12364965677261353,false_accept
/home/lorenzo/Documenti/GitHub/HandVerify/datasets/processed-handwritten/iam_processed/000/a01-063u.png,/home/lorenzo/Documenti/GitHub/HandVerify/datasets/processed-handwritten/iam_processed/000/a05-116.png,genuine,0.7500330209732056,0.8423718214035034,-0.09233880043029785,false_reject
/home/lorenzo/Documenti/GitHub/HandVerify/datasets/processed-handwritten/iam_processed/000/a05-080.png,/home/lorenzo/Documenti/GitHub/HandVerify/datasets/processed-handwritten/iam_processed/000/a01-049x.png,genuine,0.8177007436752319,0.8423718214035034,-0.024671077728271484,false_reject
/home/lorenzo/Documenti/GitHub/HandVerify/datasets/processed-handwritten/iam_processed/455/k07-146.png,/home/lorenzo/Documenti/GitHub/HandVerify/datasets/processed-handwritten/iam_processed/527/m02-106.png,impostor,0.9210267066955566,0.8423718214035034,0.07865488529205322,false_accept
/home/lorenzo/Documenti/GitHub/HandVerify/datasets/processed-handwritten/iam_processed/000/a05-022.png,/home/lorenzo/Documenti/GitHub/HandVerify/datasets/processed-handwritten/iam_processed/000/a01-102u.png,genuine,0.795560896396637,0.8423718214035034,-0.046810925006866455,false_reject
/home/lorenzo/Documenti/GitHub/HandVerify/datasets/processed-handwritten/iam_processed/113/b04-181.png,/home/lorenzo/Documenti/GitHub/HandVerify/datasets/processed-handwritten/iam_processed/113/b04-162.png,genuine,0.6244943141937256,0.8423718214035034,-0.21787750720977783,false_reject
/home/lorenzo/Documenti/GitHub/HandVerify/datasets/processed-handwritten/iam_processed/076/a06-064.png,/home/lorenzo/Documenti/GitHub/HandVerify/datasets/processed-handwritten/iam_processed/415/j06-018.png,impostor,0.9158531427383423,0.8423718214035034,0.07348132133483887,false_accept
/home/lorenzo/Documenti/GitHub/HandVerify/datasets/processed-handwritten/iam_processed/000/a05-029.png,/home/lorenzo/Documenti/GitHub/HandVerify/datasets/processed-handwritten/iam_processed/000/a01-020u.png,genuine,0.8082819581031799,0.8423718214035034,-0.034089863300323486,false_reject
/home/lorenzo/Documenti/GitHub/HandVerify/datasets/processed-handwritten/iam_processed/000/a05-089.png,/home/lorenzo/Documenti/GitHub/HandVerify/datasets/processed-handwritten/iam_processed/000/a01-026u.png,genuine,0.7855921387672424,0.8423718214035034,-0.056779682636260986,false_reject
/home/lorenzo/Documenti/GitHub/HandVerify/datasets/processed-handwritten/iam_processed/460/l01-050.png,/home/lorenzo/Documenti/GitHub/HandVerify/datasets/processed-handwritten/iam_processed/583/n04-048.png,impostor,0.9612268209457397,0.8423718214035034,0.11885499954223633,false_accept
/home/lorenzo/Documenti/GitHub/HandVerify/datasets/processed-handwritten/iam_processed/000/a01-049x.png,/home/lorenzo/Documenti/GitHub/HandVerify/datasets/processed-handwritten/iam_processed/000/a01-128u.png,genuine,0.7607836127281189,0.8423718214035034,-0.08158820867538452,false_reject
/home/lorenzo/Documenti/GitHub/HandVerify/datasets/processed-handwritten/iam_processed/003/a01-003x.png,/home/lorenzo/Documenti/GitHub/HandVerify/datasets/processed-handwritten/iam_processed/655/r02-146.png,impostor,0.9704395532608032,0.8423718214035034,0.1280677318572998,false_accept
/home/lorenzo/Documenti/GitHub/HandVerify/datasets/processed-handwritten/iam_processed/000/a01-049x.png,/home/lorenzo/Documenti/GitHub/HandVerify/datasets/processed-handwritten/iam_processed/000/a01-026u.png,genuine,0.7464536428451538,0.8423718214035034,-0.09591817855834961,false_reject
/home/lorenzo/Documenti/GitHub/HandVerify/datasets/processed-handwritten/iam_processed/024/a02-012.png,/home/lorenzo/Documenti/GitHub/HandVerify/datasets/processed-handwritten/iam_processed/354/g07-071a.png,impostor,0.8601044416427612,0.8423718214035034,0.017732620239257812,false_accept
/home/lorenzo/Documenti/GitHub/HandVerify/datasets/processed-handwritten/iam_processed/420/k02-029.png,/home/lorenzo/Documenti/GitHub/HandVerify/datasets/processed-handwritten/iam_processed/435/k03-157.png,impostor,0.9585756063461304,0.8423718214035034,0.11620378494262695,false_accept
/home/lorenzo/Documenti/GitHub/HandVerify/datasets/processed-handwritten/iam_processed/129/c06-014.png,/home/lorenzo/Documenti/GitHub/HandVerify/datasets/processed-handwritten/iam_processed/456/k07-166.png,impostor,0.8758316040039062,0.8423718214035034,0.03345978260040283,false_accept
/home/lorenzo/Documenti/GitHub/HandVerify/datasets/processed-handwritten/iam_processed/000/a01-132x.png,/home/lorenzo/Documenti/GitHub/HandVerify/datasets/processed-handwritten/iam_processed/000/a05-089.png,genuine,0.7213971018791199,0.8423718214035034,-0.12097471952438354,false_reject
/home/lorenzo/Documenti/GitHub/HandVerify/datasets/processed-handwritten/iam_processed/037/a02-102.png,/home/lorenzo/Documenti/GitHub/HandVerify/datasets/processed-handwritten/iam_processed/385/h07-017.png,impostor,0.9600604772567749,0.8423718214035034,0.11768865585327148,false_accept
/home/lorenzo/Documenti/GitHub/HandVerify/datasets/processed-handwritten/iam_processed/286/f07-009.png,/home/lorenzo/Documenti/GitHub/HandVerify/datasets/processed-handwritten/iam_processed/443/k04-050.png,impostor,0.954214334487915,0.8423718214035034,0.11184251308441162,false_accept
/home/lorenzo/Documenti/GitHub/HandVerify/datasets/processed-handwritten/iam_processed/333/g06-047b.png,/home/lorenzo/Documenti/GitHub/HandVerify/datasets/processed-handwritten/iam_processed/333/g06-026b.png,genuine,0.5202592611312866,0.8423718214035034,-0.3221125602722168,false_reject
/home/lorenzo/Documenti/GitHub/HandVerify/datasets/processed-handwritten/iam_processed/000/a01-132x.png,/home/lorenzo/Documenti/GitHub/HandVerify/datasets/processed-handwritten/iam_processed/000/a01-053u.png,genuine,0.7566173076629639,0.8423718214035034,-0.08575451374053955,false_reject
/home/lorenzo/Documenti/GitHub/HandVerify/datasets/processed-handwritten/iam_processed/118/h05-012.png,/home/lorenzo/Documenti/GitHub/HandVerify/datasets/processed-handwritten/iam_processed/490/l04-136.png,impostor,0.8449345231056213,0.8423718214035034,0.00256270170211792,false_accept
/home/lorenzo/Documenti/GitHub/HandVerify/datasets/processed-handwritten/iam_processed/497/l07-138.png,/home/lorenzo/Documenti/GitHub/HandVerify/datasets/processed-handwritten/iam_processed/596/p02-022.png,impostor,0.9795187711715698,0.8423718214035034,0.1371469497680664,false_accept
/home/lorenzo/Documenti/GitHub/HandVerify/datasets/processed-handwritten/iam_processed/112/b04-147.png,/home/lorenzo/Documenti/GitHub/HandVerify/datasets/processed-handwritten/iam_processed/287/f07-021b.png,impostor,0.9018956422805786,0.8423718214035034,0.059523820877075195,false_accept
/home/lorenzo/Documenti/GitHub/HandVerify/datasets/processed-handwritten/iam_processed/015/a01-063x.png,/home/lorenzo/Documenti/GitHub/HandVerify/datasets/processed-handwritten/iam_processed/131/c06-058.png,impostor,0.951121985912323,0.8423718214035034,0.10875016450881958,false_accept
/home/lorenzo/Documenti/GitHub/HandVerify/datasets/processed-handwritten/iam_processed/206/e06-000.png,/home/lorenzo/Documenti/GitHub/HandVerify/datasets/processed-handwritten/iam_processed/670/r06-049.png,impostor,0.8577420711517334,0.8423718214035034,0.01537024974822998,false_accept
/home/lorenzo/Documenti/GitHub/HandVerify/datasets/processed-handwritten/iam_processed/000/a01-043u.png,/home/lorenzo/Documenti/GitHub/HandVerify/datasets/processed-handwritten/iam_processed/000/a05-121.png,genuine,0.7884422540664673,0.8423718214035034,-0.05392956733703613,false_reject
/home/lorenzo/Documenti/GitHub/HandVerify/datasets/processed-handwritten/iam_processed/267/f03-169.png,/home/lorenzo/Documenti/GitHub/HandVerify/datasets/processed-handwritten/iam_processed/584/n04-092.png,impostor,0.9161691069602966,0.8423718214035034,0.07379728555679321,false_accept
/home/lorenzo/Documenti/GitHub/HandVerify/datasets/processed-handwritten/iam_processed/125/b06-056.png,/home/lorenzo/Documenti/GitHub/HandVerify/datasets/processed-handwritten/iam_processed/125/b06-093.png,genuine,0.8019945025444031,0.8423718214035034,-0.04037731885910034,false_reject
/home/lorenzo/Documenti/GitHub/HandVerify/datasets/processed-handwritten/iam_processed/026/a02-093.png,/home/lorenzo/Documenti/GitHub/HandVerify/datasets/processed-handwritten/iam_processed/061/a04-047.png,impostor,0.9765676259994507,0.8423718214035034,0.13419580459594727,false_accept
