img1_path,img2_path,label,score,threshold,margin_from_threshold,error_type
/home/lorenzo/Documenti/GitHub/HandVerify/datasets/processed-handwritten/rimes_processed/train2011-1098/mosaic_000.png,/home/lorenzo/Documenti/GitHub/HandVerify/datasets/processed-handwritten/rimes_processed/train2011-1271/batch_2486.png,impostor,0.8806676864624023,0.7360067367553711,0.14466094970703125,false_accept
/home/lorenzo/Documenti/GitHub/HandVerify/datasets/processed-handwritten/rimes_processed/train2011-1020/batch_794.png,/home/lorenzo/Documenti/GitHub/HandVerify/datasets/processed-handwritten/rimes_processed/train2011-1157/batch_1701.png,impostor,0.8231096863746643,0.7360067367553711,0.08710294961929321,false_accept
/home/lorenzo/Documenti/GitHub/HandVerify/datasets/processed-handwritten/rimes_processed/train2011-563/batch_7171.png,/home/lorenzo/Documenti/GitHub/HandVerify/datasets/processed-handwritten/rimes_processed/train2011-634/mosaic_001.png,impostor,0.7601104378700256,0.7360067367553711,0.02410370111465454,false_accept
/home/lorenzo/Documenti/GitHub/HandVerify/datasets/processed-handwritten/rimes_processed/train2011-403/batch_6010.png,/home/lorenzo/Documenti/GitHub/HandVerify/datasets/processed-handwritten/rimes_processed/train2011-48/batch_6658.png,impostor,0.933268129825592,0.7360067367553711,0.19726139307022095,false_accept
/home/lorenzo/Documenti/GitHub/HandVerify/datasets/processed-handwritten/rimes_processed/eval2011-23/mosaic_001.png,/home/lorenzo/Documenti/GitHub/HandVerify/datasets/processed-handwritten/rimes_processed/train2011-925/batch_9605.png,impostor,0.801302969455719,0.7360067367553711,0.0652962327003479,false_accept
/home/lorenzo/Documenti/GitHub/HandVerify/datasets/processed-handwritten/rimes_processed/train2011-216/batch_4499.png,/home/lorenzo/Documenti/GitHub/HandVerify/datasets/processed-handwritten/rimes_processed/train2011-511/batch_6821.png,impostor,0.9166163206100464,0.7360067367553711,0.1806095838546753,false_accept
/home/lorenzo/Documenti/GitHub/HandVerify/datasets/processed-handwritten/rimes_processed/eval2011-8/batch_570.png,/home/lorenzo/Documenti/GitHub/HandVerify/datasets/processed-handwritten/rimes_processed/train2011-1368/batch_3087.png,impostor,0.7740215063095093,0.7360067367553711,0.038014769554138184,false_accept
/home/lorenzo/Documenti/GitHub/HandVerify/datasets/processed-handwritten/rimes_processed/eval2011-3/batch_226.png,/home/lorenzo/Documenti/GitHub/HandVerify/datasets/processed-handwritten/rimes_processed/train2011-946/batch_9728.png,impostor,0.864559531211853,0.7360067367553711,0.12855279445648193,false_accept
/home/lorenzo/Documenti/GitHub/HandVerify/datasets/processed-handwritten/rimes_processed/train2011-191/batch_4330.png,/home/lorenzo/Documenti/GitHub/HandVerify/datasets/processed-handwritten/rimes_processed/train2011-48/batch_6662.png,impostor,0.8686120510101318,0.7360067367553711,0.13260531425476074,false_accept
/home/lorenzo/Documenti/GitHub/HandVerify/datasets/processed-handwritten/rimes_processed/train2011-143/mosaic_001.png,/home/lorenzo/Documenti/GitHub/HandVerify/datasets/processed-handwritten/rimes_processed/train2011-672/batch_7933.png,impostor,0.8713722825050354,0.7360067367553711,0.1353655457496643,false_accept
/home/lorenzo/Documenti/GitHub/HandVerify/datasets/processed-handwritten/rimes_processed/eval2011-40/batch_233.png,/home/lorenzo/Documenti/GitHub/HandVerify/datasets/processed-handwritten/rimes_processed/train2011-1303/batch_2692.png,impostor,0.9564709663391113,0.7360067367553711,0.22046422958374023,false_accept
/home/lorenzo/Documenti/GitHub/HandVerify/datasets/processed-handwritten/rimes_processed/train2011-110/batch_1382.png,/home/lorenzo/Documenti/GitHub/HandVerify/datasets/processed-handwritten/rimes_processed/train2011-193/batch_4337.png,impostor,0.8429653644561768,0.7360067367553711,0.10695862770080566,false_accept
/home/lorenzo/Documenti/GitHub/HandVerify/datasets/processed-handwritten/rimes_processed/train2011-857/batch_9193.png,/home/lorenzo/Documenti/GitHub/HandVerify/datasets/processed-handwritten/rimes_processed/train2011-866/batch_9246.png,impostor,0.9859544038772583,0.7360067367553711,0.2499476671218872,false_accept
/home/lorenzo/Documenti/GitHub/HandVerify/datasets/processed-handwritten/rimes_processed/train2011-459/batch_6423.png,/home/lorenzo/Documenti/GitHub/HandVerify/datasets/processed-handwritten/rimes_processed/train2011-979/batch_9923.png,impostor,0.9603258371353149,0.7360067367553711,0.22431910037994385,false_accept
/home/lorenzo/Documenti/GitHub/HandVerify/datasets/processed-handwritten/rimes_processed/train2011-1178/batch_1842.png,/home/lorenzo/Documenti/GitHub/HandVerify/datasets/processed-handwritten/rimes_processed/train2011-597/batch_7382.png,impostor,0.9104965925216675,0.7360067367553711,0.1744898557662964,false_accept
/home/lorenzo/Documenti/GitHub/HandVerify/datasets/processed-handwritten/rimes_processed/train2011-639/batch_7678.png,/home/lorenzo/Documenti/GitHub/HandVerify/datasets/processed-handwritten/rimes_processed/train2011-639/mosaic_000.png,genuine,0.6799888610839844,0.7360067367553711,-0.05601787567138672,false_reject
/home/lorenzo/Documenti/GitHub/HandVerify/datasets/processed-handwritten/rimes_processed/train2011-1382/batch_3176.png,/home/lorenzo/Documenti/GitHub/HandVerify/datasets/processed-handwritten/rimes_processed/train2011-683/batch_8022.png,impostor,0.9833351969718933,0.7360067367553711,0.24732846021652222,false_accept
/home/lorenzo/Documenti/GitHub/HandVerify/datasets/processed-handwritten/rimes_processed/train2011-1434/batch_3531.png,/home/lorenzo/Documenti/GitHub/HandVerify/datasets/processed-handwritten/rimes_processed/train2011-181/batch_4263.png,impostor,0.9493179321289062,0.7360067367553711,0.21331119537353516,false_accept
/home/lorenzo/Documenti/GitHub/HandVerify/datasets/processed-handwritten/rimes_processed/train2011-101/batch_784.png,/home/lorenzo/Documenti/GitHub/HandVerify/datasets/processed-handwritten/rimes_processed/train2011-993/batch_10020.png,impostor,0.8757744431495667,0.7360067367553711,0.13976770639419556,false_accept
/home/lorenzo/Documenti/GitHub/HandVerify/datasets/processed-handwritten/rimes_processed/train2011-1115/batch_1419.png,/home/lorenzo/Documenti/GitHub/HandVerify/datasets/processed-handwritten/rimes_processed/train2011-310/mosaic_001.png,impostor,0.766146719455719,0.7360067367553711,0.0301399827003479,false_accept
/home/lorenzo/Documenti/GitHub/HandVerify/datasets/processed-handwritten/rimes_processed/train2011-336/batch_5421.png,/home/lorenzo/Documenti/GitHub/HandVerify/datasets/processed-handwritten/rimes_processed/train2011-967/batch_9840.png,impostor,0.971422553062439,0.7360067367553711,0.23541581630706787,false_accept
/home/lorenzo/Documenti/GitHub/HandVerify/datasets/processed-handwritten/rimes_processed/train2011-1373/batch_3112.png,/home/lorenzo/Documenti/GitHub/HandVerify/datasets/processed-handwritten/rimes_processed/train2011-694/batch_8108.png,impostor,0.9502749443054199,0.7360067367553711,0.21426820755004883,false_accept
/home/lorenzo/Documenti/GitHub/HandVerify/datasets/processed-handwritten/rimes_processed/train2011-1454/batch_3670.png,/home/lorenzo/Documenti/GitHub/HandVerify/datasets/processed-handwritten/rimes_processed/train2011-203/batch_4416.png,impostor,0.9567007422447205,0.7360067367553711,0.22069400548934937,false_accept
/home/lorenzo/Documenti/GitHub/HandVerify/datasets/processed-handwritten/rimes_processed/train2011-1046/batch_955.png,/home/lorenzo/Documenti/GitHub/HandVerify/datasets/processed-handwritten/rimes_processed/train2011-1111/batch_1396.png,impostor,0.9420535564422607,0.7360067367553711,0.20604681968688965,false_accept
/home/lorenzo/Documenti/GitHub/HandVerify/datasets/processed-handwritten/rimes_processed/eval2011-32/batch_171.png,/home/lorenzo/Documenti/GitHub/HandVerify/datasets/processed-handwritten/rimes_processed/train2011-570/batch_7209.png,impostor,0.869386613368988,0.7360067367553711,0.13337987661361694,false_accept
/home/lorenzo/Documenti/GitHub/HandVerify/datasets/processed-handwritten/rimes_processed/train2011-1465/batch_3776.png,/home/lorenzo/Documenti/GitHub/HandVerify/datasets/processed-handwritten/rimes_processed/train2011-6/batch_8166.png,impostor,0.9644755721092224,0.7360067367553711,0.22846883535385132,false_accept
/home/lorenzo/Documenti/GitHub/HandVerify/datasets/processed-handwritten/rimes_processed/train2011-28/batch_5062.png,/home/lorenzo/Documenti/GitHub/HandVerify/datasets/processed-handwritten/rimes_processed/train2011-777/batch_8686.png,impostor,0.7883336544036865,0.7360067367553711,0.05232691764831543,false_accept
/home/lorenzo/Documenti/GitHub/HandVerify/datasets/processed-handwritten/rimes_processed/train2011-372/batch_5757.png,/home/lorenzo/Documenti/GitHub/HandVerify/datasets/processed-handwritten/rimes_processed/train2011-431/batch_6227.png,impostor,0.8579028248786926,0.7360067367553711,0.12189608812332153,false_accept
/home/lorenzo/Documenti/GitHub/HandVerify/datasets/processed-handwritten/rimes_processed/train2011-1122/batch_1466.png,/home/lorenzo/Documenti/GitHub/HandVerify/datasets/processed-handwritten/rimes_processed/train2011-712/batch_8238.png,impostor,0.757436215877533,0.7360067367553711,0.021429479122161865,false_accept
/home/lorenzo/Documenti/GitHub/HandVerify/datasets/processed-handwritten/rimes_processed/train2011-1062/batch_1052.png,/home/lorenzo/Documenti/GitHub/HandVerify/datasets/processed-handwritten/rimes_processed/train2011-1203/batch_2031.png,impostor,0.7897753715515137,0.7360067367553711,0.05376863479614258,false_accept
/home/lorenzo/Documenti/GitHub/HandVerify/datasets/processed-handwritten/rimes_processed/eval2011-33/mosaic_001.png,/home/lorenzo/Documenti/GitHub/HandVerify/datasets/processed-handwritten/rimes_processed/eval2011-33/batch_190.png,genuine,0.730403482913971,0.7360067367553711,-0.0056032538414001465,false_reject
/home/lorenzo/Documenti/GitHub/HandVerify/datasets/processed-handwritten/rimes_processed/train2011-1006/batch_695.png,/home/lorenzo/Documenti/GitHub/HandVerify/datasets/processed-handwritten/rimes_processed/train2011-628/batch_7608.png,impostor,0.9595259428024292,0.7360067367553711,0.2235192060470581,false_accept
/home/lorenzo/Documenti/GitHub/HandVerify/datasets/processed-handwritten/rimes_processed/train2011-320/batch_5292.png,/home/lorenzo/Documenti/GitHub/HandVerify/datasets/processed-handwritten/rimes_processed/train2011-911/mosaic_001.png,impostor,0.769761323928833,0.7360067367553711,0.033754587173461914,false_accept
/home/lorenzo/Documenti/GitHub/HandVerify/datasets/processed-handwritten/rimes_processed/train2011-217/batch_4517.png,/home/lorenzo/Documenti/GitHub/HandVerify/datasets/processed-handwritten/rimes_processed/train2011-217/mosaic_000.png,genuine,0.7353123426437378,0.7360067367553711,-0.0006943941116333008,false_reject
/home/lorenzo/Documenti/GitHub/HandVerify/datasets/processed-handwritten/rimes_processed/train2011-324/batch_5318.png,/home/lorenzo/Documenti/GitHub/HandVerify/datasets/processed-handwritten/rimes_processed/train2011-845/mosaic_000.png,impostor,0.7465167045593262,0.7360067367553711,0.010509967803955078,false_accept
/home/lorenzo/Documenti/GitHub/HandVerify/datasets/processed-handwritten/rimes_processed/train2011-1033/mosaic_000.png,/home/lorenzo/Documenti/GitHub/HandVerify/datasets/processed-handwritten/rimes_processed/train2011-139/batch_3283.png,impostor,0.858127236366272,0.7360067367553711,0.12212049961090088,false_accept
/home/lorenzo/Documenti/GitHub/HandVerify/datasets/processed-handwritten/rimes_processed/eval2011-50/batch_308.png,/home/lorenzo/Documenti/GitHub/HandVerify/datasets/processed-handwritten/rimes_processed/train2011-1309/mosaic_000.png,impostor,0.8119361996650696,0.7360067367553711,0.07592946290969849,false_accept
/home/lorenzo/Documenti/GitHub/HandVerify/datasets/processed-handwritten/rimes_processed/train2011-398/batch_5945.png,/home/lorenzo/Documenti/GitHub/HandVerify/datasets/processed-handwritten/rimes_processed/train2011-730/batch_8359.png,impostor,0.9267903566360474,0.7360067367553711,0.19078361988067627,false_accept
/home/lorenzo/Documenti/GitHub/HandVerify/datasets/processed-handwritten/rimes_processed/train2011-269/batch_4908.png,/home/lorenzo/Documenti/GitHub/HandVerify/datasets/processed-handwritten/rimes_processed/train2011-991/batch_10010.png,impostor,0.933082640171051,0.7360067367553711,0.19707590341567993,false_accept
/home/lorenzo/Documenti/GitHub/HandVerify/datasets/processed-handwritten/rimes_processed/train2011-240/batch_4721.png,/home/lorenzo/Documenti/GitHub/HandVerify/datasets/processed-handwritten/rimes_processed/train2011-98/batch_9994.png,impostor,0.8582807779312134,0.7360067367553711,0.12227404117584229,false_accept
/home/lorenzo/Documenti/GitHub/HandVerify/datasets/processed-handwritten/rimes_processed/train2011-497/batch_6708.png,/home/lorenzo/Documenti/GitHub/HandVerify/datasets/processed-handwritten/rimes_processed/train2011-573/batch_7235.png,impostor,0.9180538654327393,0.7360067367553711,0.18204712867736816,false_accept
/home/lorenzo/Documenti/GitHub/HandVerify/datasets/processed-handwritten/rimes_processed/train2011-4/mosaic_001.png,/home/lorenzo/Documenti/GitHub/HandVerify/datasets/processed-handwritten/rimes_processed/train2011-601/batch_7422.png,impostor,0.7469731569290161,0.7360067367553711,0.01096642017364502,false_accept
/home/lorenzo/Documenti/GitHub/HandVerify/datasets/processed-handwritten/rimes_processed/train2011-67/batch_7989.png,/home/lorenzo/Documenti/GitHub/HandVerify/datasets/processed-handwritten/rimes_processed/train2011-988/mosaic_000.png,impostor,0.8381128907203674,0.7360067367553711,0.10210615396499634,false_accept
/home/lorenzo/Documenti/GitHub/HandVerify/datasets/processed-handwritten/rimes_processed/train2011-1142/batch_1592.png,/home/lorenzo/Documenti/GitHub/HandVerify/datasets/processed-handwritten/rimes_processed/train2011-75/batch_8561.png,impostor,0.8980479836463928,0.7360067367553711,0.16204124689102173,false_accept
/home/lorenzo/Documenti/GitHub/HandVerify/datasets/processed-handwritten/rimes_processed/train2011-1477/batch_3873.png,/home/lorenzo/Documenti/GitHub/HandVerify/datasets/processed-handwritten/rimes_processed/train2011-15/batch_4106.png,impostor,0.9037704467773438,0.7360067367553711,0.16776371002197266,false_accept
/home/lorenzo/Documenti/GitHub/HandVerify/datasets/processed-handwritten/rimes_processed/train2011-1425/batch_3464.png,/home/lorenzo/Documenti/GitHub/HandVerify/datasets/processed-handwritten/rimes_processed/train2011-563/batch_7170.png,impostor,0.8846111297607422,0.7360067367553711,0.1486043930053711,false_accept
/home/lorenzo/Documenti/GitHub/HandVerify/datasets/processed-handwritten/rimes_processed/train2011-1082/mosaic_001.png,/home/lorenzo/Documenti/GitHub/HandVerify/datasets/processed-handwritten/rimes_processed/train2011-1251/mosaic_001.png,impostor,0.7481090426445007,0.7360067367553711,0.012102305889129639,false_accept
/home/lorenzo/Documenti/GitHub/HandVerify/datasets/processed-handwritten/rimes_processed/train2011-1333/batch_2904.png,/home/lorenzo/Documenti/GitHub/HandVerify/datasets/processed-handwritten/rimes_processed/train2011-1333/mosaic_000.png,genuine,0.6557729840278625,0.7360067367553711,-0.08023375272750854,false_reject
/home/lorenzo/Documenti/GitHub/HandVerify/datasets/processed-handwritten/rimes_processed/train2011-274/batch_4945.png,/home/lorenzo/Documenti/GitHub/HandVerify/datasets/processed-handwritten/rimes_processed/train2011-784/batch_8748.png,impostor,0.9420760869979858,0.7360067367553711,0.20606935024261475,false_accept
/home/lorenzo/Documenti/GitHub/HandVerify/datasets/processed-handwritten/rimes_processed/train2011-1143/batch_1595.png,/home/lorenzo/Documenti/GitHub/HandVerify/datasets/processed-handwritten/rimes_processed/train2011-258/batch_4843.png,impostor,0.9365400075912476,0.7360067367553711,0.20053327083587646,false_accept
/home/lorenzo/Documenti/GitHub/HandVerify/datasets/processed-handwritten/rimes_processed/eval2011-81/batch_525.png,/home/lorenzo/Documenti/GitHub/HandVerify/datasets/processed-handwritten/rimes_processed/train2011-510/batch_6815.png,impostor,0.980424702167511,0.7360067367553711,0.2444179654121399,false_accept
/home/lorenzo/Documenti/GitHub/HandVerify/datasets/processed-handwritten/rimes_processed/train2011-330/batch_5379.png,/home/lorenzo/Documenti/GitHub/HandVerify/datasets/processed-handwritten/rimes_processed/train2011-330/batch_5383.png,genuine,0.6630854606628418,0.7360067367553711,-0.0729212760925293,false_reject
/home/lorenzo/Documenti/GitHub/HandVerify/datasets/processed-handwritten/rimes_processed/eval2011-40/batch_231.png,/home/lorenzo/Documenti/GitHub/HandVerify/datasets/processed-handwritten/rimes_processed/train2011-41/batch_6138.png,impostor,0.9453707933425903,0.7360067367553711,0.20936405658721924,false_accept
/home/lorenzo/Documenti/GitHub/HandVerify/datasets/processed-handwritten/rimes_processed/train2011-1072/batch_1117.png,/home/lorenzo/Documenti/GitHub/HandVerify/datasets/processed-handwritten/rimes_processed/train2011-757/batch_8545.png,impostor,0.8542723059654236,0.7360067367553711,0.11826556921005249,false_accept
/home/lorenzo/Documenti/GitHub/HandVerify/datasets/processed-handwritten/rimes_processed/train2011-238/batch_4685.png,/home/lorenzo/Documenti/GitHub/HandVerify/datasets/processed-handwritten/rimes_processed/train2011-238/mosaic_002.png,genuine,0.6325602531433105,0.7360067367553711,-0.10344648361206055,false_reject
/home/lorenzo/Documenti/GitHub/HandVerify/datasets/processed-handwritten/rimes_processed/train2011-609/batch_7472.png,/home/lorenzo/Documenti/GitHub/HandVerify/datasets/processed-handwritten/rimes_processed/train2011-84/batch_9146.png,impostor,0.9086973667144775,0.7360067367553711,0.17269062995910645,false_accept
/home/lorenzo/Documenti/GitHub/HandVerify/datasets/processed-handwritten/rimes_processed/train2011-1410/batch_3358.png,/home/lorenzo/Documenti/GitHub/HandVerify/datasets/processed-handwritten/rimes_processed/train2011-986/mosaic_001.png,impostor,0.7584686279296875,0.7360067367553711,0.022461891174316406,false_accept
/home/lorenzo/Documenti/GitHub/HandVerify/datasets/processed-handwritten/rimes_processed/train2011-334/batch_5408.png,/home/lorenzo/Documenti/GitHub/HandVerify/datasets/processed-handwritten/rimes_processed/train2011-417/mosaic_002.png,impostor,0.8914421796798706,0.7360067367553711,0.1554354429244995,false_accept
/home/lorenzo/Documenti/GitHub/HandVerify/datasets/processed-handwritten/rimes_processed/train2011-680/batch_8006.png,/home/lorenzo/Documenti/GitHub/HandVerify/datasets/processed-handwritten/rimes_processed/train2011-680/batch_8007.png,genuine,0.6679900288581848,0.7360067367553711,-0.06801670789718628,false_reject
/home/lorenzo/Documenti/GitHub/HandVerify/datasets/processed-handwritten/rimes_processed/train2011-1212/batch_2089.png,/home/lorenzo/Documenti/GitHub/HandVerify/datasets/processed-handwritten/rimes_processed/train2011-1212/mosaic_000.png,genuine,0.7043395638465881,0.7360067367553711,-0.03166717290878296,false_reject
/home/lorenzo/Documenti/GitHub/HandVerify/datasets/processed-handwritten/rimes_processed/train2011-287/mosaic_001.png,/home/lorenzo/Documenti/GitHub/HandVerify/datasets/processed-handwritten/rimes_processed/train2011-749/mosaic_000.png,impostor,0.8611207604408264,0.7360067367553711,0.12511402368545532,false_accept
/home/lorenzo/Documenti/GitHub/HandVerify/datasets/processed-handwritten/rimes_processed/train2011-6/batch_8161.png,/home/lorenzo/Documenti/GitHub/HandVerify/datasets/processed-handwritten/rimes_processed/train2011-687/batch_8051.png,impostor,0.8926167488098145,0.7360067367553711,0.15661001205444336,false_accept
/home/lorenzo/Documenti/GitHub/HandVerify/datasets/processed-handwritten/rimes_processed/train2011-672/batch_7941.png,/home/lorenzo/Documenti/GitHub/HandVerify/datasets/processed-handwritten/rimes_processed/train2011-720/batch_8289.png,impostor,0.7996452450752258,0.7360067367553711,0.06363850831985474,false_accept
/home/lorenzo/Documenti/GitHub/HandVerify/datasets/processed-handwritten/rimes_processed/train2011-1306/batch_2705.png,/home/lorenzo/Documenti/GitHub/HandVerify/datasets/processed-handwritten/rimes_processed/train2011-879/batch_9318.png,impostor,0.9531518816947937,0.7360067367553711,0.2171451449394226,false_accept
/home/lorenzo/Documenti/GitHub/HandVerify/datasets/processed-handwritten/rimes_processed/eval2011-48/batch_291.png,/home/lorenzo/Documenti/GitHub/HandVerify/datasets/processed-handwritten/rimes_processed/train2011-1331/batch_2894.png,impostor,0.9509326219558716,0.7360067367553711,0.2149258852005005,false_accept
/home/lorenzo/Documenti/GitHub/HandVerify/datasets/processed-handwritten/rimes_processed/train2011-53/mosaic_000.png,/home/lorenzo/Documenti/GitHub/HandVerify/datasets/processed-handwritten/rimes_processed/train2011-713/batch_8243.png,impostor,0.8415825963020325,0.7360067367553711,0.10557585954666138,false_accept
/home/lorenzo/Documenti/GitHub/HandVerify/datasets/processed-handwritten/rimes_processed/train2011-534/batch_6969.png,/home/lorenzo/Documenti/GitHub/HandVerify/datasets/processed-handwritten/rimes_processed/train2011-86/batch_9265.png,impostor,0.8117551207542419,0.7360067367553711,0.07574838399887085,false_accept
/home/lorenzo/Documenti/GitHub/HandVerify/datasets/processed-handwritten/rimes_processed/train2011-1192/batch_1959.png,/home/lorenzo/Documenti/GitHub/HandVerify/datasets/processed-handwritten/rimes_processed/train2011-59/batch_7405.png,impostor,0.966454803943634,0.7360067367553711,0.23044806718826294,false_accept
/home/lorenzo/Documenti/GitHub/HandVerify/datasets/processed-handwritten/rimes_processed/train2011-138/batch_3234.png,/home/lorenzo/Documenti/GitHub/HandVerify/datasets/processed-handwritten/rimes_processed/train2011-608/batch_7468.png,impostor,0.9757288694381714,0.7360067367553711,0.2397221326828003,false_accept
/home/lorenzo/Documenti/GitHub/HandVerify/datasets/processed-handwritten/rimes_processed/eval2011-2/batch_153.png,/home/lorenzo/Documenti/GitHub/HandVerify/datasets/processed-handwritten/rimes_processed/train2011-903/batch_9483.png,impostor,0.8179951310157776,0.7360067367553711,0.0819883942604065,false_accept
/home/lorenzo/Documenti/GitHub/HandVerify/datasets/processed-handwritten/rimes_processed/train2011-1004/batch_683.png,/home/lorenzo/Documenti/GitHub/HandVerify/datasets/processed-handwritten/rimes_processed/train2011-1253/batch_2368.png,impostor,0.9633820056915283,0.7360067367553711,0.22737526893615723,false_accept
/home/lorenzo/Documenti/GitHub/HandVerify/datasets/processed-handwritten/rimes_processed/train2011-1161/batch_1725.png,/home/lorenzo/Documenti/GitHub/HandVerify/datasets/processed-handwritten/rimes_processed/train2011-1349/batch_2989.png,impostor,0.9262338876724243,0.7360067367553711,0.19022715091705322,false_accept
/home/lorenzo/Documenti/GitHub/HandVerify/datasets/processed-handwritten/rimes_processed/train2011-1060/batch_1039.png,/home/lorenzo/Documenti/GitHub/HandVerify/datasets/processed-handwritten/rimes_processed/train2011-1082/batch_1175.png,impostor,0.8971036672592163,0.7360067367553711,0.16109693050384521,false_accept
/home/lorenzo/Documenti/GitHub/HandVerify/datasets/processed-handwritten/rimes_processed/train2011-1074/mosaic_001.png,/home/lorenzo/Documenti/GitHub/HandVerify/datasets/processed-handwritten/rimes_processed/train2011-1205/mosaic_000.png,impostor,0.8114451766014099,0.7360067367553711,0.07543843984603882,false_accept
/home/lorenzo/Documenti/GitHub/HandVerify/datasets/processed-handwritten/rimes_processed/train2011-1277/batch_2532.png,/home/lorenzo/Documenti/GitHub/HandVerify/datasets/processed-handwritten/rimes_processed/train2011-1405/batch_3329.png,impostor,0.9817916750907898,0.7360067367553711,0.2457849383354187,false_accept
/home/lorenzo/Documenti/GitHub/HandVerify/datasets/processed-handwritten/rimes_processed/train2011-1059/batch_1026.png,/home/lorenzo/Documenti/GitHub/HandVerify/datasets/processed-handwritten/rimes_processed/train2011-413/batch_6097.png,impostor,0.8036291003227234,0.7360067367553711,0.0676223635673523,false_accept
/home/lorenzo/Documenti/GitHub/HandVerify/datasets/processed-handwritten/rimes_processed/train2011-1004/mosaic_000.png,/home/lorenzo/Documenti/GitHub/HandVerify/datasets/processed-handwritten/rimes_processed/train2011-505/batch_6782.png,impostor,0.8482967019081116,0.7360067367553711,0.11228996515274048,false_accept
/home/lorenzo/Documenti/GitHub/HandVerify/datasets/processed-handwritten/rimes_processed/eval2011-89/batch_562.png,/home/lorenzo/Documenti/GitHub/HandVerify/datasets/processed-handwritten/rimes_processed/eval2011-89/mosaic_001.png,genuine,0.6541637182235718,0.7360067367553711,-0.08184301853179932,false_reject
/home/lorenzo/Documenti/GitHub/HandVerify/datasets/processed-handwritten/rimes_processed/train2011-1042/batch_922.png,/home/lorenzo/Documenti/GitHub/HandVerify/datasets/processed-handwritten/rimes_processed/train2011-1339/batch_2939.png,impostor,0.8971946835517883,0.7360067367553711,0.16118794679641724,false_accept
/home/lorenzo/Documenti/GitHub/HandVerify/datasets/processed-handwritten/rimes_processed/eval2011-59/batch_355.png,/home/lorenzo/Documenti/GitHub/HandVerify/datasets/processed-handwritten/rimes_processed/train2011-551/batch_7091.png,impostor,0.9248224496841431,0.7360067367553711,0.18881571292877197,false_accept
/home/lorenzo/Documenti/GitHub/HandVerify/datasets/processed-handwritten/rimes_processed/train2011-1287/batch_2586.png,/home/lorenzo/Documenti/GitHub/HandVerify/datasets/processed-handwritten/rimes_processed/train2011-770/batch_8645.png,impostor,0.9070520997047424,0.7360067367553711,0.17104536294937134,false_accept
/home/lorenzo/Documenti/GitHub/HandVerify/datasets/processed-handwritten/rimes_processed/train2011-612/mosaic_001.png,/home/lorenzo/Documenti/GitHub/HandVerify/datasets/processed-handwritten/rimes_processed/train2011-612/batch_7498.png,genuine,0.6936626434326172,0.7360067367553711,-0.042344093322753906,false_reject
/home/lorenzo/Documenti/GitHub/HandVerify/datasets/processed-handwritten/rimes_processed/train2011-138/batch_3232.png,/home/lorenzo/Documenti/GitHub/HandVerify/datasets/processed-handwritten/rimes_processed/train2011-293/batch_5078.png,impostor,0.9279559850692749,0.7360067367553711,0.1919492483139038,false_accept
/home/lorenzo/Documenti/GitHub/HandVerify/datasets/processed-handwritten/rimes_processed/eval2011-74/batch_468.png,/home/lorenzo/Documenti/GitHub/HandVerify/datasets/processed-handwritten/rimes_processed/train2011-1465/batch_3779.png,impostor,0.8387927412986755,0.7360067367553711,0.10278600454330444,false_accept
/home/lorenzo/Documenti/GitHub/HandVerify/datasets/processed-handwritten/rimes_processed/train2011-17/batch_4248.png,/home/lorenzo/Documenti/GitHub/HandVerify/datasets/processed-handwritten/rimes_processed/train2011-62/batch_7616.png,impostor,0.8991172313690186,0.7360067367553711,0.16311049461364746,false_accept
/home/lorenzo/Documenti/GitHub/HandVerify/datasets/processed-handwritten/rimes_processed/train2011-130/mosaic_000.png,/home/lorenzo/Documenti/GitHub/HandVerify/datasets/processed-handwritten/rimes_processed/train2011-680/batch_7995.png,impostor,0.8208606839179993,0.7360067367553711,0.08485394716262817,false_accept
/home/lorenzo/Documenti/GitHub/HandVerify/datasets/processed-handwritten/rimes_processed/train2011-1017/batch_760.png,/home/lorenzo/Documenti/GitHub/HandVerify/datasets/processed-handwritten/rimes_processed/train2011-584/batch_7296.png,impostor,0.952259361743927,0.7360067367553711,0.2162526249885559,false_accept
/home/lorenzo/Documenti/GitHub/HandVerify/datasets/processed-handwritten/rimes_processed/train2011-428/mosaic_000.png,/home/lorenzo/Documenti/GitHub/HandVerify/datasets/processed-handwritten/rimes_processed/train2011-813/batch_8942.png,impostor,0.8272637724876404,0.7360067367553711,0.09125703573226929,false_accept
/home/lorenzo/Documenti/GitHub/HandVerify/datasets/processed-handwritten/rimes_processed/eval2011-19/mosaic_000.png,/home/lorenzo/Documenti/GitHub/HandVerify/datasets/processed-handwritten/rimes_processed/train2011-564/batch_7172.png,impostor,0.8395392894744873,0.7360067367553711,0.10353255271911621,false_accept
/home/lorenzo/Documenti/GitHub/HandVerify/datasets/processed-handwritten/rimes_processed/train2011-1106/batch_1358.png,/home/lorenzo/Documenti/GitHub/HandVerify/datasets/processed-handwritten/rimes_processed/train2011-1106/mosaic_001.png,genuine,0.6272217035293579,0.7360067367553711,-0.10878503322601318,false_reject
/home/lorenzo/Documenti/GitHub/HandVerify/datasets/processed-handwritten/rimes_processed/train2011-1143/batch_1603.png,/home/lorenzo/Documenti/GitHub/HandVerify/datasets/processed-handwritten/rimes_processed/train2011-642/batch_7711.png,impostor,0.8518416881561279,0.7360067367553711,0.11583495140075684,false_accept
/home/lorenzo/Documenti/GitHub/HandVerify/datasets/processed-handwritten/rimes_processed/train2011-1139/batch_1566.png,/home/lorenzo/Documenti/GitHub/HandVerify/datasets/processed-handwritten/rimes_processed/train2011-587/batch_7306.png,impostor,0.9248479008674622,0.7360067367553711,0.18884116411209106,false_accept
/home/lorenzo/Documenti/GitHub/HandVerify/datasets/processed-handwritten/rimes_processed/train2011-1243/batch_2307.png,/home/lorenzo/Documenti/GitHub/HandVerify/datasets/processed-handwritten/rimes_processed/train2011-801/batch_8864.png,impostor,0.8509930968284607,0.7360067367553711,0.1149863600730896,false_accept
/home/lorenzo/Documenti/GitHub/HandVerify/datasets/processed-handwritten/rimes_processed/train2011-1362/batch_3051.png,/home/lorenzo/Documenti/GitHub/HandVerify/datasets/processed-handwritten/rimes_processed/train2011-333/batch_5403.png,impostor,0.9239042401313782,0.7360067367553711,0.18789750337600708,false_accept
/home/lorenzo/Documenti/GitHub/HandVerify/datasets/processed-handwritten/rimes_processed/train2011-348/batch_5535.png,/home/lorenzo/Documenti/GitHub/HandVerify/datasets/processed-handwritten/rimes_processed/train2011-348/batch_5541.png,genuine,0.7045623064041138,0.7360067367553711,-0.031444430351257324,false_reject
/home/lorenzo/Documenti/GitHub/HandVerify/datasets/processed-handwritten/rimes_processed/train2011-1096/batch_1287.png,/home/lorenzo/Documenti/GitHub/HandVerify/datasets/processed-handwritten/rimes_processed/train2011-917/batch_9560.png,impostor,0.9194391965866089,0.7360067367553711,0.1834324598312378,false_accept
/home/lorenzo/Documenti/GitHub/HandVerify/datasets/processed-handwritten/rimes_processed/train2011-223/batch_4563.png,/home/lorenzo/Documenti/GitHub/HandVerify/datasets/processed-handwritten/rimes_processed/train2011-674/batch_7960.png,impostor,0.8183754682540894,0.7360067367553711,0.08236873149871826,false_accept
/home/lorenzo/Documenti/GitHub/HandVerify/datasets/processed-handwritten/rimes_processed/train2011-10/batch_1318.png,/home/lorenzo/Documenti/GitHub/HandVerify/datasets/processed-handwritten/rimes_processed/train2011-467/batch_6491.png,impostor,0.8022757768630981,0.7360067367553711,0.06626904010772705,false_accept
/home/lorenzo/Documenti/GitHub/HandVerify/datasets/processed-handwritten/rimes_processed/train2011-1373/batch_3113.png,/home/lorenzo/Documenti/GitHub/HandVerify/datasets/processed-handwritten/rimes_processed/train2011-635/batch_7655.png,impostor,0.8608407378196716,0.7360067367553711,0.12483400106430054,false_accept
/home/lorenzo/Documenti/GitHub/HandVerify/datasets/processed-handwritten/rimes_processed/eval2011-50/batch_315.png,/home/lorenzo/Documenti/GitHub/HandVerify/datasets/processed-handwritten/rimes_processed/train2011-1153/batch_1679.png,impostor,0.7918614149093628,0.7360067367553711,0.0558546781539917,false_accept
/home/lorenzo/Documenti/GitHub/HandVerify/datasets/processed-handwritten/rimes_processed/train2011-353/batch_5589.png,/home/lorenzo/Documenti/GitHub/HandVerify/datasets/processed-handwritten/rimes_processed/train2011-690/batch_8069.png,impostor,0.9077114462852478,0.7360067367553711,0.1717047095298767,false_accept
/home/lorenzo/Documenti/GitHub/HandVerify/datasets/processed-handwritten/rimes_processed/eval2011-97/mosaic_000.png,/home/lorenzo/Documenti/GitHub/HandVerify/datasets/processed-handwritten/rimes_processed/train2011-101/batch_788.png,impostor,0.8778930902481079,0.7360067367553711,0.14188635349273682,false_accept
/home/lorenzo/Documenti/GitHub/HandVerify/datasets/processed-handwritten/rimes_processed/train2011-1295/batch_2645.png,/home/lorenzo/Documenti/GitHub/HandVerify/datasets/processed-handwritten/rimes_processed/train2011-1353/batch_3004.png,impostor,0.8475056290626526,0.7360067367553711,0.1114988923072815,false_accept
/home/lorenzo/Documenti/GitHub/HandVerify/datasets/processed-handwritten/rimes_processed/eval2011-62/batch_384.png,/home/lorenzo/Documenti/GitHub/HandVerify/datasets/processed-handwritten/rimes_processed/train2011-892/batch_9410.png,impostor,0.8978450894355774,0.7360067367553711,0.1618383526802063,false_accept
/home/lorenzo/Documenti/GitHub/HandVerify/datasets/processed-handwritten/rimes_processed/train2011-1084/batch_1189.png,/home/lorenzo/Documenti/GitHub/HandVerify/datasets/processed-handwritten/rimes_processed/train2011-271/batch_4928.png,impostor,0.9173902273178101,0.7360067367553711,0.18138349056243896,false_accept
/home/lorenzo/Documenti/GitHub/HandVerify/datasets/processed-handwritten/rimes_processed/train2011-1309/batch_2740.png,/home/lorenzo/Documenti/GitHub/HandVerify/datasets/processed-handwritten/rimes_processed/train2011-1449/batch_3633.png,impostor,0.807225227355957,0.7360067367553711,0.07121849060058594,false_accept
/home/lorenzo/Documenti/GitHub/HandVerify/datasets/processed-handwritten/rimes_processed/train2011-802/batch_8870.png,/home/lorenzo/Documenti/GitHub/HandVerify/datasets/processed-handwritten/rimes_processed/train2011-911/batch_9525.png,impostor,0.9840288162231445,0.7360067367553711,0.24802207946777344,false_accept
/home/lorenzo/Documenti/GitHub/HandVerify/datasets/processed-handwritten/rimes_processed/eval2011-13/batch_031.png,/home/lorenzo/Documenti/GitHub/HandVerify/datasets/processed-handwritten/rimes_processed/train2011-927/batch_9613.png,impostor,0.9064763784408569,0.7360067367553711,0.17046964168548584,false_accept
/home/lorenzo/Documenti/GitHub/HandVerify/datasets/processed-handwritten/rimes_processed/train2011-375/mosaic_000.png,/home/lorenzo/Documenti/GitHub/HandVerify/datasets/processed-handwritten/rimes_processed/train2011-685/batch_8036.png,impostor,0.823145866394043,0.7360067367553711,0.08713912963867188,false_accept
/home/lorenzo/Documenti/GitHub/HandVerify/datasets/processed-handwritten/rimes_processed/train2011-1427/batch_3478.png,/home/lorenzo/Documenti/GitHub/HandVerify/datasets/processed-handwritten/rimes_processed/train2011-1489/batch_3958.png,impostor,0.9315864443778992,0.7360067367553711,0.19557970762252808,false_accept
/home/lorenzo/Documenti/GitHub/HandVerify/datasets/processed-handwritten/rimes_processed/train2011-35/batch_5649.png,/home/lorenzo/Documenti/GitHub/HandVerify/datasets/processed-handwritten/rimes_processed/train2011-729/mosaic_000.png,impostor,0.8628390431404114,0.7360067367553711,0.12683230638504028,false_accept
/home/lorenzo/Documenti/GitHub/HandVerify/datasets/processed-handwritten/rimes_processed/train2011-1170/batch_1805.png,/home/lorenzo/Documenti/GitHub/HandVerify/datasets/processed-handwritten/rimes_processed/train2011-409/batch_6053.png,impostor,0.8546664714813232,0.7360067367553711,0.11865973472595215,false_accept
/home/lorenzo/Documenti/GitHub/HandVerify/datasets/processed-handwritten/rimes_processed/train2011-346/batch_5514.png,/home/lorenzo/Documenti/GitHub/HandVerify/datasets/processed-handwritten/rimes_processed/train2011-346/mosaic_002.png,genuine,0.6219304800033569,0.7360067367553711,-0.11407625675201416,false_reject
/home/lorenzo/Documenti/GitHub/HandVerify/datasets/processed-handwritten/rimes_processed/train2011-1022/batch_803.png,/home/lorenzo/Documenti/GitHub/HandVerify/datasets/processed-handwritten/rimes_processed/train2011-819/batch_8979.png,impostor,0.8418793082237244,0.7360067367553711,0.10587257146835327,false_accept
/home/lorenzo/Documenti/GitHub/HandVerify/datasets/processed-handwritten/rimes_processed/eval2011-44/batch_267.png,/home/lorenzo/Documenti/GitHub/HandVerify/datasets/processed-handwritten/rimes_processed/train2011-371/batch_5749.png,impostor,0.9491572976112366,0.7360067367553711,0.21315056085586548,false_accept
/home/lorenzo/Documenti/GitHub/HandVerify/datasets/processed-handwritten/rimes_processed/train2011-195/mosaic_004.png,/home/lorenzo/Documenti/GitHub/HandVerify/datasets/processed-handwritten/rimes_processed/train2011-995/batch_10030.png,impostor,0.8301211595535278,0.7360067367553711,0.09411442279815674,false_accept
/home/lorenzo/Documenti/GitHub/HandVerify/datasets/processed-handwritten/rimes_processed/train2011-1153/batch_1678.png,/home/lorenzo/Documenti/GitHub/HandVerify/datasets/processed-handwritten/rimes_processed/train2011-70/batch_8221.png,impostor,0.974197268486023,0.7360067367553711,0.23819053173065186,false_accept
/home/lorenzo/Documenti/GitHub/HandVerify/datasets/processed-handwritten/rimes_processed/train2011-275/batch_4968.png,/home/lorenzo/Documenti/GitHub/HandVerify/datasets/processed-handwritten/rimes_processed/train2011-903/batch_9484.png,impostor,0.9239675402641296,0.7360067367553711,0.18796080350875854,false_accept
/home/lorenzo/Documenti/GitHub/HandVerify/datasets/processed-handwritten/rimes_processed/train2011-1073/batch_1122.png,/home/lorenzo/Documenti/GitHub/HandVerify/datasets/processed-handwritten/rimes_processed/train2011-626/batch_7596.png,impostor,0.7736430168151855,0.7360067367553711,0.03763628005981445,false_accept
/home/lorenzo/Documenti/GitHub/HandVerify/datasets/processed-handwritten/rimes_processed/train2011-208/batch_4442.png,/home/lorenzo/Documenti/GitHub/HandVerify/datasets/processed-handwritten/rimes_processed/train2011-242/batch_4740.png,impostor,0.8985546827316284,0.7360067367553711,0.16254794597625732,false_accept
/home/lorenzo/Documenti/GitHub/HandVerify/datasets/processed-handwritten/rimes_processed/train2011-1019/batch_777.png,/home/lorenzo/Documenti/GitHub/HandVerify/datasets/processed-handwritten/rimes_processed/train2011-1073/batch_1124.png,impostor,0.7856308817863464,0.7360067367553711,0.04962414503097534,false_accept
/home/lorenzo/Documenti/GitHub/HandVerify/datasets/processed-handwritten/rimes_processed/train2011-1127/batch_1501.png,/home/lorenzo/Documenti/GitHub/HandVerify/datasets/processed-handwritten/rimes_processed/train2011-675/batch_7962.png,impostor,0.9891209006309509,0.7360067367553711,0.25311416387557983,false_accept
/home/lorenzo/Documenti/GitHub/HandVerify/datasets/processed-handwritten/rimes_processed/train2011-1232/mosaic_001.png,/home/lorenzo/Documenti/GitHub/HandVerify/datasets/processed-handwritten/rimes_processed/train2011-200/batch_4394.png,impostor,0.7774814367294312,0.7360067367553711,0.04147469997406006,false_accept
/home/lorenzo/Documenti/GitHub/HandVerify/datasets/processed-handwritten/rimes_processed/train2011-913/mosaic_001.png,/home/lorenzo/Documenti/GitHub/HandVerify/datasets/processed-handwritten/rimes_processed/train2011-913/batch_9538.png,genuine,0.684415876865387,0.7360067367553711,-0.05159085988998413,false_reject
/home/lorenzo/Documenti/GitHub/HandVerify/datasets/processed-handwritten/rimes_processed/train2011-766/batch_8611.png,/home/lorenzo/Documenti/GitHub/HandVerify/datasets/processed-handwritten/rimes_processed/train2011-923/batch_9588.png,impostor,0.9149794578552246,0.7360067367553711,0.17897272109985352,false_accept
/home/lorenzo/Documenti/GitHub/HandVerify/datasets/processed-handwritten/rimes_processed/train2011-1190/batch_1932.png,/home/lorenzo/Documenti/GitHub/HandVerify/datasets/processed-handwritten/rimes_processed/train2011-724/mosaic_000.png,impostor,0.8660261631011963,0.7360067367553711,0.1300194263458252,false_accept
/home/lorenzo/Documenti/GitHub/HandVerify/datasets/processed-handwritten/rimes_processed/train2011-135/batch_3038.png,/home/lorenzo/Documenti/GitHub/HandVerify/datasets/processed-handwritten/rimes_processed/train2011-234/batch_4645.png,impostor,0.8663084506988525,0.7360067367553711,0.13030171394348145,false_accept
/home/lorenzo/Documenti/GitHub/HandVerify/datasets/processed-handwritten/rimes_processed/train2011-1146/batch_1616.png,/home/lorenzo/Documenti/GitHub/HandVerify/datasets/processed-handwritten/rimes_processed/train2011-500/batch_6741.png,impostor,0.9750988483428955,0.7360067367553711,0.23909211158752441,false_accept
/home/lorenzo/Documenti/GitHub/HandVerify/datasets/processed-handwritten/rimes_processed/train2011-135/mosaic_000.png,/home/lorenzo/Documenti/GitHub/HandVerify/datasets/processed-handwritten/rimes_processed/train2011-513/batch_6832.png,impostor,0.8441259860992432,0.7360067367553711,0.10811924934387207,false_accept
/home/lorenzo/Documenti/GitHub/HandVerify/datasets/processed-handwritten/rimes_processed/train2011-1182/mosaic_001.png,/home/lorenzo/Documenti/GitHub/HandVerify/datasets/processed-handwritten/rimes_processed/train2011-534/batch_6967.png,impostor,0.8719547390937805,0.7360067367553711,0.13594800233840942,false_accept
/home/lorenzo/Documenti/GitHub/HandVerify/datasets/processed-handwritten/rimes_processed/train2011-558/batch_7133.png,/home/lorenzo/Documenti/GitHub/HandVerify/datasets/processed-handwritten/rimes_processed/train2011-863/mosaic_000.png,impostor,0.7492120862007141,0.7360067367553711,0.013205349445343018,false_accept
/home/lorenzo/Documenti/GitHub/HandVerify/datasets/processed-handwritten/rimes_processed/train2011-819/mosaic_000.png,/home/lorenzo/Documenti/GitHub/HandVerify/datasets/processed-handwritten/rimes_processed/train2011-819/batch_8978.png,genuine,0.6394693851470947,0.7360067367553711,-0.09653735160827637,false_reject
/home/lorenzo/Documenti/GitHub/HandVerify/datasets/processed-handwritten/rimes_processed/train2011-1297/batch_2652.png,/home/lorenzo/Documenti/GitHub/HandVerify/datasets/processed-handwritten/rimes_processed/train2011-345/batch_5506.png,impostor,0.8661385774612427,0.7360067367553711,0.13013184070587158,false_accept
/home/lorenzo/Documenti/GitHub/HandVerify/datasets/processed-handwritten/rimes_processed/train2011-1318/batch_2811.png,/home/lorenzo/Documenti/GitHub/HandVerify/datasets/processed-handwritten/rimes_processed/train2011-853/batch_9167.png,impostor,0.9295437932014465,0.7360067367553711,0.19353705644607544,false_accept
/home/lorenzo/Documenti/GitHub/HandVerify/datasets/processed-handwritten/rimes_processed/train2011-1434/batch_3534.png,/home/lorenzo/Documenti/GitHub/HandVerify/datasets/processed-handwritten/rimes_processed/train2011-681/batch_8011.png,impostor,0.9243645668029785,0.7360067367553711,0.18835783004760742,false_accept
/home/lorenzo/Documenti/GitHub/HandVerify/datasets/processed-handwritten/rimes_processed/train2011-1162/batch_1734.png,/home/lorenzo/Documenti/GitHub/HandVerify/datasets/processed-handwritten/rimes_processed/train2011-1355/batch_3011.png,impostor,0.8217719197273254,0.7360067367553711,0.08576518297195435,false_accept
/home/lorenzo/Documenti/GitHub/HandVerify/datasets/processed-handwritten/rimes_processed/eval2011-33/mosaic_000.png,/home/lorenzo/Documenti/GitHub/HandVerify/datasets/processed-handwritten/rimes_processed/train2011-692/batch_8082.png,impostor,0.7828686237335205,0.7360067367553711,0.046861886978149414,false_accept
/home/lorenzo/Documenti/GitHub/HandVerify/datasets/processed-handwritten/rimes_processed/train2011-1046/batch_955.png,/home/lorenzo/Documenti/GitHub/HandVerify/datasets/processed-handwritten/rimes_processed/train2011-216/mosaic_001.png,impostor,0.8390349745750427,0.7360067367553711,0.10302823781967163,false_accept
/home/lorenzo/Documenti/GitHub/HandVerify/datasets/processed-handwritten/rimes_processed/eval2011-61/mosaic_000.png,/home/lorenzo/Documenti/GitHub/HandVerify/datasets/processed-handwritten/rimes_processed/train2011-239/batch_4694.png,impostor,0.7539997100830078,0.7360067367553711,0.01799297332763672,false_accept
/home/lorenzo/Documenti/GitHub/HandVerify/datasets/processed-handwritten/rimes_processed/eval2011-7/batch_514.png,/home/lorenzo/Documenti/GitHub/HandVerify/datasets/processed-handwritten/rimes_processed/train2011-1467/batch_3787.png,impostor,0.757741391658783,0.7360067367553711,0.021734654903411865,false_accept
/home/lorenzo/Documenti/GitHub/HandVerify/datasets/processed-handwritten/rimes_processed/train2011-621/batch_7549.png,/home/lorenzo/Documenti/GitHub/HandVerify/datasets/processed-handwritten/rimes_processed/train2011-826/batch_9019.png,impostor,0.8135382533073425,0.7360067367553711,0.07753151655197144,false_accept
/home/lorenzo/Documenti/GitHub/HandVerify/datasets/processed-handwritten/rimes_processed/train2011-1321/mosaic_001.png,/home/lorenzo/Documenti/GitHub/HandVerify/datasets/processed-handwritten/rimes_processed/train2011-1321/batch_2839.png,genuine,0.5099100470542908,0.7360067367553711,-0.22609668970108032,false_reject
/home/lorenzo/Documenti/GitHub/HandVerify/datasets/processed-handwritten/rimes_processed/train2011-672/batch_7944.png,/home/lorenzo/Documenti/GitHub/HandVerify/datasets/processed-handwritten/rimes_processed/train2011-73/batch_8403.png,impostor,0.9714932441711426,0.7360067367553711,0.23548650741577148,false_accept
/home/lorenzo/Documenti/GitHub/HandVerify/datasets/processed-handwritten/rimes_processed/train2011-277/batch_4986.png,/home/lorenzo/Documenti/GitHub/HandVerify/datasets/processed-handwritten/rimes_processed/train2011-768/batch_8624.png,impostor,0.921107292175293,0.7360067367553711,0.18510055541992188,false_accept
/home/lorenzo/Documenti/GitHub/HandVerify/datasets/processed-handwritten/rimes_processed/train2011-1013/batch_731.png,/home/lorenzo/Documenti/GitHub/HandVerify/datasets/processed-handwritten/rimes_processed/train2011-853/batch_9173.png,impostor,0.9145612120628357,0.7360067367553711,0.1785544753074646,false_accept
/home/lorenzo/Documenti/GitHub/HandVerify/datasets/processed-handwritten/rimes_processed/train2011-156/batch_4085.png,/home/lorenzo/Documenti/GitHub/HandVerify/datasets/processed-handwritten/rimes_processed/train2011-710/batch_8228.png,impostor,0.824819803237915,0.7360067367553711,0.08881306648254395,false_accept
/home/lorenzo/Documenti/GitHub/HandVerify/datasets/processed-handwritten/rimes_processed/train2011-181/batch_4269.png,/home/lorenzo/Documenti/GitHub/HandVerify/datasets/processed-handwritten/rimes_processed/train2011-191/batch_4327.png,impostor,0.9340822100639343,0.7360067367553711,0.19807547330856323,false_accept
/home/lorenzo/Documenti/GitHub/HandVerify/datasets/processed-handwritten/rimes_processed/train2011-175/batch_4214.png,/home/lorenzo/Documenti/GitHub/HandVerify/datasets/processed-handwritten/rimes_processed/train2011-548/batch_7063.png,impostor,0.8739156126976013,0.7360067367553711,0.13790887594223022,false_accept
/home/lorenzo/Documenti/GitHub/HandVerify/datasets/processed-handwritten/rimes_processed/train2011-571/batch_7221.png,/home/lorenzo/Documenti/GitHub/HandVerify/datasets/processed-handwritten/rimes_processed/train2011-975/batch_9889.png,impostor,0.8738113045692444,0.7360067367553711,0.1378045678138733,false_accept
/home/lorenzo/Documenti/GitHub/HandVerify/datasets/processed-handwritten/rimes_processed/train2011-1042/batch_929.png,/home/lorenzo/Documenti/GitHub/HandVerify/datasets/processed-handwritten/rimes_processed/train2011-1306/batch_2711.png,impostor,0.9491940140724182,0.7360067367553711,0.21318727731704712,false_accept
/home/lorenzo/Documenti/GitHub/HandVerify/datasets/processed-handwritten/rimes_processed/train2011-746/mosaic_001.png,/home/lorenzo/Documenti/GitHub/HandVerify/datasets/processed-handwritten/rimes_processed/train2011-746/batch_8457.png,genuine,0.6914567351341248,0.7360067367553711,-0.04455000162124634,false_reject
/home/lorenzo/Documenti/GitHub/HandVerify/datasets/processed-handwritten/rimes_processed/train2011-1100/batch_1324.png,/home/lorenzo/Documenti/GitHub/HandVerify/datasets/processed-handwritten/rimes_processed/train2011-907/mosaic_000.png,impostor,0.867559552192688,0.7360067367553711,0.1315528154373169,false_accept
/home/lorenzo/Documenti/GitHub/HandVerify/datasets/processed-handwritten/rimes_processed/train2011-34/mosaic_001.png,/home/lorenzo/Documenti/GitHub/HandVerify/datasets/processed-handwritten/rimes_processed/train2011-34/batch_5553.png,genuine,0.6776978373527527,0.7360067367553711,-0.05830889940261841,false_reject
/home/lorenzo/Documenti/GitHub/HandVerify/datasets/processed-handwritten/rimes_processed/train2011-1143/batch_1596.png,/home/lorenzo/Documenti/GitHub/HandVerify/datasets/processed-handwritten/rimes_processed/train2011-1442/batch_3596.png,impostor,0.8258137702941895,0.7360067367553711,0.08980703353881836,false_accept
/home/lorenzo/Documenti/GitHub/HandVerify/datasets/processed-handwritten/rimes_processed/eval2011-16/mosaic_001.png,/home/lorenzo/Documenti/GitHub/HandVerify/datasets/processed-handwritten/rimes_processed/train2011-37/mosaic_001.png,impostor,0.9306421875953674,0.7360067367553711,0.19463545083999634,false_accept
/home/lorenzo/Documenti/GitHub/HandVerify/datasets/processed-handwritten/rimes_processed/eval2011-7/batch_508.png,/home/lorenzo/Documenti/GitHub/HandVerify/datasets/processed-handwritten/rimes_processed/eval2011-7/mosaic_000.png,genuine,0.7292283773422241,0.7360067367553711,-0.006778359413146973,false_reject
/home/lorenzo/Documenti/GitHub/HandVerify/datasets/processed-handwritten/rimes_processed/train2011-1109/batch_1372.png,/home/lorenzo/Documenti/GitHub/HandVerify/datasets/processed-handwritten/rimes_processed/train2011-890/batch_9389.png,impostor,0.8769572973251343,0.7360067367553711,0.14095056056976318,false_accept
/home/lorenzo/Documenti/GitHub/HandVerify/datasets/processed-handwritten/rimes_processed/train2011-1318/batch_2812.png,/home/lorenzo/Documenti/GitHub/HandVerify/datasets/processed-handwritten/rimes_processed/train2011-1324/batch_2855.png,impostor,0.8140854835510254,0.7360067367553711,0.0780787467956543,false_accept
/home/lorenzo/Documenti/GitHub/HandVerify/datasets/processed-handwritten/rimes_processed/train2011-1426/batch_3473.png,/home/lorenzo/Documenti/GitHub/HandVerify/datasets/processed-handwritten/rimes_processed/train2011-529/mosaic_000.png,impostor,0.7388150691986084,0.7360067367553711,0.0028083324432373047,false_accept
/home/lorenzo/Documenti/GitHub/HandVerify/datasets/processed-handwritten/rimes_processed/train2011-1118/batch_1436.png,/home/lorenzo/Documenti/GitHub/HandVerify/datasets/processed-handwritten/rimes_processed/train2011-157/batch_4088.png,impostor,0.8817562460899353,0.7360067367553711,0.1457495093345642,false_accept
/home/lorenzo/Documenti/GitHub/HandVerify/datasets/processed-handwritten/rimes_processed/eval2011-72/batch_449.png,/home/lorenzo/Documenti/GitHub/HandVerify/datasets/processed-handwritten/rimes_processed/train2011-40/batch_6064.png,impostor,0.7623100280761719,0.7360067367553711,0.02630329132080078,false_accept
/home/lorenzo/Documenti/GitHub/HandVerify/datasets/processed-handwritten/rimes_processed/train2011-70/batch_8215.png,/home/lorenzo/Documenti/GitHub/HandVerify/datasets/processed-handwritten/rimes_processed/train2011-70/mosaic_001.png,genuine,0.70155268907547,0.7360067367553711,-0.03445404767990112,false_reject
/home/lorenzo/Documenti/GitHub/HandVerify/datasets/processed-handwritten/rimes_processed/train2011-121/batch_2137.png,/home/lorenzo/Documenti/GitHub/HandVerify/datasets/processed-handwritten/rimes_processed/train2011-121/mosaic_000.png,genuine,0.7302739024162292,0.7360067367553711,-0.005732834339141846,false_reject
/home/lorenzo/Documenti/GitHub/HandVerify/datasets/processed-handwritten/rimes_processed/train2011-38/batch_5890.png,/home/lorenzo/Documenti/GitHub/HandVerify/datasets/processed-handwritten/rimes_processed/train2011-869/mosaic_002.png,impostor,0.8096433877944946,0.7360067367553711,0.07363665103912354,false_accept
/home/lorenzo/Documenti/GitHub/HandVerify/datasets/processed-handwritten/rimes_processed/train2011-140/batch_3351.png,/home/lorenzo/Documenti/GitHub/HandVerify/datasets/processed-handwritten/rimes_processed/train2011-819/batch_8979.png,impostor,0.8964728713035583,0.7360067367553711,0.16046613454818726,false_accept
/home/lorenzo/Documenti/GitHub/HandVerify/datasets/processed-handwritten/rimes_processed/train2011-639/batch_7688.png,/home/lorenzo/Documenti/GitHub/HandVerify/datasets/processed-handwritten/rimes_processed/train2011-639/mosaic_001.png,genuine,0.5004395246505737,0.7360067367553711,-0.23556721210479736,false_reject
/home/lorenzo/Documenti/GitHub/HandVerify/datasets/processed-handwritten/rimes_processed/train2011-1470/mosaic_001.png,/home/lorenzo/Documenti/GitHub/HandVerify/datasets/processed-handwritten/rimes_processed/train2011-713/batch_8241.png,impostor,0.8295806050300598,0.7360067367553711,0.09357386827468872,false_accept
/home/lorenzo/Documenti/GitHub/HandVerify/datasets/processed-handwritten/rimes_processed/eval2011-78/mosaic_001.png,/home/lorenzo/Documenti/GitHub/HandVerify/datasets/processed-handwritten/rimes_processed/train2011-623/batch_7565.png,impostor,0.7592463493347168,0.7360067367553711,0.023239612579345703,false_accept
/home/lorenzo/Documenti/GitHub/HandVerify/datasets/processed-handwritten/rimes_processed/train2011-1013/batch_733.png,/home/lorenzo/Documenti/GitHub/HandVerify/datasets/processed-handwritten/rimes_processed/train2011-1013/mosaic_000.png,genuine,0.7261205315589905,0.7360067367553711,-0.009886205196380615,false_reject
/home/lorenzo/Documenti/GitHub/HandVerify/datasets/processed-handwritten/rimes_processed/train2011-1118/batch_1440.png,/home/lorenzo/Documenti/GitHub/HandVerify/datasets/processed-handwritten/rimes_processed/train2011-1496/batch_4013.png,impostor,0.9464627504348755,0.7360067367553711,0.2104560136795044,false_accept
/home/lorenzo/Documenti/GitHub/HandVerify/datasets/processed-handwritten/rimes_processed/train2011-1467/batch_3797.png,/home/lorenzo/Documenti/GitHub/HandVerify/datasets/processed-handwritten/rimes_processed/train2011-1468/batch_3803.png,impostor,0.9790046215057373,0.7360067367553711,0.2429978847503662,false_accept
/home/lorenzo/Documenti/GitHub/HandVerify/datasets/processed-handwritten/rimes_processed/train2011-1345/batch_2973.png,/home/lorenzo/Documenti/GitHub/HandVerify/datasets/processed-handwritten/rimes_processed/train2011-177/batch_4222.png,impostor,0.7833511829376221,0.7360067367553711,0.04734444618225098,false_accept
/home/lorenzo/Documenti/GitHub/HandVerify/datasets/processed-handwritten/rimes_processed/train2011-398/batch_5946.png,/home/lorenzo/Documenti/GitHub/HandVerify/datasets/processed-handwritten/rimes_processed/train2011-53/mosaic_000.png,impostor,0.7388879060745239,0.7360067367553711,0.002881169319152832,false_accept
/home/lorenzo/Documenti/GitHub/HandVerify/datasets/processed-handwritten/rimes_processed/eval2011-24/mosaic_000.png,/home/lorenzo/Documenti/GitHub/HandVerify/datasets/processed-handwritten/rimes_processed/train2011-667/batch_7894.png,impostor,0.7809162139892578,0.7360067367553711,0.04490947723388672,false_accept
/home/lorenzo/Documenti/GitHub/HandVerify/datasets/processed-handwritten/rimes_processed/train2011-597/mosaic_000.png,/home/lorenzo/Documenti/GitHub/HandVerify/datasets/processed-handwritten/rimes_processed/train2011-597/batch_7380.png,genuine,0.414133220911026,0.7360067367553711,-0.3218735158443451,false_reject
/home/lorenzo/Documenti/GitHub/HandVerify/datasets/processed-handwritten/rimes_processed/train2011-372/mosaic_001.png,/home/lorenzo/Documenti/GitHub/HandVerify/datasets/processed-handwritten/rimes_processed/train2011-372/batch_5758.png,genuine,0.7295289039611816,0.7360067367553711,-0.006477832794189453,false_reject
/home/lorenzo/Documenti/GitHub/HandVerify/datasets/processed-handwritten/rimes_processed/train2011-1086/batch_1198.png,/home/lorenzo/Documenti/GitHub/HandVerify/datasets/processed-handwritten/rimes_processed/train2011-1411/mosaic_000.png,impostor,0.8562272191047668,0.7360067367553711,0.12022048234939575,false_accept
/home/lorenzo/Documenti/GitHub/HandVerify/datasets/processed-handwritten/rimes_processed/train2011-1062/mosaic_000.png,/home/lorenzo/Documenti/GitHub/HandVerify/datasets/processed-handwritten/rimes_processed/train2011-1475/batch_3863.png,impostor,0.7549214959144592,0.7360067367553711,0.018914759159088135,false_accept
/home/lorenzo/Documenti/GitHub/HandVerify/datasets/processed-handwritten/rimes_processed/train2011-238/batch_4677.png,/home/lorenzo/Documenti/GitHub/HandVerify/datasets/processed-handwritten/rimes_processed/train2011-999/batch_10054.png,impostor,0.9377740621566772,0.7360067367553711,0.20176732540130615,false_accept
/home/lorenzo/Documenti/GitHub/HandVerify/datasets/processed-handwritten/rimes_processed/train2011-1206/batch_2044.png,/home/lorenzo/Documenti/GitHub/HandVerify/datasets/processed-handwritten/rimes_processed/train2011-982/batch_9949.png,impostor,0.7915924191474915,0.7360067367553711,0.05558568239212036,false_accept
/home/lorenzo/Documenti/GitHub/HandVerify/datasets/processed-handwritten/rimes_processed/train2011-831/batch_9047.png,/home/lorenzo/Documenti/GitHub/HandVerify/datasets/processed-handwritten/rimes_processed/train2011-894/batch_9428.png,impostor,0.8923901319503784,0.7360067367553711,0.15638339519500732,false_accept
/home/lorenzo/Documenti/GitHub/HandVerify/datasets/processed-handwritten/rimes_processed/train2011-1294/batch_2633.png,/home/lorenzo/Documenti/GitHub/HandVerify/datasets/processed-handwritten/rimes_processed/train2011-869/batch_9263.png,impostor,0.9135927557945251,0.7360067367553711,0.17758601903915405,false_accept
/home/lorenzo/Documenti/GitHub/HandVerify/datasets/processed-handwritten/rimes_processed/train2011-1067/batch_1089.png,/home/lorenzo/Documenti/GitHub/HandVerify/datasets/processed-handwritten/rimes_processed/train2011-772/mosaic_000.png,impostor,0.8229573369026184,0.7360067367553711,0.08695060014724731,false_accept
/home/lorenzo/Documenti/GitHub/HandVerify/datasets/processed-handwritten/rimes_processed/train2011-814/batch_8955.png,/home/lorenzo/Documenti/GitHub/HandVerify/datasets/processed-handwritten/rimes_processed/train2011-860/mosaic_000.png,impostor,0.7994672060012817,0.7360067367553711,0.06346046924591064,false_accept
/home/lorenzo/Documenti/GitHub/HandVerify/datasets/processed-handwritten/rimes_processed/train2011-302/batch_5150.png,/home/lorenzo/Documenti/GitHub/HandVerify/datasets/processed-handwritten/rimes_processed/train2011-637/batch_7660.png,impostor,0.8955320715904236,0.7360067367553711,0.1595253348350525,false_accept
/home/lorenzo/Documenti/GitHub/HandVerify/datasets/processed-handwritten/rimes_processed/train2011-1036/batch_883.png,/home/lorenzo/Documenti/GitHub/HandVerify/datasets/processed-handwritten/rimes_processed/train2011-840/batch_9099.png,impostor,0.8238905072212219,0.7360067367553711,0.08788377046585083,false_accept
/home/lorenzo/Documenti/GitHub/HandVerify/datasets/processed-handwritten/rimes_processed/train2011-514/mosaic_000.png,/home/lorenzo/Documenti/GitHub/HandVerify/datasets/processed-handwritten/rimes_processed/train2011-756/batch_8533.png,impostor,0.8153999447822571,0.7360067367553711,0.07939320802688599,false_accept
/home/lorenzo/Documenti/GitHub/HandVerify/datasets/processed-handwritten/rimes_processed/train2011-1444/mosaic_000.png,/home/lorenzo/Documenti/GitHub/HandVerify/datasets/processed-handwritten/rimes_processed/train2011-766/batch_8609.png,impostor,0.7420852184295654,0.7360067367553711,0.006078481674194336,false_accept
/home/lorenzo/Documenti/GitHub/HandVerify/datasets/processed-handwritten/rimes_processed/train2011-1098/batch_1298.png,/home/lorenzo/Documenti/GitHub/HandVerify/datasets/processed-handwritten/rimes_processed/train2011-520/batch_6876.png,impostor,0.8398643136024475,0.7360067367553711,0.10385757684707642,false_accept
/home/lorenzo/Documenti/GitHub/HandVerify/datasets/processed-handwritten/rimes_processed/train2011-1055/batch_1002.png,/home/lorenzo/Documenti/GitHub/HandVerify/datasets/processed-handwritten/rimes_processed/train2011-288/batch_5051.png,impostor,0.840391993522644,0.7360067367553711,0.10438525676727295,false_accept
/home/lorenzo/Documenti/GitHub/HandVerify/datasets/processed-handwritten/rimes_processed/train2011-712/mosaic_001.png,/home/lorenzo/Documenti/GitHub/HandVerify/datasets/processed-handwritten/rimes_processed/train2011-763/batch_8574.png,impostor,0.8167440891265869,0.7360067367553711,0.08073735237121582,false_accept
/home/lorenzo/Documenti/GitHub/HandVerify/datasets/processed-handwritten/rimes_processed/train2011-1286/mosaic_000.png,/home/lorenzo/Documenti/GitHub/HandVerify/datasets/processed-handwritten/rimes_processed/train2011-456/batch_6410.png,impostor,0.8715018033981323,0.7360067367553711,0.13549506664276123,false_accept
/home/lorenzo/Documenti/GitHub/HandVerify/datasets/processed-handwritten/rimes_processed/train2011-1039/batch_897.png,/home/lorenzo/Documenti/GitHub/HandVerify/datasets/processed-handwritten/rimes_processed/train2011-203/batch_4419.png,impostor,0.9152473211288452,0.7360067367553711,0.17924058437347412,false_accept
/home/lorenzo/Documenti/GitHub/HandVerify/datasets/processed-handwritten/rimes_processed/train2011-1095/batch_1275.png,/home/lorenzo/Documenti/GitHub/HandVerify/datasets/processed-handwritten/rimes_processed/train2011-5/batch_7410.png,impostor,0.8008127212524414,0.7360067367553711,0.06480598449707031,false_accept
/home/lorenzo/Documenti/GitHub/HandVerify/datasets/processed-handwritten/rimes_processed/train2011-1229/batch_2198.png,/home/lorenzo/Documenti/GitHub/HandVerify/datasets/processed-handwritten/rimes_processed/train2011-476/batch_6549.png,impostor,0.8147469758987427,0.7360067367553711,0.07874023914337158,false_accept
/home/lorenzo/Documenti/GitHub/HandVerify/datasets/processed-handwritten/rimes_processed/train2011-1/mosaic_003.png,/home/lorenzo/Documenti/GitHub/HandVerify/datasets/processed-handwritten/rimes_processed/train2011-950/batch_9748.png,impostor,0.7872710227966309,0.7360067367553711,0.051264286041259766,false_accept
/home/lorenzo/Documenti/GitHub/HandVerify/datasets/processed-handwritten/rimes_processed/train2011-319/batch_5281.png,/home/lorenzo/Documenti/GitHub/HandVerify/datasets/processed-handwritten/rimes_processed/train2011-869/mosaic_002.png,impostor,0.9137172698974609,0.7360067367553711,0.17771053314208984,false_accept
/home/lorenzo/Documenti/GitHub/HandVerify/datasets/processed-handwritten/rimes_processed/train2011-21/mosaic_001.png,/home/lorenzo/Documenti/GitHub/HandVerify/datasets/processed-handwritten/rimes_processed/train2011-483/mosaic_000.png,impostor,0.951076328754425,0.7360067367553711,0.21506959199905396,false_accept
/home/lorenzo/Documenti/GitHub/HandVerify/datasets/processed-handwritten/rimes_processed/eval2011-10/batch_013.png,/home/lorenzo/Documenti/GitHub/HandVerify/datasets/processed-handwritten/rimes_processed/train2011-33/batch_5453.png,impostor,0.8546299934387207,0.7360067367553711,0.11862325668334961,false_accept
/home/lorenzo/Documenti/GitHub/HandVerify/datasets/processed-handwritten/rimes_processed/eval2011-50/mosaic_000.png,/home/lorenzo/Documenti/GitHub/HandVerify/datasets/processed-handwritten/rimes_processed/train2011-1111/batch_1398.png,impostor,0.8530638813972473,0.7360067367553711,0.11705714464187622,false_accept
/home/lorenzo/Documenti/GitHub/HandVerify/datasets/processed-handwritten/rimes_processed/train2011-399/batch_5947.png,/home/lorenzo/Documenti/GitHub/HandVerify/datasets/processed-handwritten/rimes_processed/train2011-784/batch_8748.png,impostor,0.8691864609718323,0.7360067367553711,0.13317972421646118,false_accept
/home/lorenzo/Documenti/GitHub/HandVerify/datasets/processed-handwritten/rimes_processed/train2011-268/batch_4903.png,/home/lorenzo/Documenti/GitHub/HandVerify/datasets/processed-handwritten/rimes_processed/train2011-930/batch_9630.png,impostor,0.990881085395813,0.7360067367553711,0.2548743486404419,false_accept
/home/lorenzo/Documenti/GitHub/HandVerify/datasets/processed-handwritten/rimes_processed/train2011-1408/batch_3341.png,/home/lorenzo/Documenti/GitHub/HandVerify/datasets/processed-handwritten/rimes_processed/train2011-593/batch_7356.png,impostor,0.9186137318611145,0.7360067367553711,0.1826069951057434,false_accept
/home/lorenzo/Documenti/GitHub/HandVerify/datasets/processed-handwritten/rimes_processed/train2011-1449/batch_3642.png,/home/lorenzo/Documenti/GitHub/HandVerify/datasets/processed-handwritten/rimes_processed/train2011-31/mosaic_000.png,impostor,0.8822240233421326,0.7360067367553711,0.14621728658676147,false_accept
/home/lorenzo/Documenti/GitHub/HandVerify/datasets/processed-handwritten/rimes_processed/train2011-590/batch_7341.png,/home/lorenzo/Documenti/GitHub/HandVerify/datasets/processed-handwritten/rimes_processed/train2011-813/batch_8938.png,impostor,0.776680588722229,0.7360067367553711,0.04067385196685791,false_accept
/home/lorenzo/Documenti/GitHub/HandVerify/datasets/processed-handwritten/rimes_processed/train2011-991/batch_10005.png,/home/lorenzo/Documenti/GitHub/HandVerify/datasets/processed-handwritten/rimes_processed/train2011-991/mosaic_002.png,genuine,0.713225245475769,0.7360067367553711,-0.02278149127960205,false_reject
/home/lorenzo/Documenti/GitHub/HandVerify/datasets/processed-handwritten/rimes_processed/eval2011-69/batch_428.png,/home/lorenzo/Documenti/GitHub/HandVerify/datasets/processed-handwritten/rimes_processed/train2011-1168/mosaic_000.png,impostor,0.7591655850410461,0.7360067367553711,0.02315884828567505,false_accept
/home/lorenzo/Documenti/GitHub/HandVerify/datasets/processed-handwritten/rimes_processed/train2011-152/mosaic_001.png,/home/lorenzo/Documenti/GitHub/HandVerify/datasets/processed-handwritten/rimes_processed/train2011-426/batch_6183.png,impostor,0.7397351861000061,0.7360067367553711,0.0037284493446350098,false_accept
/home/lorenzo/Documenti/GitHub/HandVerify/datasets/processed-handwritten/rimes_processed/train2011-543/batch_7034.png,/home/lorenzo/Documenti/GitHub/HandVerify/datasets/processed-handwritten/rimes_processed/train2011-869/batch_9258.png,impostor,0.9387491941452026,0.7360067367553711,0.20274245738983154,false_accept
/home/lorenzo/Documenti/GitHub/HandVerify/datasets/processed-handwritten/rimes_processed/train2011-431/batch_6233.png,/home/lorenzo/Documenti/GitHub/HandVerify/datasets/processed-handwritten/rimes_processed/train2011-722/mosaic_001.png,impostor,0.7427291870117188,0.7360067367553711,0.006722450256347656,false_accept
/home/lorenzo/Documenti/GitHub/HandVerify/datasets/processed-handwritten/rimes_processed/train2011-1348/batch_2986.png,/home/lorenzo/Documenti/GitHub/HandVerify/datasets/processed-handwritten/rimes_processed/train2011-414/batch_6102.png,impostor,0.7915007472038269,0.7360067367553711,0.05549401044845581,false_accept
/home/lorenzo/Documenti/GitHub/HandVerify/datasets/processed-handwritten/rimes_processed/train2011-122/batch_2201.png,/home/lorenzo/Documenti/GitHub/HandVerify/datasets/processed-handwritten/rimes_processed/train2011-417/mosaic_001.png,impostor,0.8292540907859802,0.7360067367553711,0.09324735403060913,false_accept
/home/lorenzo/Documenti/GitHub/HandVerify/datasets/processed-handwritten/rimes_processed/train2011-1185/batch_1893.png,/home/lorenzo/Documenti/GitHub/HandVerify/datasets/processed-handwritten/rimes_processed/train2011-1271/batch_2492.png,impostor,0.9368460178375244,0.7360067367553711,0.20083928108215332,false_accept
/home/lorenzo/Documenti/GitHub/HandVerify/datasets/processed-handwritten/rimes_processed/train2011-66/batch_7909.png,/home/lorenzo/Documenti/GitHub/HandVerify/datasets/processed-handwritten/rimes_processed/train2011-746/batch_8453.png,impostor,0.8376408219337463,0.7360067367553711,0.10163408517837524,false_accept
/home/lorenzo/Documenti/GitHub/HandVerify/datasets/processed-handwritten/rimes_processed/eval2011-97/batch_629.png,/home/lorenzo/Documenti/GitHub/HandVerify/datasets/processed-handwritten/rimes_processed/train2011-667/batch_7896.png,impostor,0.9364062547683716,0.7360067367553711,0.2003995180130005,false_accept
/home/lorenzo/Documenti/GitHub/HandVerify/datasets/processed-handwritten/rimes_processed/eval2011-30/mosaic_001.png,/home/lorenzo/Documenti/GitHub/HandVerify/datasets/processed-handwritten/rimes_processed/train2011-39/mosaic_000.png,impostor,0.9315147399902344,0.7360067367553711,0.19550800323486328,false_accept
/home/lorenzo/Documenti/GitHub/HandVerify/datasets/processed-handwritten/rimes_processed/train2011-1336/batch_2931.png,/home/lorenzo/Documenti/GitHub/HandVerify/datasets/processed-handwritten/rimes_processed/train2011-139/batch_3284.png,impostor,0.9302621483802795,0.7360067367553711,0.19425541162490845,false_accept
/home/lorenzo/Documenti/GitHub/HandVerify/datasets/processed-handwritten/rimes_processed/train2011-105/batch_1029.png,/home/lorenzo/Documenti/GitHub/HandVerify/datasets/processed-handwritten/rimes_processed/train2011-105/batch_1033.png,genuine,0.735846996307373,0.7360067367553711,-0.00015974044799804688,false_reject
/home/lorenzo/Documenti/GitHub/HandVerify/datasets/processed-handwritten/rimes_processed/train2011-111/batch_1451.png,/home/lorenzo/Documenti/GitHub/HandVerify/datasets/processed-handwritten/rimes_processed/train2011-376/batch_5782.png,impostor,0.9450638294219971,0.7360067367553711,0.20905709266662598,false_accept
/home/lorenzo/Documenti/GitHub/HandVerify/datasets/processed-handwritten/rimes_processed/train2011-59/batch_7405.png,/home/lorenzo/Documenti/GitHub/HandVerify/datasets/processed-handwritten/rimes_processed/train2011-853/batch_9175.png,impostor,0.9299397468566895,0.7360067367553711,0.19393301010131836,false_accept
/home/lorenzo/Documenti/GitHub/HandVerify/datasets/processed-handwritten/rimes_processed/eval2011-64/batch_393.png,/home/lorenzo/Documenti/GitHub/HandVerify/datasets/processed-handwritten/rimes_processed/train2011-1483/batch_3924.png,impostor,0.8933977484703064,0.7360067367553711,0.1573910117149353,false_accept
/home/lorenzo/Documenti/GitHub/HandVerify/datasets/processed-handwritten/rimes_processed/train2011-558/batch_7136.png,/home/lorenzo/Documenti/GitHub/HandVerify/datasets/processed-handwritten/rimes_processed/train2011-668/batch_7900.png,impostor,0.8887401819229126,0.7360067367553711,0.1527334451675415,false_accept
/home/lorenzo/Documenti/GitHub/HandVerify/datasets/processed-handwritten/rimes_processed/train2011-1331/batch_2898.png,/home/lorenzo/Documenti/GitHub/HandVerify/datasets/processed-handwritten/rimes_processed/train2011-338/batch_5429.png,impostor,0.9496827125549316,0.7360067367553711,0.21367597579956055,false_accept
/home/lorenzo/Documenti/GitHub/HandVerify/datasets/processed-handwritten/rimes_processed/train2011-1428/batch_3481.png,/home/lorenzo/Documenti/GitHub/HandVerify/datasets/processed-handwritten/rimes_processed/train2011-888/batch_9370.png,impostor,0.8627691268920898,0.7360067367553711,0.12676239013671875,false_accept
/home/lorenzo/Documenti/GitHub/HandVerify/datasets/processed-handwritten/rimes_processed/train2011-1366/batch_3076.png,/home/lorenzo/Documenti/GitHub/HandVerify/datasets/processed-handwritten/rimes_processed/train2011-323/batch_5306.png,impostor,0.8848352432250977,0.7360067367553711,0.14882850646972656,false_accept
/home/lorenzo/Documenti/GitHub/HandVerify/datasets/processed-handwritten/rimes_processed/train2011-265/batch_4882.png,/home/lorenzo/Documenti/GitHub/HandVerify/datasets/processed-handwritten/rimes_processed/train2011-472/batch_6525.png,impostor,0.912999153137207,0.7360067367553711,0.17699241638183594,false_accept
/home/lorenzo/Documenti/GitHub/HandVerify/datasets/processed-handwritten/rimes_processed/train2011-1023/batch_807.png,/home/lorenzo/Documenti/GitHub/HandVerify/datasets/processed-handwritten/rimes_processed/train2011-1261/batch_2435.png,impostor,0.9619604349136353,0.7360067367553711,0.22595369815826416,false_accept
/home/lorenzo/Documenti/GitHub/HandVerify/datasets/processed-handwritten/rimes_processed/eval2011-0/batch_003.png,/home/lorenzo/Documenti/GitHub/HandVerify/datasets/processed-handwritten/rimes_processed/train2011-368/batch_5725.png,impostor,0.9020243883132935,0.7360067367553711,0.16601765155792236,false_accept
/home/lorenzo/Documenti/GitHub/HandVerify/datasets/processed-handwritten/rimes_processed/train2011-147/batch_3897.png,/home/lorenzo/Documenti/GitHub/HandVerify/datasets/processed-handwritten/rimes_processed/train2011-1480/mosaic_001.png,impostor,0.7372170686721802,0.7360067367553711,0.001210331916809082,false_accept
/home/lorenzo/Documenti/GitHub/HandVerify/datasets/processed-handwritten/rimes_processed/train2011-1179/batch_1846.png,/home/lorenzo/Documenti/GitHub/HandVerify/datasets/processed-handwritten/rimes_processed/train2011-1338/batch_2934.png,impostor,0.9057446122169495,0.7360067367553711,0.16973787546157837,false_accept
/home/lorenzo/Documenti/GitHub/HandVerify/datasets/processed-handwritten/rimes_processed/train2011-1195/batch_1979.png,/home/lorenzo/Documenti/GitHub/HandVerify/datasets/processed-handwritten/rimes_processed/train2011-611/batch_7488.png,impostor,0.8429831862449646,0.7360067367553711,0.1069764494895935,false_accept
/home/lorenzo/Documenti/GitHub/HandVerify/datasets/processed-handwritten/rimes_processed/train2011-1048/batch_963.png,/home/lorenzo/Documenti/GitHub/HandVerify/datasets/processed-handwritten/rimes_processed/train2011-1095/batch_1272.png,impostor,0.8965685367584229,0.7360067367553711,0.16056180000305176,false_accept
/home/lorenzo/Documenti/GitHub/HandVerify/datasets/processed-handwritten/rimes_processed/eval2011-1/batch_065.png,/home/lorenzo/Documenti/GitHub/HandVerify/datasets/processed-handwritten/rimes_processed/train2011-4/batch_6730.png,impostor,0.959983229637146,0.7360067367553711,0.2239764928817749,false_accept
/home/lorenzo/Documenti/GitHub/HandVerify/datasets/processed-handwritten/rimes_processed/train2011-1464/batch_3760.png,/home/lorenzo/Documenti/GitHub/HandVerify/datasets/processed-handwritten/rimes_processed/train2011-251/batch_4798.png,impostor,0.754955530166626,0.7360067367553711,0.018948793411254883,false_accept
/home/lorenzo/Documenti/GitHub/HandVerify/datasets/processed-handwritten/rimes_processed/train2011-70/batch_8220.png,/home/lorenzo/Documenti/GitHub/HandVerify/datasets/processed-handwritten/rimes_processed/train2011-714/batch_8246.png,impostor,0.9769088625907898,0.7360067367553711,0.2409021258354187,false_accept
/home/lorenzo/Documenti/GitHub/HandVerify/datasets/processed-handwritten/rimes_processed/train2011-423/batch_6169.png,/home/lorenzo/Documenti/GitHub/HandVerify/datasets/processed-handwritten/rimes_processed/train2011-933/batch_9646.png,impostor,0.9717999696731567,0.7360067367553711,0.23579323291778564,false_accept
/home/lorenzo/Documenti/GitHub/HandVerify/datasets/processed-handwritten/rimes_processed/train2011-1037/batch_885.png,/home/lorenzo/Documenti/GitHub/HandVerify/datasets/processed-handwritten/rimes_processed/train2011-399/batch_5955.png,impostor,0.792005717754364,0.7360067367553711,0.05599898099899292,false_accept
/home/lorenzo/Documenti/GitHub/HandVerify/datasets/processed-handwritten/rimes_processed/train2011-200/mosaic_001.png,/home/lorenzo/Documenti/GitHub/HandVerify/datasets/processed-handwritten/rimes_processed/train2011-401/batch_5989.png,impostor,0.7713410258293152,0.7360067367553711,0.03533428907394409,false_accept
/home/lorenzo/Documenti/GitHub/HandVerify/datasets/processed-handwritten/rimes_processed/train2011-166/mosaic_000.png,/home/lorenzo/Documenti/GitHub/HandVerify/datasets/processed-handwritten/rimes_processed/train2011-271/batch_4927.png,impostor,0.7517370581626892,0.7360067367553711,0.015730321407318115,false_accept
/home/lorenzo/Documenti/GitHub/HandVerify/datasets/processed-handwritten/rimes_processed/eval2011-23/batch_097.png,/home/lorenzo/Documenti/GitHub/HandVerify/datasets/processed-handwritten/rimes_processed/train2011-751/batch_8498.png,impostor,0.890302836894989,0.7360067367553711,0.15429610013961792,false_accept
/home/lorenzo/Documenti/GitHub/HandVerify/datasets/processed-handwritten/rimes_processed/train2011-1319/batch_2819.png,/home/lorenzo/Documenti/GitHub/HandVerify/datasets/processed-handwritten/rimes_processed/train2011-925/batch_9603.png,impostor,0.9579167366027832,0.7360067367553711,0.2219099998474121,false_accept
/home/lorenzo/Documenti/GitHub/HandVerify/datasets/processed-handwritten/rimes_processed/train2011-1037/batch_887.png,/home/lorenzo/Documenti/GitHub/HandVerify/datasets/processed-handwritten/rimes_processed/train2011-1037/mosaic_001.png,genuine,0.489471971988678,0.7360067367553711,-0.24653476476669312,false_reject
/home/lorenzo/Documenti/GitHub/HandVerify/datasets/processed-handwritten/rimes_processed/train2011-1131/mosaic_001.png,/home/lorenzo/Documenti/GitHub/HandVerify/datasets/processed-handwritten/rimes_processed/train2011-696/mosaic_002.png,impostor,0.9467165470123291,0.7360067367553711,0.210709810256958,false_accept
/home/lorenzo/Documenti/GitHub/HandVerify/datasets/processed-handwritten/rimes_processed/train2011-72/batch_8352.png,/home/lorenzo/Documenti/GitHub/HandVerify/datasets/processed-handwritten/rimes_processed/train2011-72/batch_8355.png,genuine,0.7131668329238892,0.7360067367553711,-0.022839903831481934,false_reject
/home/lorenzo/Documenti/GitHub/HandVerify/datasets/processed-handwritten/rimes_processed/train2011-150/batch_4056.png,/home/lorenzo/Documenti/GitHub/HandVerify/datasets/processed-handwritten/rimes_processed/train2011-405/batch_6028.png,impostor,0.9572911262512207,0.7360067367553711,0.2212843894958496,false_accept
/home/lorenzo/Documenti/GitHub/HandVerify/datasets/processed-handwritten/rimes_processed/train2011-1058/batch_1018.png,/home/lorenzo/Documenti/GitHub/HandVerify/datasets/processed-handwritten/rimes_processed/train2011-1462/batch_3749.png,impostor,0.8409225344657898,0.7360067367553711,0.1049157977104187,false_accept
/home/lorenzo/Documenti/GitHub/HandVerify/datasets/processed-handwritten/rimes_processed/train2011-1117/batch_1429.png,/home/lorenzo/Documenti/GitHub/HandVerify/datasets/processed-handwritten/rimes_processed/train2011-1289/batch_2593.png,impostor,0.8786073923110962,0.7360067367553711,0.1426006555557251,false_accept
/home/lorenzo/Documenti/GitHub/HandVerify/datasets/processed-handwritten/rimes_processed/train2011-1050/batch_978.png,/home/lorenzo/Documenti/GitHub/HandVerify/datasets/processed-handwritten/rimes_processed/train2011-147/batch_3896.png,impostor,0.9609546065330505,0.7360067367553711,0.22494786977767944,false_accept
/home/lorenzo/Documenti/GitHub/HandVerify/datasets/processed-handwritten/rimes_processed/train2011-1058/mosaic_000.png,/home/lorenzo/Documenti/GitHub/HandVerify/datasets/processed-handwritten/rimes_processed/train2011-1112/mosaic_000.png,impostor,0.9180054664611816,0.7360067367553711,0.18199872970581055,false_accept
/home/lorenzo/Documenti/GitHub/HandVerify/datasets/processed-handwritten/rimes_processed/train2011-1482/batch_3916.png,/home/lorenzo/Documenti/GitHub/HandVerify/datasets/processed-handwritten/rimes_processed/train2011-47/batch_6578.png,impostor,0.9476582407951355,0.7360067367553711,0.2116515040397644,false_accept
/home/lorenzo/Documenti/GitHub/HandVerify/datasets/processed-handwritten/rimes_processed/train2011-277/batch_4983.png,/home/lorenzo/Documenti/GitHub/HandVerify/datasets/processed-handwritten/rimes_processed/train2011-625/batch_7586.png,impostor,0.9566831588745117,0.7360067367553711,0.22067642211914062,false_accept
/home/lorenzo/Documenti/GitHub/HandVerify/datasets/processed-handwritten/rimes_processed/eval2011-8/batch_566.png,/home/lorenzo/Documenti/GitHub/HandVerify/datasets/processed-handwritten/rimes_processed/train2011-48/batch_6662.png,impostor,0.903137743473053,0.7360067367553711,0.16713100671768188,false_accept
/home/lorenzo/Documenti/GitHub/HandVerify/datasets/processed-handwritten/rimes_processed/train2011-41/batch_6138.png,/home/lorenzo/Documenti/GitHub/HandVerify/datasets/processed-handwritten/rimes_processed/train2011-972/batch_9875.png,impostor,0.8864039182662964,0.7360067367553711,0.1503971815109253,false_accept
/home/lorenzo/Documenti/GitHub/HandVerify/datasets/processed-handwritten/rimes_processed/train2011-1143/batch_1598.png,/home/lorenzo/Documenti/GitHub/HandVerify/datasets/processed-handwritten/rimes_processed/train2011-796/batch_8816.png,impostor,0.7552509307861328,0.7360067367553711,0.01924419403076172,false_accept
/home/lorenzo/Documenti/GitHub/HandVerify/datasets/processed-handwritten/rimes_processed/train2011-1207/batch_2046.png,/home/lorenzo/Documenti/GitHub/HandVerify/datasets/processed-handwritten/rimes_processed/train2011-305/batch_5168.png,impostor,0.9440354704856873,0.7360067367553711,0.20802873373031616,false_accept
/home/lorenzo/Documenti/GitHub/HandVerify/datasets/processed-handwritten/rimes_processed/train2011-323/batch_5310.png,/home/lorenzo/Documenti/GitHub/HandVerify/datasets/processed-handwritten/rimes_processed/train2011-344/mosaic_000.png,impostor,0.822029709815979,0.7360067367553711,0.08602297306060791,false_accept
/home/lorenzo/Documenti/GitHub/HandVerify/datasets/processed-handwritten/rimes_processed/train2011-211/batch_4468.png,/home/lorenzo/Documenti/GitHub/HandVerify/datasets/processed-handwritten/rimes_processed/train2011-461/mosaic_002.png,impostor,0.7641300559043884,0.7360067367553711,0.028123319149017334,false_accept
/home/lorenzo/Documenti/GitHub/HandVerify/datasets/processed-handwritten/rimes_processed/train2011-404/batch_6014.png,/home/lorenzo/Documenti/GitHub/HandVerify/datasets/processed-handwritten/rimes_processed/train2011-486/batch_6631.png,impostor,0.9388054013252258,0.7360067367553711,0.20279866456985474,false_accept
/home/lorenzo/Documenti/GitHub/HandVerify/datasets/processed-handwritten/rimes_processed/train2011-1192/batch_1963.png,/home/lorenzo/Documenti/GitHub/HandVerify/datasets/processed-handwritten/rimes_processed/train2011-1438/mosaic_000.png,impostor,0.7467910647392273,0.7360067367553711,0.010784327983856201,false_accept
/home/lorenzo/Documenti/GitHub/HandVerify/datasets/processed-handwritten/rimes_processed/train2011-141/batch_3432.png,/home/lorenzo/Documenti/GitHub/HandVerify/datasets/processed-handwritten/rimes_processed/train2011-141/mosaic_002.png,genuine,0.6960788369178772,0.7360067367553711,-0.039927899837493896,false_reject
/home/lorenzo/Documenti/GitHub/HandVerify/datasets/processed-handwritten/rimes_processed/eval2011-53/mosaic_001.png,/home/lorenzo/Documenti/GitHub/HandVerify/datasets/processed-handwritten/rimes_processed/train2011-559/batch_7141.png,impostor,0.7850982546806335,0.7360067367553711,0.04909151792526245,false_accept
/home/lorenzo/Documenti/GitHub/HandVerify/datasets/processed-handwritten/rimes_processed/train2011-164/batch_4140.png,/home/lorenzo/Documenti/GitHub/HandVerify/datasets/processed-handwritten/rimes_processed/train2011-667/batch_7892.png,impostor,0.8439383506774902,0.7360067367553711,0.10793161392211914,false_accept
/home/lorenzo/Documenti/GitHub/HandVerify/datasets/processed-handwritten/rimes_processed/eval2011-69/batch_429.png,/home/lorenzo/Documenti/GitHub/HandVerify/datasets/processed-handwritten/rimes_processed/train2011-162/batch_4122.png,impostor,0.9047039747238159,0.7360067367553711,0.16869723796844482,false_accept
/home/lorenzo/Documenti/GitHub/HandVerify/datasets/processed-handwritten/rimes_processed/train2011-1464/batch_3769.png,/home/lorenzo/Documenti/GitHub/HandVerify/datasets/processed-handwritten/rimes_processed/train2011-380/batch_5822.png,impostor,0.8025882244110107,0.7360067367553711,0.06658148765563965,false_accept
/home/lorenzo/Documenti/GitHub/HandVerify/datasets/processed-handwritten/rimes_processed/train2011-834/batch_9067.png,/home/lorenzo/Documenti/GitHub/HandVerify/datasets/processed-handwritten/rimes_processed/train2011-847/batch_9131.png,impostor,0.7435392141342163,0.7360067367553711,0.007532477378845215,false_accept
/home/lorenzo/Documenti/GitHub/HandVerify/datasets/processed-handwritten/rimes_processed/eval2011-19/batch_060.png,/home/lorenzo/Documenti/GitHub/HandVerify/datasets/processed-handwritten/rimes_processed/train2011-1212/batch_2092.png,impostor,0.8771174550056458,0.7360067367553711,0.14111071825027466,false_accept
/home/lorenzo/Documenti/GitHub/HandVerify/datasets/processed-handwritten/rimes_processed/train2011-1053/batch_992.png,/home/lorenzo/Documenti/GitHub/HandVerify/datasets/processed-handwritten/rimes_processed/train2011-97/batch_9929.png,impostor,0.9021971225738525,0.7360067367553711,0.16619038581848145,false_accept
/home/lorenzo/Documenti/GitHub/HandVerify/datasets/processed-handwritten/rimes_processed/train2011-1326/batch_2867.png,/home/lorenzo/Documenti/GitHub/HandVerify/datasets/processed-handwritten/rimes_processed/train2011-318/batch_5275.png,impostor,0.9815651774406433,0.7360067367553711,0.24555844068527222,false_accept
/home/lorenzo/Documenti/GitHub/HandVerify/datasets/processed-handwritten/rimes_processed/train2011-1100/batch_1322.png,/home/lorenzo/Documenti/GitHub/HandVerify/datasets/processed-handwritten/rimes_processed/train2011-364/mosaic_000.png,impostor,0.814948558807373,0.7360067367553711,0.07894182205200195,false_accept
/home/lorenzo/Documenti/GitHub/HandVerify/datasets/processed-handwritten/rimes_processed/train2011-313/batch_5232.png,/home/lorenzo/Documenti/GitHub/HandVerify/datasets/processed-handwritten/rimes_processed/train2011-313/mosaic_001.png,genuine,0.4819870889186859,0.7360067367553711,-0.2540196478366852,false_reject
/home/lorenzo/Documenti/GitHub/HandVerify/datasets/processed-handwritten/rimes_processed/train2011-200/mosaic_002.png,/home/lorenzo/Documenti/GitHub/HandVerify/datasets/processed-handwritten/rimes_processed/train2011-47/batch_6580.png,impostor,0.7980465292930603,0.7360067367553711,0.06203979253768921,false_accept
/home/lorenzo/Documenti/GitHub/HandVerify/datasets/processed-handwritten/rimes_processed/eval2011-66/batch_407.png,/home/lorenzo/Documenti/GitHub/HandVerify/datasets/processed-handwritten/rimes_processed/eval2011-66/mosaic_001.png,genuine,0.7254050374031067,0.7360067367553711,-0.010601699352264404,false_reject
/home/lorenzo/Documenti/GitHub/HandVerify/datasets/processed-handwritten/rimes_processed/train2011-500/batch_6742.png,/home/lorenzo/Documenti/GitHub/HandVerify/datasets/processed-handwritten/rimes_processed/train2011-687/batch_8053.png,impostor,0.9764257073402405,0.7360067367553711,0.24041897058486938,false_accept
/home/lorenzo/Documenti/GitHub/HandVerify/datasets/processed-handwritten/rimes_processed/train2011-350/batch_5562.png,/home/lorenzo/Documenti/GitHub/HandVerify/datasets/processed-handwritten/rimes_processed/train2011-350/batch_5557.png,genuine,0.5942889451980591,0.7360067367553711,-0.141717791557312,false_reject
/home/lorenzo/Documenti/GitHub/HandVerify/datasets/processed-handwritten/rimes_processed/train2011-460/batch_6438.png,/home/lorenzo/Documenti/GitHub/HandVerify/datasets/processed-handwritten/rimes_processed/train2011-573/batch_7229.png,impostor,0.8232527375221252,0.7360067367553711,0.08724600076675415,false_accept
/home/lorenzo/Documenti/GitHub/HandVerify/datasets/processed-handwritten/rimes_processed/train2011-1219/batch_2129.png,/home/lorenzo/Documenti/GitHub/HandVerify/datasets/processed-handwritten/rimes_processed/train2011-252/mosaic_002.png,impostor,0.8967399597167969,0.7360067367553711,0.16073322296142578,false_accept
/home/lorenzo/Documenti/GitHub/HandVerify/datasets/processed-handwritten/rimes_processed/train2011-70/batch_8221.png,/home/lorenzo/Documenti/GitHub/HandVerify/datasets/processed-handwritten/rimes_processed/train2011-722/mosaic_001.png,impostor,0.8650936484336853,0.7360067367553711,0.1290869116783142,false_accept
/home/lorenzo/Documenti/GitHub/HandVerify/datasets/processed-handwritten/rimes_processed/train2011-1310/batch_2759.png,/home/lorenzo/Documenti/GitHub/HandVerify/datasets/processed-handwritten/rimes_processed/train2011-431/batch_6237.png,impostor,0.8593837022781372,0.7360067367553711,0.12337696552276611,false_accept
/home/lorenzo/Documenti/GitHub/HandVerify/datasets/processed-handwritten/rimes_processed/train2011-371/mosaic_001.png,/home/lorenzo/Documenti/GitHub/HandVerify/datasets/processed-handwritten/rimes_processed/train2011-440/mosaic_001.png,impostor,0.8954192996025085,0.7360067367553711,0.15941256284713745,false_accept
/home/lorenzo/Documenti/GitHub/HandVerify/datasets/processed-handwritten/rimes_processed/train2011-650/batch_7767.png,/home/lorenzo/Documenti/GitHub/HandVerify/datasets/processed-handwritten/rimes_processed/train2011-650/mosaic_001.png,genuine,0.6451533436775208,0.7360067367553711,-0.09085339307785034,false_reject
/home/lorenzo/Documenti/GitHub/HandVerify/datasets/processed-handwritten/rimes_processed/train2011-191/batch_4329.png,/home/lorenzo/Documenti/GitHub/HandVerify/datasets/processed-handwritten/rimes_processed/train2011-565/batch_7174.png,impostor,0.9162277579307556,0.7360067367553711,0.18022102117538452,false_accept
/home/lorenzo/Documenti/GitHub/HandVerify/datasets/processed-handwritten/rimes_processed/train2011-533/mosaic_000.png,/home/lorenzo/Documenti/GitHub/HandVerify/datasets/processed-handwritten/rimes_processed/train2011-928/mosaic_001.png,impostor,0.8582041263580322,0.7360067367553711,0.12219738960266113,false_accept
/home/lorenzo/Documenti/GitHub/HandVerify/datasets/processed-handwritten/rimes_processed/train2011-1294/mosaic_003.png,/home/lorenzo/Documenti/GitHub/HandVerify/datasets/processed-handwritten/rimes_processed/train2011-1294/batch_2634.png,genuine,0.6971753239631653,0.7360067367553711,-0.03883141279220581,false_reject
/home/lorenzo/Documenti/GitHub/HandVerify/datasets/processed-handwritten/rimes_processed/train2011-1212/batch_2083.png,/home/lorenzo/Documenti/GitHub/HandVerify/datasets/processed-handwritten/rimes_processed/train2011-1468/batch_3805.png,impostor,0.7678893804550171,0.7360067367553711,0.031882643699645996,false_accept
/home/lorenzo/Documenti/GitHub/HandVerify/datasets/processed-handwritten/rimes_processed/train2011-142/mosaic_001.png,/home/lorenzo/Documenti/GitHub/HandVerify/datasets/processed-handwritten/rimes_processed/train2011-142/batch_3494.png,genuine,0.5909051299095154,0.7360067367553711,-0.1451016068458557,false_reject
/home/lorenzo/Documenti/GitHub/HandVerify/datasets/processed-handwritten/rimes_processed/train2011-397/batch_5942.png,/home/lorenzo/Documenti/GitHub/HandVerify/datasets/processed-handwritten/rimes_processed/train2011-526/batch_6901.png,impostor,0.9873325824737549,0.7360067367553711,0.2513258457183838,false_accept
/home/lorenzo/Documenti/GitHub/HandVerify/datasets/processed-handwritten/rimes_processed/eval2011-32/batch_175.png,/home/lorenzo/Documenti/GitHub/HandVerify/datasets/processed-handwritten/rimes_processed/train2011-812/batch_8934.png,impostor,0.8938096761703491,0.7360067367553711,0.15780293941497803,false_accept
/home/lorenzo/Documenti/GitHub/HandVerify/datasets/processed-handwritten/rimes_processed/train2011-120/mosaic_000.png,/home/lorenzo/Documenti/GitHub/HandVerify/datasets/processed-handwritten/rimes_processed/train2011-78/batch_8777.png,impostor,0.7634533643722534,0.7360067367553711,0.027446627616882324,false_accept
/home/lorenzo/Documenti/GitHub/HandVerify/datasets/processed-handwritten/rimes_processed/train2011-531/mosaic_000.png,/home/lorenzo/Documenti/GitHub/HandVerify/datasets/processed-handwritten/rimes_processed/train2011-981/batch_9941.png,impostor,0.8575257658958435,0.7360067367553711,0.12151902914047241,false_accept
/home/lorenzo/Documenti/GitHub/HandVerify/datasets/processed-handwritten/rimes_processed/train2011-264/batch_4874.png,/home/lorenzo/Documenti/GitHub/HandVerify/datasets/processed-handwritten/rimes_processed/train2011-836/batch_9077.png,impostor,0.7756666541099548,0.7360067367553711,0.03965991735458374,false_accept
/home/lorenzo/Documenti/GitHub/HandVerify/datasets/processed-handwritten/rimes_processed/train2011-1309/batch_2740.png,/home/lorenzo/Documenti/GitHub/HandVerify/datasets/processed-handwritten/rimes_processed/train2011-261/batch_4863.png,impostor,0.9260101318359375,0.7360067367553711,0.1900033950805664,false_accept
/home/lorenzo/Documenti/GitHub/HandVerify/datasets/processed-handwritten/rimes_processed/train2011-47/batch_6574.png,/home/lorenzo/Documenti/GitHub/HandVerify/datasets/processed-handwritten/rimes_processed/train2011-573/batch_7234.png,impostor,0.9780051112174988,0.7360067367553711,0.24199837446212769,false_accept
/home/lorenzo/Documenti/GitHub/HandVerify/datasets/processed-handwritten/rimes_processed/train2011-1368/batch_3085.png,/home/lorenzo/Documenti/GitHub/HandVerify/datasets/processed-handwritten/rimes_processed/train2011-555/batch_7114.png,impostor,0.8680641055107117,0.7360067367553711,0.13205736875534058,false_accept
/home/lorenzo/Documenti/GitHub/HandVerify/datasets/processed-handwritten/rimes_processed/train2011-1060/batch_1039.png,/home/lorenzo/Documenti/GitHub/HandVerify/datasets/processed-handwritten/rimes_processed/train2011-1325/batch_2857.png,impostor,0.8949306607246399,0.7360067367553711,0.1589239239692688,false_accept
/home/lorenzo/Documenti/GitHub/HandVerify/datasets/processed-handwritten/rimes_processed/train2011-1441/mosaic_001.png,/home/lorenzo/Documenti/GitHub/HandVerify/datasets/processed-handwritten/rimes_processed/train2011-749/batch_8481.png,impostor,0.80784010887146,0.7360067367553711,0.07183337211608887,false_accept
/home/lorenzo/Documenti/GitHub/HandVerify/datasets/processed-handwritten/rimes_processed/train2011-66/batch_7919.png,/home/lorenzo/Documenti/GitHub/HandVerify/datasets/processed-handwritten/rimes_processed/train2011-675/mosaic_001.png,impostor,0.8427529335021973,0.7360067367553711,0.10674619674682617,false_accept
/home/lorenzo/Documenti/GitHub/HandVerify/datasets/processed-handwritten/rimes_processed/train2011-1182/batch_1877.png,/home/lorenzo/Documenti/GitHub/HandVerify/datasets/processed-handwritten/rimes_processed/train2011-369/batch_5733.png,impostor,0.8882610201835632,0.7360067367553711,0.15225428342819214,false_accept
/home/lorenzo/Documenti/GitHub/HandVerify/datasets/processed-handwritten/rimes_processed/train2011-1449/batch_3633.png,/home/lorenzo/Documenti/GitHub/HandVerify/datasets/processed-handwritten/rimes_processed/train2011-966/mosaic_001.png,impostor,0.8131480813026428,0.7360067367553711,0.07714134454727173,false_accept
/home/lorenzo/Documenti/GitHub/HandVerify/datasets/processed-handwritten/rimes_processed/train2011-825/batch_9013.png,/home/lorenzo/Documenti/GitHub/HandVerify/datasets/processed-handwritten/rimes_processed/train2011-964/batch_9824.png,impostor,0.8598330616950989,0.7360067367553711,0.12382632493972778,false_accept
/home/lorenzo/Documenti/GitHub/HandVerify/datasets/processed-handwritten/rimes_processed/train2011-313/batch_5233.png,/home/lorenzo/Documenti/GitHub/HandVerify/datasets/processed-handwritten/rimes_processed/train2011-313/mosaic_002.png,genuine,0.6714444160461426,0.7360067367553711,-0.06456232070922852,false_reject
/home/lorenzo/Documenti/GitHub/HandVerify/datasets/processed-handwritten/rimes_processed/train2011-548/batch_7067.png,/home/lorenzo/Documenti/GitHub/HandVerify/datasets/processed-handwritten/rimes_processed/train2011-813/batch_8941.png,impostor,0.9748414754867554,0.7360067367553711,0.23883473873138428,false_accept
/home/lorenzo/Documenti/GitHub/HandVerify/datasets/processed-handwritten/rimes_processed/train2011-1144/batch_1609.png,/home/lorenzo/Documenti/GitHub/HandVerify/datasets/processed-handwritten/rimes_processed/train2011-1381/batch_3172.png,impostor,0.7368861436843872,0.7360067367553711,0.0008794069290161133,false_accept
/home/lorenzo/Documenti/GitHub/HandVerify/datasets/processed-handwritten/rimes_processed/train2011-1326/batch_2863.png,/home/lorenzo/Documenti/GitHub/HandVerify/datasets/processed-handwritten/rimes_processed/train2011-867/batch_9248.png,impostor,0.9030901193618774,0.7360067367553711,0.16708338260650635,false_accept
/home/lorenzo/Documenti/GitHub/HandVerify/datasets/processed-handwritten/rimes_processed/train2011-369/mosaic_002.png,/home/lorenzo/Documenti/GitHub/HandVerify/datasets/processed-handwritten/rimes_processed/train2011-369/batch_5732.png,genuine,0.5903652310371399,0.7360067367553711,-0.1456415057182312,false_reject
/home/lorenzo/Documenti/GitHub/HandVerify/datasets/processed-handwritten/rimes_processed/train2011-343/batch_5489.png,/home/lorenzo/Documenti/GitHub/HandVerify/datasets/processed-handwritten/rimes_processed/train2011-642/batch_7711.png,impostor,0.9349488019943237,0.7360067367553711,0.19894206523895264,false_accept
/home/lorenzo/Documenti/GitHub/HandVerify/datasets/processed-handwritten/rimes_processed/train2011-1453/batch_3664.png,/home/lorenzo/Documenti/GitHub/HandVerify/datasets/processed-handwritten/rimes_processed/train2011-32/batch_5367.png,impostor,0.8153903484344482,0.7360067367553711,0.07938361167907715,false_accept
/home/lorenzo/Documenti/GitHub/HandVerify/datasets/processed-handwritten/rimes_processed/train2011-696/mosaic_000.png,/home/lorenzo/Documenti/GitHub/HandVerify/datasets/processed-handwritten/rimes_processed/train2011-696/batch_8133.png,genuine,0.6711373925209045,0.7360067367553711,-0.06486934423446655,false_reject
/home/lorenzo/Documenti/GitHub/HandVerify/datasets/processed-handwritten/rimes_processed/train2011-1344/batch_2965.png,/home/lorenzo/Documenti/GitHub/HandVerify/datasets/processed-handwritten/rimes_processed/train2011-334/batch_5407.png,impostor,0.7408897876739502,0.7360067367553711,0.0048830509185791016,false_accept
/home/lorenzo/Documenti/GitHub/HandVerify/datasets/processed-handwritten/rimes_processed/train2011-1427/batch_3474.png,/home/lorenzo/Documenti/GitHub/HandVerify/datasets/processed-handwritten/rimes_processed/train2011-857/batch_9197.png,impostor,0.9363186955451965,0.7360067367553711,0.20031195878982544,false_accept
/home/lorenzo/Documenti/GitHub/HandVerify/datasets/processed-handwritten/rimes_processed/train2011-280/batch_5017.png,/home/lorenzo/Documenti/GitHub/HandVerify/datasets/processed-handwritten/rimes_processed/train2011-280/batch_5013.png,genuine,0.65965336561203,0.7360067367553711,-0.07635337114334106,false_reject
/home/lorenzo/Documenti/GitHub/HandVerify/datasets/processed-handwritten/rimes_processed/train2011-1223/mosaic_000.png,/home/lorenzo/Documenti/GitHub/HandVerify/datasets/processed-handwritten/rimes_processed/train2011-1243/batch_2305.png,impostor,0.7575554251670837,0.7360067367553711,0.021548688411712646,false_accept
/home/lorenzo/Documenti/GitHub/HandVerify/datasets/processed-handwritten/rimes_processed/train2011-1207/batch_2046.png,/home/lorenzo/Documenti/GitHub/HandVerify/datasets/processed-handwritten/rimes_processed/train2011-807/mosaic_001.png,impostor,0.8320373892784119,0.7360067367553711,0.09603065252304077,false_accept
/home/lorenzo/Documenti/GitHub/HandVerify/datasets/processed-handwritten/rimes_processed/train2011-691/mosaic_000.png,/home/lorenzo/Documenti/GitHub/HandVerify/datasets/processed-handwritten/rimes_processed/train2011-988/batch_9983.png,impostor,0.7436997890472412,0.7360067367553711,0.007693052291870117,false_accept
/home/lorenzo/Documenti/GitHub/HandVerify/datasets/processed-handwritten/rimes_processed/train2011-1166/batch_1775.png,/home/lorenzo/Documenti/GitHub/HandVerify/datasets/processed-handwritten/rimes_processed/train2011-562/batch_7165.png,impostor,0.931933581829071,0.7360067367553711,0.19592684507369995,false_accept
/home/lorenzo/Documenti/GitHub/HandVerify/datasets/processed-handwritten/rimes_processed/train2011-1321/batch_2843.png,/home/lorenzo/Documenti/GitHub/HandVerify/datasets/processed-handwritten/rimes_processed/train2011-750/batch_8496.png,impostor,0.7439857125282288,0.7360067367553711,0.007978975772857666,false_accept
/home/lorenzo/Documenti/GitHub/HandVerify/datasets/processed-handwritten/rimes_processed/train2011-1388/mosaic_001.png,/home/lorenzo/Documenti/GitHub/HandVerify/datasets/processed-handwritten/rimes_processed/train2011-456/mosaic_000.png,impostor,0.811674952507019,0.7360067367553711,0.07566821575164795,false_accept
/home/lorenzo/Documenti/GitHub/HandVerify/datasets/processed-handwritten/rimes_processed/train2011-1259/batch_2420.png,/home/lorenzo/Documenti/GitHub/HandVerify/datasets/processed-handwritten/rimes_processed/train2011-373/batch_5767.png,impostor,0.7688382267951965,0.7360067367553711,0.03283149003982544,false_accept
/home/lorenzo/Documenti/GitHub/HandVerify/datasets/processed-handwritten/rimes_processed/eval2011-81/batch_522.png,/home/lorenzo/Documenti/GitHub/HandVerify/datasets/processed-handwritten/rimes_processed/train2011-1187/batch_1902.png,impostor,0.7979747653007507,0.7360067367553711,0.06196802854537964,false_accept
/home/lorenzo/Documenti/GitHub/HandVerify/datasets/processed-handwritten/rimes_processed/train2011-618/batch_7532.png,/home/lorenzo/Documenti/GitHub/HandVerify/datasets/processed-handwritten/rimes_processed/train2011-843/mosaic_000.png,impostor,0.7721154093742371,0.7360067367553711,0.03610867261886597,false_accept
/home/lorenzo/Documenti/GitHub/HandVerify/datasets/processed-handwritten/rimes_processed/train2011-347/batch_5522.png,/home/lorenzo/Documenti/GitHub/HandVerify/datasets/processed-handwritten/rimes_processed/train2011-430/batch_6219.png,impostor,0.9707181453704834,0.7360067367553711,0.2347114086151123,false_accept
/home/lorenzo/Documenti/GitHub/HandVerify/datasets/processed-handwritten/rimes_processed/train2011-1312/batch_2770.png,/home/lorenzo/Documenti/GitHub/HandVerify/datasets/processed-handwritten/rimes_processed/train2011-623/batch_7565.png,impostor,0.8499223589897156,0.7360067367553711,0.11391562223434448,false_accept
/home/lorenzo/Documenti/GitHub/HandVerify/datasets/processed-handwritten/rimes_processed/train2011-1166/batch_1770.png,/home/lorenzo/Documenti/GitHub/HandVerify/datasets/processed-handwritten/rimes_processed/train2011-131/mosaic_002.png,impostor,0.9686142206192017,0.7360067367553711,0.23260748386383057,false_accept
/home/lorenzo/Documenti/GitHub/HandVerify/datasets/processed-handwritten/rimes_processed/train2011-1423/mosaic_000.png,/home/lorenzo/Documenti/GitHub/HandVerify/datasets/processed-handwritten/rimes_processed/train2011-351/batch_5574.png,impostor,0.7994239926338196,0.7360067367553711,0.06341725587844849,false_accept
/home/lorenzo/Documenti/GitHub/HandVerify/datasets/processed-handwritten/rimes_processed/train2011-1231/mosaic_001.png,/home/lorenzo/Documenti/GitHub/HandVerify/datasets/processed-handwritten/rimes_processed/train2011-686/mosaic_002.png,impostor,0.9488463401794434,0.7360067367553711,0.21283960342407227,false_accept
/home/lorenzo/Documenti/GitHub/HandVerify/datasets/processed-handwritten/rimes_processed/train2011-629/mosaic_001.png,/home/lorenzo/Documenti/GitHub/HandVerify/datasets/processed-handwritten/rimes_processed/train2011-995/mosaic_000.png,impostor,0.7587326765060425,0.7360067367553711,0.022725939750671387,false_accept
/home/lorenzo/Documenti/GitHub/HandVerify/datasets/processed-handwritten/rimes_processed/train2011-241/batch_4728.png,/home/lorenzo/Documenti/GitHub/HandVerify/datasets/processed-handwritten/rimes_processed/train2011-519/mosaic_001.png,impostor,0.9106392860412598,0.7360067367553711,0.17463254928588867,false_accept
/home/lorenzo/Documenti/GitHub/HandVerify/datasets/processed-handwritten/rimes_processed/train2011-237/batch_4669.png,/home/lorenzo/Documenti/GitHub/HandVerify/datasets/processed-handwritten/rimes_processed/train2011-719/mosaic_001.png,impostor,0.767360508441925,0.7360067367553711,0.031353771686553955,false_accept
/home/lorenzo/Documenti/GitHub/HandVerify/datasets/processed-handwritten/rimes_processed/train2011-458/batch_6417.png,/home/lorenzo/Documenti/GitHub/HandVerify/datasets/processed-handwritten/rimes_processed/train2011-601/batch_7419.png,impostor,0.7942660450935364,0.7360067367553711,0.05825930833816528,false_accept
/home/lorenzo/Documenti/GitHub/HandVerify/datasets/processed-handwritten/rimes_processed/train2011-768/batch_8623.png,/home/lorenzo/Documenti/GitHub/HandVerify/datasets/processed-handwritten/rimes_processed/train2011-975/mosaic_001.png,impostor,0.7737566232681274,0.7360067367553711,0.03774988651275635,false_accept
/home/lorenzo/Documenti/GitHub/HandVerify/datasets/processed-handwritten/rimes_processed/train2011-470/mosaic_002.png,/home/lorenzo/Documenti/GitHub/HandVerify/datasets/processed-handwritten/rimes_processed/train2011-607/mosaic_000.png,impostor,0.9564485549926758,0.7360067367553711,0.2204418182373047,false_accept
/home/lorenzo/Documenti/GitHub/HandVerify/datasets/processed-handwritten/rimes_processed/train2011-146/batch_3817.png,/home/lorenzo/Documenti/GitHub/HandVerify/datasets/processed-handwritten/rimes_processed/train2011-6/mosaic_002.png,impostor,0.7420388460159302,0.7360067367553711,0.006032109260559082,false_accept
/home/lorenzo/Documenti/GitHub/HandVerify/datasets/processed-handwritten/rimes_processed/train2011-1018/batch_769.png,/home/lorenzo/Documenti/GitHub/HandVerify/datasets/processed-handwritten/rimes_processed/train2011-1084/batch_1185.png,impostor,0.8160079121589661,0.7360067367553711,0.08000117540359497,false_accept
/home/lorenzo/Documenti/GitHub/HandVerify/datasets/processed-handwritten/rimes_processed/eval2011-41/mosaic_000.png,/home/lorenzo/Documenti/GitHub/HandVerify/datasets/processed-handwritten/rimes_processed/train2011-585/batch_7298.png,impostor,0.7667261958122253,0.7360067367553711,0.030719459056854248,false_accept
/home/lorenzo/Documenti/GitHub/HandVerify/datasets/processed-handwritten/rimes_processed/train2011-1262/batch_2442.png,/home/lorenzo/Documenti/GitHub/HandVerify/datasets/processed-handwritten/rimes_processed/train2011-713/batch_8240.png,impostor,0.9066750407218933,0.7360067367553711,0.17066830396652222,false_accept
/home/lorenzo/Documenti/GitHub/HandVerify/datasets/processed-handwritten/rimes_processed/train2011-179/batch_4244.png,/home/lorenzo/Documenti/GitHub/HandVerify/datasets/processed-handwritten/rimes_processed/train2011-892/mosaic_001.png,impostor,0.8794398903846741,0.7360067367553711,0.14343315362930298,false_accept
/home/lorenzo/Documenti/GitHub/HandVerify/datasets/processed-handwritten/rimes_processed/train2011-31/batch_5286.png,/home/lorenzo/Documenti/GitHub/HandVerify/datasets/processed-handwritten/rimes_processed/train2011-905/batch_9490.png,impostor,0.9340600371360779,0.7360067367553711,0.1980533003807068,false_accept
/home/lorenzo/Documenti/GitHub/HandVerify/datasets/processed-handwritten/rimes_processed/eval2011-18/batch_055.png,/home/lorenzo/Documenti/GitHub/HandVerify/datasets/processed-handwritten/rimes_processed/train2011-1497/batch_4022.png,impostor,0.7706838846206665,0.7360067367553711,0.03467714786529541,false_accept
/home/lorenzo/Documenti/GitHub/HandVerify/datasets/processed-handwritten/rimes_processed/train2011-6/batch_8163.png,/home/lorenzo/Documenti/GitHub/HandVerify/datasets/processed-handwritten/rimes_processed/train2011-929/mosaic_000.png,impostor,0.7676929831504822,0.7360067367553711,0.031686246395111084,false_accept
/home/lorenzo/Documenti/GitHub/HandVerify/datasets/processed-handwritten/rimes_processed/train2011-651/mosaic_001.png,/home/lorenzo/Documenti/GitHub/HandVerify/datasets/processed-handwritten/rimes_processed/train2011-766/batch_8617.png,impostor,0.8204825520515442,0.7360067367553711,0.0844758152961731,false_accept
/home/lorenzo/Documenti/GitHub/HandVerify/datasets/processed-handwritten/rimes_processed/train2011-35/batch_5648.png,/home/lorenzo/Documenti/GitHub/HandVerify/datasets/processed-handwritten/rimes_processed/train2011-802/mosaic_001.png,impostor,0.8292728066444397,0.7360067367553711,0.0932660698890686,false_accept
/home/lorenzo/Documenti/GitHub/HandVerify/datasets/processed-handwritten/rimes_processed/train2011-204/batch_4423.png,/home/lorenzo/Documenti/GitHub/HandVerify/datasets/processed-handwritten/rimes_processed/train2011-542/batch_7026.png,impostor,0.9218833446502686,0.7360067367553711,0.18587660789489746,false_accept
/home/lorenzo/Documenti/GitHub/HandVerify/datasets/processed-handwritten/rimes_processed/train2011-1091/batch_1249.png,/home/lorenzo/Documenti/GitHub/HandVerify/datasets/processed-handwritten/rimes_processed/train2011-622/batch_7555.png,impostor,0.9481430649757385,0.7360067367553711,0.21213632822036743,false_accept
/home/lorenzo/Documenti/GitHub/HandVerify/datasets/processed-handwritten/rimes_processed/train2011-639/batch_7676.png,/home/lorenzo/Documenti/GitHub/HandVerify/datasets/processed-handwritten/rimes_processed/train2011-97/mosaic_001.png,impostor,0.8624756932258606,0.7360067367553711,0.1264689564704895,false_accept
/home/lorenzo/Documenti/GitHub/HandVerify/datasets/processed-handwritten/rimes_processed/train2011-621/batch_7549.png,/home/lorenzo/Documenti/GitHub/HandVerify/datasets/processed-handwritten/rimes_processed/train2011-692/batch_8088.png,impostor,0.940272331237793,0.7360067367553711,0.20426559448242188,false_accept
/home/lorenzo/Documenti/GitHub/HandVerify/datasets/processed-handwritten/rimes_processed/train2011-236/batch_4662.png,/home/lorenzo/Documenti/GitHub/HandVerify/datasets/processed-handwritten/rimes_processed/train2011-303/batch_5155.png,impostor,0.9886439442634583,0.7360067367553711,0.25263720750808716,false_accept
/home/lorenzo/Documenti/GitHub/HandVerify/datasets/processed-handwritten/rimes_processed/train2011-131/batch_2825.png,/home/lorenzo/Documenti/GitHub/HandVerify/datasets/processed-handwritten/rimes_processed/train2011-396/mosaic_001.png,impostor,0.8892126083374023,0.7360067367553711,0.15320587158203125,false_accept
/home/lorenzo/Documenti/GitHub/HandVerify/datasets/processed-handwritten/rimes_processed/train2011-339/batch_5439.png,/home/lorenzo/Documenti/GitHub/HandVerify/datasets/processed-handwritten/rimes_processed/train2011-977/batch_9905.png,impostor,0.8580896258354187,0.7360067367553711,0.12208288908004761,false_accept
/home/lorenzo/Documenti/GitHub/HandVerify/datasets/processed-handwritten/rimes_processed/train2011-1236/mosaic_000.png,/home/lorenzo/Documenti/GitHub/HandVerify/datasets/processed-handwritten/rimes_processed/train2011-434/mosaic_002.png,impostor,0.8825185894966125,0.7360067367553711,0.14651185274124146,false_accept
/home/lorenzo/Documenti/GitHub/HandVerify/datasets/processed-handwritten/rimes_processed/train2011-442/batch_6321.png,/home/lorenzo/Documenti/GitHub/HandVerify/datasets/processed-handwritten/rimes_processed/train2011-585/batch_7298.png,impostor,0.9608461856842041,0.7360067367553711,0.224839448928833,false_accept
/home/lorenzo/Documenti/GitHub/HandVerify/datasets/processed-handwritten/rimes_processed/train2011-1329/mosaic_000.png,/home/lorenzo/Documenti/GitHub/HandVerify/datasets/processed-handwritten/rimes_processed/train2011-376/batch_5786.png,impostor,0.8862852454185486,0.7360067367553711,0.1502785086631775,false_accept
/home/lorenzo/Documenti/GitHub/HandVerify/datasets/processed-handwritten/rimes_processed/train2011-243/batch_4747.png,/home/lorenzo/Documenti/GitHub/HandVerify/datasets/processed-handwritten/rimes_processed/train2011-389/batch_5874.png,impostor,0.9271225929260254,0.7360067367553711,0.1911158561706543,false_accept
/home/lorenzo/Documenti/GitHub/HandVerify/datasets/processed-handwritten/rimes_processed/train2011-307/batch_5192.png,/home/lorenzo/Documenti/GitHub/HandVerify/datasets/processed-handwritten/rimes_processed/train2011-63/batch_7696.png,impostor,0.828076183795929,0.7360067367553711,0.09206944704055786,false_accept
/home/lorenzo/Documenti/GitHub/HandVerify/datasets/processed-handwritten/rimes_processed/train2011-438/mosaic_000.png,/home/lorenzo/Documenti/GitHub/HandVerify/datasets/processed-handwritten/rimes_processed/train2011-519/mosaic_000.png,impostor,0.927386999130249,0.7360067367553711,0.19138026237487793,false_accept
/home/lorenzo/Documenti/GitHub/HandVerify/datasets/processed-handwritten/rimes_processed/train2011-130/batch_2750.png,/home/lorenzo/Documenti/GitHub/HandVerify/datasets/processed-handwritten/rimes_processed/train2011-235/batch_4658.png,impostor,0.8303306698799133,0.7360067367553711,0.09432393312454224,false_accept
/home/lorenzo/Documenti/GitHub/HandVerify/datasets/processed-handwritten/rimes_processed/train2011-1231/batch_2217.png,/home/lorenzo/Documenti/GitHub/HandVerify/datasets/processed-handwritten/rimes_processed/train2011-52/batch_6940.png,impostor,0.9171321988105774,0.7360067367553711,0.1811254620552063,false_accept
/home/lorenzo/Documenti/GitHub/HandVerify/datasets/processed-handwritten/rimes_processed/train2011-252/batch_4809.png,/home/lorenzo/Documenti/GitHub/HandVerify/datasets/processed-handwritten/rimes_processed/train2011-252/mosaic_000.png,genuine,0.42210662364959717,0.7360067367553711,-0.3139001131057739,false_reject
/home/lorenzo/Documenti/GitHub/HandVerify/datasets/processed-handwritten/rimes_processed/train2011-640/mosaic_001.png,/home/lorenzo/Documenti/GitHub/HandVerify/datasets/processed-handwritten/rimes_processed/train2011-640/batch_7702.png,genuine,0.5636425614356995,0.7360067367553711,-0.17236417531967163,false_reject
/home/lorenzo/Documenti/GitHub/HandVerify/datasets/processed-handwritten/rimes_processed/train2011-1457/batch_3698.png,/home/lorenzo/Documenti/GitHub/HandVerify/datasets/processed-handwritten/rimes_processed/train2011-70/batch_8217.png,impostor,0.8750876784324646,0.7360067367553711,0.1390809416770935,false_accept
/home/lorenzo/Documenti/GitHub/HandVerify/datasets/processed-handwritten/rimes_processed/eval2011-74/batch_469.png,/home/lorenzo/Documenti/GitHub/HandVerify/datasets/processed-handwritten/rimes_processed/train2011-180/mosaic_002.png,impostor,0.7742322683334351,0.7360067367553711,0.038225531578063965,false_accept
/home/lorenzo/Documenti/GitHub/HandVerify/datasets/processed-handwritten/rimes_processed/train2011-1110/mosaic_001.png,/home/lorenzo/Documenti/GitHub/HandVerify/datasets/processed-handwritten/rimes_processed/train2011-1316/batch_2803.png,impostor,0.7849697470664978,0.7360067367553711,0.04896301031112671,false_accept
/home/lorenzo/Documenti/GitHub/HandVerify/datasets/processed-handwritten/rimes_processed/train2011-448/batch_6358.png,/home/lorenzo/Documenti/GitHub/HandVerify/datasets/processed-handwritten/rimes_processed/train2011-770/batch_8642.png,impostor,0.7699487805366516,0.7360067367553711,0.03394204378128052,false_accept
/home/lorenzo/Documenti/GitHub/HandVerify/datasets/processed-handwritten/rimes_processed/train2011-323/batch_5315.png,/home/lorenzo/Documenti/GitHub/HandVerify/datasets/processed-handwritten/rimes_processed/train2011-895/mosaic_001.png,impostor,0.7757748961448669,0.7360067367553711,0.03976815938949585,false_accept
/home/lorenzo/Documenti/GitHub/HandVerify/datasets/processed-handwritten/rimes_processed/eval2011-50/batch_315.png,/home/lorenzo/Documenti/GitHub/HandVerify/datasets/processed-handwritten/rimes_processed/train2011-83/batch_9088.png,impostor,0.7547498345375061,0.7360067367553711,0.01874309778213501,false_accept
/home/lorenzo/Documenti/GitHub/HandVerify/datasets/processed-handwritten/rimes_processed/train2011-1354/batch_3010.png,/home/lorenzo/Documenti/GitHub/HandVerify/datasets/processed-handwritten/rimes_processed/train2011-232/batch_4632.png,impostor,0.8282438516616821,0.7360067367553711,0.09223711490631104,false_accept
/home/lorenzo/Documenti/GitHub/HandVerify/datasets/processed-handwritten/rimes_processed/eval2011-56/batch_341.png,/home/lorenzo/Documenti/GitHub/HandVerify/datasets/processed-handwritten/rimes_processed/train2011-1215/batch_2104.png,impostor,0.9292111992835999,0.7360067367553711,0.19320446252822876,false_accept
/home/lorenzo/Documenti/GitHub/HandVerify/datasets/processed-handwritten/rimes_processed/train2011-1119/batch_1443.png,/home/lorenzo/Documenti/GitHub/HandVerify/datasets/processed-handwritten/rimes_processed/train2011-1377/mosaic_002.png,impostor,0.9323928356170654,0.7360067367553711,0.19638609886169434,false_accept
/home/lorenzo/Documenti/GitHub/HandVerify/datasets/processed-handwritten/rimes_processed/train2011-129/batch_2667.png,/home/lorenzo/Documenti/GitHub/HandVerify/datasets/processed-handwritten/rimes_processed/train2011-683/batch_8020.png,impostor,0.9087340235710144,0.7360067367553711,0.1727272868156433,false_accept
/home/lorenzo/Documenti/GitHub/HandVerify/datasets/processed-handwritten/rimes_processed/train2011-271/batch_4928.png,/home/lorenzo/Documenti/GitHub/HandVerify/datasets/processed-handwritten/rimes_processed/train2011-32/batch_5371.png,impostor,0.9321284890174866,0.7360067367553711,0.19612175226211548,false_accept
/home/lorenzo/Documenti/GitHub/HandVerify/datasets/processed-handwritten/rimes_processed/train2011-105/batch_1033.png,/home/lorenzo/Documenti/GitHub/HandVerify/datasets/processed-handwritten/rimes_processed/train2011-588/batch_7318.png,impostor,0.7886343598365784,0.7360067367553711,0.052627623081207275,false_accept
/home/lorenzo/Documenti/GitHub/HandVerify/datasets/processed-handwritten/rimes_processed/train2011-1464/mosaic_000.png,/home/lorenzo/Documenti/GitHub/HandVerify/datasets/processed-handwritten/rimes_processed/train2011-967/batch_9841.png,impostor,0.7932543158531189,0.7360067367553711,0.0572475790977478,false_accept
/home/lorenzo/Documenti/GitHub/HandVerify/datasets/processed-handwritten/rimes_processed/train2011-261/mosaic_000.png,/home/lorenzo/Documenti/GitHub/HandVerify/datasets/processed-handwritten/rimes_processed/train2011-261/batch_4862.png,genuine,0.7082879543304443,0.7360067367553711,-0.027718782424926758,false_reject
/home/lorenzo/Documenti/GitHub/HandVerify/datasets/processed-handwritten/rimes_processed/train2011-1495/batch_4001.png,/home/lorenzo/Documenti/GitHub/HandVerify/datasets/processed-handwritten/rimes_processed/train2011-979/mosaic_000.png,impostor,0.7451895475387573,0.7360067367553711,0.00918281078338623,false_accept
/home/lorenzo/Documenti/GitHub/HandVerify/datasets/processed-handwritten/rimes_processed/train2011-80/batch_8920.png,/home/lorenzo/Documenti/GitHub/HandVerify/datasets/processed-handwritten/rimes_processed/train2011-911/batch_9524.png,impostor,0.8964757919311523,0.7360067367553711,0.16046905517578125,false_accept
/home/lorenzo/Documenti/GitHub/HandVerify/datasets/processed-handwritten/rimes_processed/train2011-1118/mosaic_000.png,/home/lorenzo/Documenti/GitHub/HandVerify/datasets/processed-handwritten/rimes_processed/train2011-744/mosaic_000.png,impostor,0.9673624038696289,0.7360067367553711,0.2313556671142578,false_accept
/home/lorenzo/Documenti/GitHub/HandVerify/datasets/processed-handwritten/rimes_processed/train2011-1010/batch_712.png,/home/lorenzo/Documenti/GitHub/HandVerify/datasets/processed-handwritten/rimes_processed/train2011-1011/batch_722.png,impostor,0.9340871572494507,0.7360067367553711,0.1980804204940796,false_accept
/home/lorenzo/Documenti/GitHub/HandVerify/datasets/processed-handwritten/rimes_processed/train2011-123/batch_2266.png,/home/lorenzo/Documenti/GitHub/HandVerify/datasets/processed-handwritten/rimes_processed/train2011-347/batch_5530.png,impostor,0.8833059668540955,0.7360067367553711,0.14729923009872437,false_accept
/home/lorenzo/Documenti/GitHub/HandVerify/datasets/processed-handwritten/rimes_processed/train2011-1458/batch_3704.png,/home/lorenzo/Documenti/GitHub/HandVerify/datasets/processed-handwritten/rimes_processed/train2011-44/batch_6374.png,impostor,0.8942246437072754,0.7360067367553711,0.1582179069519043,false_accept
/home/lorenzo/Documenti/GitHub/HandVerify/datasets/processed-handwritten/rimes_processed/train2011-459/batch_6420.png,/home/lorenzo/Documenti/GitHub/HandVerify/datasets/processed-handwritten/rimes_processed/train2011-611/batch_7491.png,impostor,0.9360195398330688,0.7360067367553711,0.20001280307769775,false_accept
/home/lorenzo/Documenti/GitHub/HandVerify/datasets/processed-handwritten/rimes_processed/train2011-1342/batch_2954.png,/home/lorenzo/Documenti/GitHub/HandVerify/datasets/processed-handwritten/rimes_processed/train2011-1342/mosaic_000.png,genuine,0.7310633063316345,0.7360067367553711,-0.004943430423736572,false_reject
/home/lorenzo/Documenti/GitHub/HandVerify/datasets/processed-handwritten/rimes_processed/train2011-1369/batch_3089.png,/home/lorenzo/Documenti/GitHub/HandVerify/datasets/processed-handwritten/rimes_processed/train2011-734/batch_8374.png,impostor,0.9617062211036682,0.7360067367553711,0.22569948434829712,false_accept
/home/lorenzo/Documenti/GitHub/HandVerify/datasets/processed-handwritten/rimes_processed/train2011-672/batch_7945.png,/home/lorenzo/Documenti/GitHub/HandVerify/datasets/processed-handwritten/rimes_processed/train2011-774/batch_8664.png,impostor,0.8426081538200378,0.7360067367553711,0.10660141706466675,false_accept
/home/lorenzo/Documenti/GitHub/HandVerify/datasets/processed-handwritten/rimes_processed/train2011-1097/mosaic_001.png,/home/lorenzo/Documenti/GitHub/HandVerify/datasets/processed-handwritten/rimes_processed/train2011-1097/batch_1290.png,genuine,0.7164496183395386,0.7360067367553711,-0.01955711841583252,false_reject
/home/lorenzo/Documenti/GitHub/HandVerify/datasets/processed-handwritten/rimes_processed/train2011-386/batch_5857.png,/home/lorenzo/Documenti/GitHub/HandVerify/datasets/processed-handwritten/rimes_processed/train2011-563/batch_7169.png,impostor,0.7798982858657837,0.7360067367553711,0.0438915491104126,false_accept
/home/lorenzo/Documenti/GitHub/HandVerify/datasets/processed-handwritten/rimes_processed/train2011-1058/mosaic_000.png,/home/lorenzo/Documenti/GitHub/HandVerify/datasets/processed-handwritten/rimes_processed/train2011-570/batch_7211.png,impostor,0.8697658181190491,0.7360067367553711,0.13375908136367798,false_accept
/home/lorenzo/Documenti/GitHub/HandVerify/datasets/processed-handwritten/rimes_processed/train2011-148/mosaic_001.png,/home/lorenzo/Documenti/GitHub/HandVerify/datasets/processed-handwritten/rimes_processed/train2011-910/batch_9520.png,impostor,0.8165140151977539,0.7360067367553711,0.08050727844238281,false_accept
/home/lorenzo/Documenti/GitHub/HandVerify/datasets/processed-handwritten/rimes_processed/train2011-1481/batch_3910.png,/home/lorenzo/Documenti/GitHub/HandVerify/datasets/processed-handwritten/rimes_processed/train2011-359/batch_5638.png,impostor,0.8365373015403748,0.7360067367553711,0.10053056478500366,false_accept
/home/lorenzo/Documenti/GitHub/HandVerify/datasets/processed-handwritten/rimes_processed/train2011-1283/mosaic_000.png,/home/lorenzo/Documenti/GitHub/HandVerify/datasets/processed-handwritten/rimes_processed/train2011-139/mosaic_001.png,impostor,0.9604271650314331,0.7360067367553711,0.224420428276062,false_accept
/home/lorenzo/Documenti/GitHub/HandVerify/datasets/processed-handwritten/rimes_processed/train2011-1316/batch_2795.png,/home/lorenzo/Documenti/GitHub/HandVerify/datasets/processed-handwritten/rimes_processed/train2011-1316/batch_2803.png,genuine,0.7199923396110535,0.7360067367553711,-0.016014397144317627,false_reject
/home/lorenzo/Documenti/GitHub/HandVerify/datasets/processed-handwritten/rimes_processed/eval2011-44/batch_259.png,/home/lorenzo/Documenti/GitHub/HandVerify/datasets/processed-handwritten/rimes_processed/train2011-354/batch_5590.png,impostor,0.7504627108573914,0.7360067367553711,0.014455974102020264,false_accept
/home/lorenzo/Documenti/GitHub/HandVerify/datasets/processed-handwritten/rimes_processed/eval2011-52/batch_326.png,/home/lorenzo/Documenti/GitHub/HandVerify/datasets/processed-handwritten/rimes_processed/train2011-425/mosaic_000.png,impostor,0.8938359618186951,0.7360067367553711,0.15782922506332397,false_accept
/home/lorenzo/Documenti/GitHub/HandVerify/datasets/processed-handwritten/rimes_processed/train2011-1449/batch_3639.png,/home/lorenzo/Documenti/GitHub/HandVerify/datasets/processed-handwritten/rimes_processed/train2011-489/mosaic_000.png,impostor,0.7522514462471008,0.7360067367553711,0.016244709491729736,false_accept
/home/lorenzo/Documenti/GitHub/HandVerify/datasets/processed-handwritten/rimes_processed/train2011-496/batch_6703.png,/home/lorenzo/Documenti/GitHub/HandVerify/datasets/processed-handwritten/rimes_processed/train2011-510/batch_6811.png,impostor,0.8539602756500244,0.7360067367553711,0.11795353889465332,false_accept
/home/lorenzo/Documenti/GitHub/HandVerify/datasets/processed-handwritten/rimes_processed/eval2011-61/batch_377.png,/home/lorenzo/Documenti/GitHub/HandVerify/datasets/processed-handwritten/rimes_processed/train2011-303/batch_5155.png,impostor,0.9442776441574097,0.7360067367553711,0.20827090740203857,false_accept
/home/lorenzo/Documenti/GitHub/HandVerify/datasets/processed-handwritten/rimes_processed/train2011-1224/batch_2174.png,/home/lorenzo/Documenti/GitHub/HandVerify/datasets/processed-handwritten/rimes_processed/train2011-1287/batch_2585.png,impostor,0.8581629395484924,0.7360067367553711,0.12215620279312134,false_accept
/home/lorenzo/Documenti/GitHub/HandVerify/datasets/processed-handwritten/rimes_processed/train2011-1069/batch_1100.png,/home/lorenzo/Documenti/GitHub/HandVerify/datasets/processed-handwritten/rimes_processed/train2011-1069/mosaic_002.png,genuine,0.6746184825897217,0.7360067367553711,-0.061388254165649414,false_reject
/home/lorenzo/Documenti/GitHub/HandVerify/datasets/processed-handwritten/rimes_processed/train2011-213/batch_4485.png,/home/lorenzo/Documenti/GitHub/HandVerify/datasets/processed-handwritten/rimes_processed/train2011-973/batch_9878.png,impostor,0.9361085891723633,0.7360067367553711,0.2001018524169922,false_accept
/home/lorenzo/Documenti/GitHub/HandVerify/datasets/processed-handwritten/rimes_processed/train2011-512/batch_6827.png,/home/lorenzo/Documenti/GitHub/HandVerify/datasets/processed-handwritten/rimes_processed/train2011-512/mosaic_000.png,genuine,0.47799819707870483,0.7360067367553711,-0.25800853967666626,false_reject
/home/lorenzo/Documenti/GitHub/HandVerify/datasets/processed-handwritten/rimes_processed/train2011-1244/batch_2314.png,/home/lorenzo/Documenti/GitHub/HandVerify/datasets/processed-handwritten/rimes_processed/train2011-373/batch_5767.png,impostor,0.956424355506897,0.7360067367553711,0.22041761875152588,false_accept
/home/lorenzo/Documenti/GitHub/HandVerify/datasets/processed-handwritten/rimes_processed/train2011-108/batch_1231.png,/home/lorenzo/Documenti/GitHub/HandVerify/datasets/processed-handwritten/rimes_processed/train2011-1393/batch_3252.png,impostor,0.8889366388320923,0.7360067367553711,0.1529299020767212,false_accept
/home/lorenzo/Documenti/GitHub/HandVerify/datasets/processed-handwritten/rimes_processed/train2011-157/mosaic_001.png,/home/lorenzo/Documenti/GitHub/HandVerify/datasets/processed-handwritten/rimes_processed/train2011-403/batch_6011.png,impostor,0.7960986495018005,0.7360067367553711,0.06009191274642944,false_accept
/home/lorenzo/Documenti/GitHub/HandVerify/datasets/processed-handwritten/rimes_processed/train2011-1221/batch_2156.png,/home/lorenzo/Documenti/GitHub/HandVerify/datasets/processed-handwritten/rimes_processed/train2011-1266/batch_2462.png,impostor,0.7910275459289551,0.7360067367553711,0.055020809173583984,false_accept
/home/lorenzo/Documenti/GitHub/HandVerify/datasets/processed-handwritten/rimes_processed/train2011-30/batch_5211.png,/home/lorenzo/Documenti/GitHub/HandVerify/datasets/processed-handwritten/rimes_processed/train2011-326/batch_5334.png,impostor,0.8308613300323486,0.7360067367553711,0.09485459327697754,false_accept
/home/lorenzo/Documenti/GitHub/HandVerify/datasets/processed-handwritten/rimes_processed/train2011-372/batch_5758.png,/home/lorenzo/Documenti/GitHub/HandVerify/datasets/processed-handwritten/rimes_processed/train2011-910/mosaic_001.png,impostor,0.8030776381492615,0.7360067367553711,0.06707090139389038,false_accept
/home/lorenzo/Documenti/GitHub/HandVerify/datasets/processed-handwritten/rimes_processed/train2011-1119/batch_1448.png,/home/lorenzo/Documenti/GitHub/HandVerify/datasets/processed-handwritten/rimes_processed/train2011-999/batch_10053.png,impostor,0.8676069378852844,0.7360067367553711,0.13160020112991333,false_accept
/home/lorenzo/Documenti/GitHub/HandVerify/datasets/processed-handwritten/rimes_processed/train2011-1104/mosaic_001.png,/home/lorenzo/Documenti/GitHub/HandVerify/datasets/processed-handwritten/rimes_processed/train2011-288/batch_5050.png,impostor,0.9101990461349487,0.7360067367553711,0.17419230937957764,false_accept
/home/lorenzo/Documenti/GitHub/HandVerify/datasets/processed-handwritten/rimes_processed/train2011-742/batch_8427.png,/home/lorenzo/Documenti/GitHub/HandVerify/datasets/processed-handwritten/rimes_processed/train2011-742/batch_8431.png,genuine,0.4557339549064636,0.7360067367553711,-0.28027278184890747,false_reject
/home/lorenzo/Documenti/GitHub/HandVerify/datasets/processed-handwritten/rimes_processed/train2011-106/mosaic_001.png,/home/lorenzo/Documenti/GitHub/HandVerify/datasets/processed-handwritten/rimes_processed/train2011-350/batch_5558.png,impostor,0.7667766809463501,0.7360067367553711,0.030769944190979004,false_accept
/home/lorenzo/Documenti/GitHub/HandVerify/datasets/processed-handwritten/rimes_processed/train2011-109/batch_1314.png,/home/lorenzo/Documenti/GitHub/HandVerify/datasets/processed-handwritten/rimes_processed/train2011-1498/mosaic_002.png,impostor,0.7491034269332886,0.7360067367553711,0.01309669017791748,false_accept
/home/lorenzo/Documenti/GitHub/HandVerify/datasets/processed-handwritten/rimes_processed/eval2011-43/batch_253.png,/home/lorenzo/Documenti/GitHub/HandVerify/datasets/processed-handwritten/rimes_processed/train2011-1211/batch_2081.png,impostor,0.7454043626785278,0.7360067367553711,0.009397625923156738,false_accept
/home/lorenzo/Documenti/GitHub/HandVerify/datasets/processed-handwritten/rimes_processed/train2011-553/batch_7103.png,/home/lorenzo/Documenti/GitHub/HandVerify/datasets/processed-handwritten/rimes_processed/train2011-921/batch_9580.png,impostor,0.8271183371543884,0.7360067367553711,0.09111160039901733,false_accept
/home/lorenzo/Documenti/GitHub/HandVerify/datasets/processed-handwritten/rimes_processed/train2011-82/batch_9039.png,/home/lorenzo/Documenti/GitHub/HandVerify/datasets/processed-handwritten/rimes_processed/train2011-99/batch_10061.png,impostor,0.9670886397361755,0.7360067367553711,0.23108190298080444,false_accept
/home/lorenzo/Documenti/GitHub/HandVerify/datasets/processed-handwritten/rimes_processed/train2011-1196/batch_1982.png,/home/lorenzo/Documenti/GitHub/HandVerify/datasets/processed-handwritten/rimes_processed/train2011-97/batch_9929.png,impostor,0.9129637479782104,0.7360067367553711,0.17695701122283936,false_accept
/home/lorenzo/Documenti/GitHub/HandVerify/datasets/processed-handwritten/rimes_processed/train2011-1285/batch_2573.png,/home/lorenzo/Documenti/GitHub/HandVerify/datasets/processed-handwritten/rimes_processed/train2011-431/batch_6232.png,impostor,0.8583778142929077,0.7360067367553711,0.12237107753753662,false_accept
/home/lorenzo/Documenti/GitHub/HandVerify/datasets/processed-handwritten/rimes_processed/train2011-382/batch_5832.png,/home/lorenzo/Documenti/GitHub/HandVerify/datasets/processed-handwritten/rimes_processed/train2011-664/batch_7877.png,impostor,0.7874677181243896,0.7360067367553711,0.051460981369018555,false_accept
/home/lorenzo/Documenti/GitHub/HandVerify/datasets/processed-handwritten/rimes_processed/train2011-1425/batch_3462.png,/home/lorenzo/Documenti/GitHub/HandVerify/datasets/processed-handwritten/rimes_processed/train2011-799/batch_8842.png,impostor,0.9085608720779419,0.7360067367553711,0.1725541353225708,false_accept
/home/lorenzo/Documenti/GitHub/HandVerify/datasets/processed-handwritten/rimes_processed/train2011-1467/batch_3788.png,/home/lorenzo/Documenti/GitHub/HandVerify/datasets/processed-handwritten/rimes_processed/train2011-767/batch_8620.png,impostor,0.8475522994995117,0.7360067367553711,0.11154556274414062,false_accept
/home/lorenzo/Documenti/GitHub/HandVerify/datasets/processed-handwritten/rimes_processed/train2011-1060/batch_1039.png,/home/lorenzo/Documenti/GitHub/HandVerify/datasets/processed-handwritten/rimes_processed/train2011-275/batch_4961.png,impostor,0.873732328414917,0.7360067367553711,0.1377255916595459,false_accept
/home/lorenzo/Documenti/GitHub/HandVerify/datasets/processed-handwritten/rimes_processed/train2011-615/batch_7516.png,/home/lorenzo/Documenti/GitHub/HandVerify/datasets/processed-handwritten/rimes_processed/train2011-647/batch_7748.png,impostor,0.7979986071586609,0.7360067367553711,0.061991870403289795,false_accept
/home/lorenzo/Documenti/GitHub/HandVerify/datasets/processed-handwritten/rimes_processed/train2011-1033/batch_869.png,/home/lorenzo/Documenti/GitHub/HandVerify/datasets/processed-handwritten/rimes_processed/train2011-315/batch_5250.png,impostor,0.933117151260376,0.7360067367553711,0.19711041450500488,false_accept
/home/lorenzo/Documenti/GitHub/HandVerify/datasets/processed-handwritten/rimes_processed/eval2011-18/batch_055.png,/home/lorenzo/Documenti/GitHub/HandVerify/datasets/processed-handwritten/rimes_processed/train2011-1306/mosaic_000.png,impostor,0.8630486130714417,0.7360067367553711,0.12704187631607056,false_accept
/home/lorenzo/Documenti/GitHub/HandVerify/datasets/processed-handwritten/rimes_processed/train2011-737/batch_8391.png,/home/lorenzo/Documenti/GitHub/HandVerify/datasets/processed-handwritten/rimes_processed/train2011-933/batch_9645.png,impostor,0.9227790832519531,0.7360067367553711,0.18677234649658203,false_accept
/home/lorenzo/Documenti/GitHub/HandVerify/datasets/processed-handwritten/rimes_processed/train2011-1195/batch_1980.png,/home/lorenzo/Documenti/GitHub/HandVerify/datasets/processed-handwritten/rimes_processed/train2011-175/batch_4207.png,impostor,0.964148223400116,0.7360067367553711,0.22814148664474487,false_accept
/home/lorenzo/Documenti/GitHub/HandVerify/datasets/processed-handwritten/rimes_processed/train2011-138/batch_3235.png,/home/lorenzo/Documenti/GitHub/HandVerify/datasets/processed-handwritten/rimes_processed/train2011-530/batch_6948.png,impostor,0.9813681244850159,0.7360067367553711,0.24536138772964478,false_accept
/home/lorenzo/Documenti/GitHub/HandVerify/datasets/processed-handwritten/rimes_processed/train2011-324/mosaic_000.png,/home/lorenzo/Documenti/GitHub/HandVerify/datasets/processed-handwritten/rimes_processed/train2011-717/batch_8258.png,impostor,0.8742685317993164,0.7360067367553711,0.1382617950439453,false_accept
/home/lorenzo/Documenti/GitHub/HandVerify/datasets/processed-handwritten/rimes_processed/train2011-412/batch_6086.png,/home/lorenzo/Documenti/GitHub/HandVerify/datasets/processed-handwritten/rimes_processed/train2011-879/batch_9322.png,impostor,0.9629446268081665,0.7360067367553711,0.2269378900527954,false_accept
/home/lorenzo/Documenti/GitHub/HandVerify/datasets/processed-handwritten/rimes_processed/train2011-1073/batch_1124.png,/home/lorenzo/Documenti/GitHub/HandVerify/datasets/processed-handwritten/rimes_processed/train2011-1465/batch_3779.png,impostor,0.8007381558418274,0.7360067367553711,0.0647314190864563,false_accept
/home/lorenzo/Documenti/GitHub/HandVerify/datasets/processed-handwritten/rimes_processed/train2011-147/batch_3899.png,/home/lorenzo/Documenti/GitHub/HandVerify/datasets/processed-handwritten/rimes_processed/train2011-201/batch_4403.png,impostor,0.7442067265510559,0.7360067367553711,0.008199989795684814,false_accept
/home/lorenzo/Documenti/GitHub/HandVerify/datasets/processed-handwritten/rimes_processed/train2011-408/batch_6045.png,/home/lorenzo/Documenti/GitHub/HandVerify/datasets/processed-handwritten/rimes_processed/train2011-745/batch_8451.png,impostor,0.9251327514648438,0.7360067367553711,0.18912601470947266,false_accept
/home/lorenzo/Documenti/GitHub/HandVerify/datasets/processed-handwritten/rimes_processed/train2011-1021/batch_798.png,/home/lorenzo/Documenti/GitHub/HandVerify/datasets/processed-handwritten/rimes_processed/train2011-1465/batch_3770.png,impostor,0.8542068004608154,0.7360067367553711,0.11820006370544434,false_accept
/home/lorenzo/Documenti/GitHub/HandVerify/datasets/processed-handwritten/rimes_processed/eval2011-19/batch_061.png,/home/lorenzo/Documenti/GitHub/HandVerify/datasets/processed-handwritten/rimes_processed/train2011-140/batch_3349.png,impostor,0.8667656779289246,0.7360067367553711,0.13075894117355347,false_accept
/home/lorenzo/Documenti/GitHub/HandVerify/datasets/processed-handwritten/rimes_processed/train2011-1464/batch_3765.png,/home/lorenzo/Documenti/GitHub/HandVerify/datasets/processed-handwritten/rimes_processed/train2011-551/batch_7087.png,impostor,0.904012143611908,0.7360067367553711,0.16800540685653687,false_accept
/home/lorenzo/Documenti/GitHub/HandVerify/datasets/processed-handwritten/rimes_processed/train2011-358/batch_5630.png,/home/lorenzo/Documenti/GitHub/HandVerify/datasets/processed-handwritten/rimes_processed/train2011-6/batch_8160.png,impostor,0.9738073945045471,0.7360067367553711,0.23780065774917603,false_accept
/home/lorenzo/Documenti/GitHub/HandVerify/datasets/processed-handwritten/rimes_processed/train2011-171/batch_4182.png,/home/lorenzo/Documenti/GitHub/HandVerify/datasets/processed-handwritten/rimes_processed/train2011-334/batch_5408.png,impostor,0.956986665725708,0.7360067367553711,0.22097992897033691,false_accept
/home/lorenzo/Documenti/GitHub/HandVerify/datasets/processed-handwritten/rimes_processed/train2011-1036/batch_884.png,/home/lorenzo/Documenti/GitHub/HandVerify/datasets/processed-handwritten/rimes_processed/train2011-851/batch_9162.png,impostor,0.8230676651000977,0.7360067367553711,0.08706092834472656,false_accept
/home/lorenzo/Documenti/GitHub/HandVerify/datasets/processed-handwritten/rimes_processed/train2011-357/batch_5620.png,/home/lorenzo/Documenti/GitHub/HandVerify/datasets/processed-handwritten/rimes_processed/train2011-357/batch_5616.png,genuine,0.0628104880452156,0.7360067367553711,-0.6731962487101555,false_reject
/home/lorenzo/Documenti/GitHub/HandVerify/datasets/processed-handwritten/rimes_processed/eval2011-81/batch_525.png,/home/lorenzo/Documenti/GitHub/HandVerify/datasets/processed-handwritten/rimes_processed/train2011-1470/batch_3825.png,impostor,0.9072157740592957,0.7360067367553711,0.17120903730392456,false_accept
/home/lorenzo/Documenti/GitHub/HandVerify/datasets/processed-handwritten/rimes_processed/train2011-1412/batch_3376.png,/home/lorenzo/Documenti/GitHub/HandVerify/datasets/processed-handwritten/rimes_processed/train2011-1412/batch_3377.png,genuine,0.7348922491073608,0.7360067367553711,-0.001114487648010254,false_reject
/home/lorenzo/Documenti/GitHub/HandVerify/datasets/processed-handwritten/rimes_processed/train2011-1042/mosaic_000.png,/home/lorenzo/Documenti/GitHub/HandVerify/datasets/processed-handwritten/rimes_processed/train2011-145/batch_3715.png,impostor,0.7897831201553345,0.7360067367553711,0.05377638339996338,false_accept
/home/lorenzo/Documenti/GitHub/HandVerify/datasets/processed-handwritten/rimes_processed/train2011-383/batch_5842.png,/home/lorenzo/Documenti/GitHub/HandVerify/datasets/processed-handwritten/rimes_processed/train2011-386/batch_5855.png,impostor,0.9237362146377563,0.7360067367553711,0.18772947788238525,false_accept
/home/lorenzo/Documenti/GitHub/HandVerify/datasets/processed-handwritten/rimes_processed/eval2011-29/batch_146.png,/home/lorenzo/Documenti/GitHub/HandVerify/datasets/processed-handwritten/rimes_processed/train2011-659/mosaic_003.png,impostor,0.8003746271133423,0.7360067367553711,0.06436789035797119,false_accept
/home/lorenzo/Documenti/GitHub/HandVerify/datasets/processed-handwritten/rimes_processed/train2011-1090/batch_1241.png,/home/lorenzo/Documenti/GitHub/HandVerify/datasets/processed-handwritten/rimes_processed/train2011-287/batch_5045.png,impostor,0.9705431461334229,0.7360067367553711,0.23453640937805176,false_accept
/home/lorenzo/Documenti/GitHub/HandVerify/datasets/processed-handwritten/rimes_processed/train2011-1/mosaic_002.png,/home/lorenzo/Documenti/GitHub/HandVerify/datasets/processed-handwritten/rimes_processed/train2011-1/batch_4388.png,genuine,0.7275519967079163,0.7360067367553711,-0.008454740047454834,false_reject
/home/lorenzo/Documenti/GitHub/HandVerify/datasets/processed-handwritten/rimes_processed/train2011-945/batch_9725.png,/home/lorenzo/Documenti/GitHub/HandVerify/datasets/processed-handwritten/rimes_processed/train2011-945/batch_9720.png,genuine,0.6680960655212402,0.7360067367553711,-0.06791067123413086,false_reject
/home/lorenzo/Documenti/GitHub/HandVerify/datasets/processed-handwritten/rimes_processed/train2011-1146/batch_1619.png,/home/lorenzo/Documenti/GitHub/HandVerify/datasets/processed-handwritten/rimes_processed/train2011-358/mosaic_000.png,impostor,0.8209153413772583,0.7360067367553711,0.08490860462188721,false_accept
/home/lorenzo/Documenti/GitHub/HandVerify/datasets/processed-handwritten/rimes_processed/train2011-372/mosaic_000.png,/home/lorenzo/Documenti/GitHub/HandVerify/datasets/processed-handwritten/rimes_processed/train2011-945/mosaic_001.png,impostor,0.7963869571685791,0.7360067367553711,0.06038022041320801,false_accept
/home/lorenzo/Documenti/GitHub/HandVerify/datasets/processed-handwritten/rimes_processed/train2011-1314/batch_2783.png,/home/lorenzo/Documenti/GitHub/HandVerify/datasets/processed-handwritten/rimes_processed/train2011-571/mosaic_001.png,impostor,0.7666774988174438,0.7360067367553711,0.030670762062072754,false_accept
/home/lorenzo/Documenti/GitHub/HandVerify/datasets/processed-handwritten/rimes_processed/train2011-687/mosaic_001.png,/home/lorenzo/Documenti/GitHub/HandVerify/datasets/processed-handwritten/rimes_processed/train2011-972/mosaic_000.png,impostor,0.8546762466430664,0.7360067367553711,0.11866950988769531,false_accept
/home/lorenzo/Documenti/GitHub/HandVerify/datasets/processed-handwritten/rimes_processed/train2011-1192/batch_1955.png,/home/lorenzo/Documenti/GitHub/HandVerify/datasets/processed-handwritten/rimes_processed/train2011-174/batch_4202.png,impostor,0.955696165561676,0.7360067367553711,0.21968942880630493,false_accept
/home/lorenzo/Documenti/GitHub/HandVerify/datasets/processed-handwritten/rimes_processed/train2011-318/batch_5271.png,/home/lorenzo/Documenti/GitHub/HandVerify/datasets/processed-handwritten/rimes_processed/train2011-401/batch_5988.png,impostor,0.9362574815750122,0.7360067367553711,0.2002507448196411,false_accept
/home/lorenzo/Documenti/GitHub/HandVerify/datasets/processed-handwritten/rimes_processed/train2011-438/batch_6283.png,/home/lorenzo/Documenti/GitHub/HandVerify/datasets/processed-handwritten/rimes_processed/train2011-822/batch_8999.png,impostor,0.8414655327796936,0.7360067367553711,0.10545879602432251,false_accept
/home/lorenzo/Documenti/GitHub/HandVerify/datasets/processed-handwritten/rimes_processed/eval2011-40/mosaic_001.png,/home/lorenzo/Documenti/GitHub/HandVerify/datasets/processed-handwritten/rimes_processed/eval2011-40/batch_234.png,genuine,0.6012595891952515,0.7360067367553711,-0.13474714756011963,false_reject
/home/lorenzo/Documenti/GitHub/HandVerify/datasets/processed-handwritten/rimes_processed/train2011-1494/batch_3993.png,/home/lorenzo/Documenti/GitHub/HandVerify/datasets/processed-handwritten/rimes_processed/train2011-642/mosaic_001.png,impostor,0.7426638603210449,0.7360067367553711,0.006657123565673828,false_accept
/home/lorenzo/Documenti/GitHub/HandVerify/datasets/processed-handwritten/rimes_processed/train2011-101/batch_787.png,/home/lorenzo/Documenti/GitHub/HandVerify/datasets/processed-handwritten/rimes_processed/train2011-643/batch_7718.png,impostor,0.9527291059494019,0.7360067367553711,0.21672236919403076,false_accept
/home/lorenzo/Documenti/GitHub/HandVerify/datasets/processed-handwritten/rimes_processed/train2011-963/batch_9818.png,/home/lorenzo/Documenti/GitHub/HandVerify/datasets/processed-handwritten/rimes_processed/train2011-963/mosaic_000.png,genuine,0.6553162932395935,0.7360067367553711,-0.08069044351577759,false_reject
/home/lorenzo/Documenti/GitHub/HandVerify/datasets/processed-handwritten/rimes_processed/train2011-691/mosaic_001.png,/home/lorenzo/Documenti/GitHub/HandVerify/datasets/processed-handwritten/rimes_processed/train2011-691/batch_8079.png,genuine,0.5879014730453491,0.7360067367553711,-0.14810526371002197,false_reject
/home/lorenzo/Documenti/GitHub/HandVerify/datasets/processed-handwritten/rimes_processed/eval2011-0/batch_000.png,/home/lorenzo/Documenti/GitHub/HandVerify/datasets/processed-handwritten/rimes_processed/train2011-1431/batch_3519.png,impostor,0.9502138495445251,0.7360067367553711,0.21420711278915405,false_accept
/home/lorenzo/Documenti/GitHub/HandVerify/datasets/processed-handwritten/rimes_processed/train2011-34/batch_5553.png,/home/lorenzo/Documenti/GitHub/HandVerify/datasets/processed-handwritten/rimes_processed/train2011-34/mosaic_000.png,genuine,0.6557605266571045,0.7360067367553711,-0.0802462100982666,false_reject
/home/lorenzo/Documenti/GitHub/HandVerify/datasets/processed-handwritten/rimes_processed/train2011-1063/batch_1055.png,/home/lorenzo/Documenti/GitHub/HandVerify/datasets/processed-handwritten/rimes_processed/train2011-1457/batch_3689.png,impostor,0.7641838192939758,0.7360067367553711,0.028177082538604736,false_accept
/home/lorenzo/Documenti/GitHub/HandVerify/datasets/processed-handwritten/rimes_processed/train2011-1460/batch_3721.png,/home/lorenzo/Documenti/GitHub/HandVerify/datasets/processed-handwritten/rimes_processed/train2011-1460/batch_3718.png,genuine,0.19293181598186493,0.7360067367553711,-0.5430749207735062,false_reject
/home/lorenzo/Documenti/GitHub/HandVerify/datasets/processed-handwritten/rimes_processed/train2011-491/batch_6673.png,/home/lorenzo/Documenti/GitHub/HandVerify/datasets/processed-handwritten/rimes_processed/train2011-794/batch_8808.png,impostor,0.9589508175849915,0.7360067367553711,0.22294408082962036,false_accept
/home/lorenzo/Documenti/GitHub/HandVerify/datasets/processed-handwritten/rimes_processed/train2011-1395/batch_3258.png,/home/lorenzo/Documenti/GitHub/HandVerify/datasets/processed-handwritten/rimes_processed/train2011-315/batch_5254.png,impostor,0.9351469278335571,0.7360067367553711,0.19914019107818604,false_accept
/home/lorenzo/Documenti/GitHub/HandVerify/datasets/processed-handwritten/rimes_processed/train2011-1293/batch_2619.png,/home/lorenzo/Documenti/GitHub/HandVerify/datasets/processed-handwritten/rimes_processed/train2011-745/batch_8451.png,impostor,0.8717407584190369,0.7360067367553711,0.13573402166366577,false_accept
/home/lorenzo/Documenti/GitHub/HandVerify/datasets/processed-handwritten/rimes_processed/train2011-206/batch_4439.png,/home/lorenzo/Documenti/GitHub/HandVerify/datasets/processed-handwritten/rimes_processed/train2011-769/batch_8631.png,impostor,0.9639405608177185,0.7360067367553711,0.2279338240623474,false_accept
/home/lorenzo/Documenti/GitHub/HandVerify/datasets/processed-handwritten/rimes_processed/train2011-1381/batch_3169.png,/home/lorenzo/Documenti/GitHub/HandVerify/datasets/processed-handwritten/rimes_processed/train2011-403/batch_6010.png,impostor,0.870718240737915,0.7360067367553711,0.13471150398254395,false_accept
/home/lorenzo/Documenti/GitHub/HandVerify/datasets/processed-handwritten/rimes_processed/train2011-1363/batch_3062.png,/home/lorenzo/Documenti/GitHub/HandVerify/datasets/processed-handwritten/rimes_processed/train2011-208/batch_4445.png,impostor,0.8479146361351013,0.7360067367553711,0.11190789937973022,false_accept
/home/lorenzo/Documenti/GitHub/HandVerify/datasets/processed-handwritten/rimes_processed/train2011-1257/mosaic_001.png,/home/lorenzo/Documenti/GitHub/HandVerify/datasets/processed-handwritten/rimes_processed/train2011-327/batch_5345.png,impostor,0.7719245553016663,0.7360067367553711,0.035917818546295166,false_accept
/home/lorenzo/Documenti/GitHub/HandVerify/datasets/processed-handwritten/rimes_processed/train2011-352/batch_5582.png,/home/lorenzo/Documenti/GitHub/HandVerify/datasets/processed-handwritten/rimes_processed/train2011-556/batch_7117.png,impostor,0.7611178159713745,0.7360067367553711,0.025111079216003418,false_accept
/home/lorenzo/Documenti/GitHub/HandVerify/datasets/processed-handwritten/rimes_processed/train2011-1393/batch_3248.png,/home/lorenzo/Documenti/GitHub/HandVerify/datasets/processed-handwritten/rimes_processed/train2011-1445/batch_3615.png,impostor,0.9013511538505554,0.7360067367553711,0.16534441709518433,false_accept
/home/lorenzo/Documenti/GitHub/HandVerify/datasets/processed-handwritten/rimes_processed/eval2011-77/batch_494.png,/home/lorenzo/Documenti/GitHub/HandVerify/datasets/processed-handwritten/rimes_processed/train2011-1250/batch_2356.png,impostor,0.948439359664917,0.7360067367553711,0.2124326229095459,false_accept
/home/lorenzo/Documenti/GitHub/HandVerify/datasets/processed-handwritten/rimes_processed/train2011-1282/batch_2560.png,/home/lorenzo/Documenti/GitHub/HandVerify/datasets/processed-handwritten/rimes_processed/train2011-177/batch_4223.png,impostor,0.9613671898841858,0.7360067367553711,0.2253604531288147,false_accept
/home/lorenzo/Documenti/GitHub/HandVerify/datasets/processed-handwritten/rimes_processed/train2011-781/batch_8718.png,/home/lorenzo/Documenti/GitHub/HandVerify/datasets/processed-handwritten/rimes_processed/train2011-988/batch_9982.png,impostor,0.9581244587898254,0.7360067367553711,0.22211772203445435,false_accept
/home/lorenzo/Documenti/GitHub/HandVerify/datasets/processed-handwritten/rimes_processed/train2011-373/batch_5762.png,/home/lorenzo/Documenti/GitHub/HandVerify/datasets/processed-handwritten/rimes_processed/train2011-749/batch_8485.png,impostor,0.9123584628105164,0.7360067367553711,0.17635172605514526,false_accept
/home/lorenzo/Documenti/GitHub/HandVerify/datasets/processed-handwritten/rimes_processed/train2011-1386/mosaic_002.png,/home/lorenzo/Documenti/GitHub/HandVerify/datasets/processed-handwritten/rimes_processed/train2011-1386/batch_3206.png,genuine,0.4672929048538208,0.7360067367553711,-0.2687138319015503,false_reject
/home/lorenzo/Documenti/GitHub/HandVerify/datasets/processed-handwritten/rimes_processed/train2011-279/batch_5005.png,/home/lorenzo/Documenti/GitHub/HandVerify/datasets/processed-handwritten/rimes_processed/train2011-843/batch_9111.png,impostor,0.90114426612854,0.7360067367553711,0.16513752937316895,false_accept
/home/lorenzo/Documenti/GitHub/HandVerify/datasets/processed-handwritten/rimes_processed/train2011-1079/batch_1156.png,/home/lorenzo/Documenti/GitHub/HandVerify/datasets/processed-handwritten/rimes_processed/train2011-1146/batch_1620.png,impostor,0.9169820547103882,0.7360067367553711,0.1809753179550171,false_accept
/home/lorenzo/Documenti/GitHub/HandVerify/datasets/processed-handwritten/rimes_processed/train2011-1312/mosaic_000.png,/home/lorenzo/Documenti/GitHub/HandVerify/datasets/processed-handwritten/rimes_processed/train2011-1312/batch_2773.png,genuine,0.5897166132926941,0.7360067367553711,-0.146290123462677,false_reject
/home/lorenzo/Documenti/GitHub/HandVerify/datasets/processed-handwritten/rimes_processed/train2011-1298/mosaic_000.png,/home/lorenzo/Documenti/GitHub/HandVerify/datasets/processed-handwritten/rimes_processed/train2011-630/mosaic_002.png,impostor,0.7910434007644653,0.7360067367553711,0.05503666400909424,false_accept
/home/lorenzo/Documenti/GitHub/HandVerify/datasets/processed-handwritten/rimes_processed/train2011-158/batch_4093.png,/home/lorenzo/Documenti/GitHub/HandVerify/datasets/processed-handwritten/rimes_processed/train2011-184/batch_4285.png,impostor,0.889752209186554,0.7360067367553711,0.15374547243118286,false_accept
/home/lorenzo/Documenti/GitHub/HandVerify/datasets/processed-handwritten/rimes_processed/train2011-1353/batch_3006.png,/home/lorenzo/Documenti/GitHub/HandVerify/datasets/processed-handwritten/rimes_processed/train2011-579/batch_7262.png,impostor,0.9536890387535095,0.7360067367553711,0.21768230199813843,false_accept
/home/lorenzo/Documenti/GitHub/HandVerify/datasets/processed-handwritten/rimes_processed/train2011-153/mosaic_001.png,/home/lorenzo/Documenti/GitHub/HandVerify/datasets/processed-handwritten/rimes_processed/train2011-153/batch_4075.png,genuine,0.696074366569519,0.7360067367553711,-0.03993237018585205,false_reject
/home/lorenzo/Documenti/GitHub/HandVerify/datasets/processed-handwritten/rimes_processed/train2011-199/mosaic_000.png,/home/lorenzo/Documenti/GitHub/HandVerify/datasets/processed-handwritten/rimes_processed/train2011-78/batch_8780.png,impostor,0.7611359357833862,0.7360067367553711,0.025129199028015137,false_accept
/home/lorenzo/Documenti/GitHub/HandVerify/datasets/processed-handwritten/rimes_processed/train2011-1379/batch_3153.png,/home/lorenzo/Documenti/GitHub/HandVerify/datasets/processed-handwritten/rimes_processed/train2011-264/mosaic_001.png,impostor,0.8512147665023804,0.7360067367553711,0.11520802974700928,false_accept
/home/lorenzo/Documenti/GitHub/HandVerify/datasets/processed-handwritten/rimes_processed/eval2011-47/batch_283.png,/home/lorenzo/Documenti/GitHub/HandVerify/datasets/processed-handwritten/rimes_processed/train2011-1095/batch_1275.png,impostor,0.8621617555618286,0.7360067367553711,0.12615501880645752,false_accept
/home/lorenzo/Documenti/GitHub/HandVerify/datasets/processed-handwritten/rimes_processed/train2011-1287/batch_2587.png,/home/lorenzo/Documenti/GitHub/HandVerify/datasets/processed-handwritten/rimes_processed/train2011-1287/mosaic_001.png,genuine,0.7055144906044006,0.7360067367553711,-0.03049224615097046,false_reject
/home/lorenzo/Documenti/GitHub/HandVerify/datasets/processed-handwritten/rimes_processed/train2011-180/batch_4261.png,/home/lorenzo/Documenti/GitHub/HandVerify/datasets/processed-handwritten/rimes_processed/train2011-180/mosaic_000.png,genuine,0.6151739954948425,0.7360067367553711,-0.12083274126052856,false_reject
/home/lorenzo/Documenti/GitHub/HandVerify/datasets/processed-handwritten/rimes_processed/train2011-492/batch_6682.png,/home/lorenzo/Documenti/GitHub/HandVerify/datasets/processed-handwritten/rimes_processed/train2011-650/batch_7770.png,impostor,0.8846346735954285,0.7360067367553711,0.14862793684005737,false_accept
/home/lorenzo/Documenti/GitHub/HandVerify/datasets/processed-handwritten/rimes_processed/train2011-1434/batch_3535.png,/home/lorenzo/Documenti/GitHub/HandVerify/datasets/processed-handwritten/rimes_processed/train2011-776/mosaic_001.png,impostor,0.8314638733863831,0.7360067367553711,0.09545713663101196,false_accept
/home/lorenzo/Documenti/GitHub/HandVerify/datasets/processed-handwritten/rimes_processed/train2011-237/batch_4672.png,/home/lorenzo/Documenti/GitHub/HandVerify/datasets/processed-handwritten/rimes_processed/train2011-978/batch_9918.png,impostor,0.9320330023765564,0.7360067367553711,0.1960262656211853,false_accept
/home/lorenzo/Documenti/GitHub/HandVerify/datasets/processed-handwritten/rimes_processed/train2011-104/batch_976.png,/home/lorenzo/Documenti/GitHub/HandVerify/datasets/processed-handwritten/rimes_processed/train2011-389/batch_5881.png,impostor,0.9795041680335999,0.7360067367553711,0.24349743127822876,false_accept
/home/lorenzo/Documenti/GitHub/HandVerify/datasets/processed-handwritten/rimes_processed/eval2011-15/batch_042.png,/home/lorenzo/Documenti/GitHub/HandVerify/datasets/processed-handwritten/rimes_processed/train2011-743/mosaic_000.png,impostor,0.8660179376602173,0.7360067367553711,0.1300112009048462,false_accept
/home/lorenzo/Documenti/GitHub/HandVerify/datasets/processed-handwritten/rimes_processed/train2011-650/batch_7763.png,/home/lorenzo/Documenti/GitHub/HandVerify/datasets/processed-handwritten/rimes_processed/train2011-921/batch_9579.png,impostor,0.9164413809776306,0.7360067367553711,0.18043464422225952,false_accept
/home/lorenzo/Documenti/GitHub/HandVerify/datasets/processed-handwritten/rimes_processed/train2011-310/batch_5215.png,/home/lorenzo/Documenti/GitHub/HandVerify/datasets/processed-handwritten/rimes_processed/train2011-386/mosaic_001.png,impostor,0.82285076379776,0.7360067367553711,0.08684402704238892,false_accept
/home/lorenzo/Documenti/GitHub/HandVerify/datasets/processed-handwritten/rimes_processed/train2011-255/batch_4818.png,/home/lorenzo/Documenti/GitHub/HandVerify/datasets/processed-handwritten/rimes_processed/train2011-853/batch_9172.png,impostor,0.9291578531265259,0.7360067367553711,0.19315111637115479,false_accept
/home/lorenzo/Documenti/GitHub/HandVerify/datasets/processed-handwritten/rimes_processed/train2011-1257/batch_2410.png,/home/lorenzo/Documenti/GitHub/HandVerify/datasets/processed-handwritten/rimes_processed/train2011-1395/batch_3265.png,impostor,0.9843451976776123,0.7360067367553711,0.2483384609222412,false_accept
/home/lorenzo/Documenti/GitHub/HandVerify/datasets/processed-handwritten/rimes_processed/train2011-326/batch_5330.png,/home/lorenzo/Documenti/GitHub/HandVerify/datasets/processed-handwritten/rimes_processed/train2011-385/batch_5846.png,impostor,0.8457822203636169,0.7360067367553711,0.10977548360824585,false_accept
/home/lorenzo/Documenti/GitHub/HandVerify/datasets/processed-handwritten/rimes_processed/train2011-1456/batch_3686.png,/home/lorenzo/Documenti/GitHub/HandVerify/datasets/processed-handwritten/rimes_processed/train2011-343/batch_5490.png,impostor,0.9892531633377075,0.7360067367553711,0.2532464265823364,false_accept
/home/lorenzo/Documenti/GitHub/HandVerify/datasets/processed-handwritten/rimes_processed/train2011-220/batch_4543.png,/home/lorenzo/Documenti/GitHub/HandVerify/datasets/processed-handwritten/rimes_processed/train2011-859/batch_9208.png,impostor,0.934665322303772,0.7360067367553711,0.19865858554840088,false_accept
/home/lorenzo/Documenti/GitHub/HandVerify/datasets/processed-handwritten/rimes_processed/train2011-1071/batch_1114.png,/home/lorenzo/Documenti/GitHub/HandVerify/datasets/processed-handwritten/rimes_processed/train2011-1230/batch_2214.png,impostor,0.9564075469970703,0.7360067367553711,0.22040081024169922,false_accept
/home/lorenzo/Documenti/GitHub/HandVerify/datasets/processed-handwritten/rimes_processed/train2011-163/batch_4127.png,/home/lorenzo/Documenti/GitHub/HandVerify/datasets/processed-handwritten/rimes_processed/train2011-605/batch_7444.png,impostor,0.9187706708908081,0.7360067367553711,0.182763934135437,false_accept
/home/lorenzo/Documenti/GitHub/HandVerify/datasets/processed-handwritten/rimes_processed/train2011-1051/batch_987.png,/home/lorenzo/Documenti/GitHub/HandVerify/datasets/processed-handwritten/rimes_processed/train2011-1051/mosaic_001.png,genuine,0.729051947593689,0.7360067367553711,-0.006954789161682129,false_reject
/home/lorenzo/Documenti/GitHub/HandVerify/datasets/processed-handwritten/rimes_processed/train2011-400/batch_5978.png,/home/lorenzo/Documenti/GitHub/HandVerify/datasets/processed-handwritten/rimes_processed/train2011-991/batch_10005.png,impostor,0.9733228087425232,0.7360067367553711,0.2373160719871521,false_accept
/home/lorenzo/Documenti/GitHub/HandVerify/datasets/processed-handwritten/rimes_processed/train2011-633/batch_7649.png,/home/lorenzo/Documenti/GitHub/HandVerify/datasets/processed-handwritten/rimes_processed/train2011-978/batch_9912.png,impostor,0.8694214820861816,0.7360067367553711,0.13341474533081055,false_accept
/home/lorenzo/Documenti/GitHub/HandVerify/datasets/processed-handwritten/rimes_processed/train2011-672/batch_7942.png,/home/lorenzo/Documenti/GitHub/HandVerify/datasets/processed-handwritten/rimes_processed/train2011-675/batch_7963.png,impostor,0.9756135940551758,0.7360067367553711,0.2396068572998047,false_accept
/home/lorenzo/Documenti/GitHub/HandVerify/datasets/processed-handwritten/rimes_processed/train2011-403/batch_6001.png,/home/lorenzo/Documenti/GitHub/HandVerify/datasets/processed-handwritten/rimes_processed/train2011-565/batch_7179.png,impostor,0.9178318977355957,0.7360067367553711,0.1818251609802246,false_accept
/home/lorenzo/Documenti/GitHub/HandVerify/datasets/processed-handwritten/rimes_processed/eval2011-29/batch_146.png,/home/lorenzo/Documenti/GitHub/HandVerify/datasets/processed-handwritten/rimes_processed/train2011-411/batch_6076.png,impostor,0.9202348589897156,0.7360067367553711,0.18422812223434448,false_accept
/home/lorenzo/Documenti/GitHub/HandVerify/datasets/processed-handwritten/rimes_processed/train2011-324/batch_5323.png,/home/lorenzo/Documenti/GitHub/HandVerify/datasets/processed-handwritten/rimes_processed/train2011-950/batch_9750.png,impostor,0.8007086515426636,0.7360067367553711,0.06470191478729248,false_accept
/home/lorenzo/Documenti/GitHub/HandVerify/datasets/processed-handwritten/rimes_processed/train2011-316/batch_5257.png,/home/lorenzo/Documenti/GitHub/HandVerify/datasets/processed-handwritten/rimes_processed/train2011-793/batch_8804.png,impostor,0.8748288154602051,0.7360067367553711,0.13882207870483398,false_accept
/home/lorenzo/Documenti/GitHub/HandVerify/datasets/processed-handwritten/rimes_processed/eval2011-63/mosaic_001.png,/home/lorenzo/Documenti/GitHub/HandVerify/datasets/processed-handwritten/rimes_processed/train2011-76/batch_8638.png,impostor,0.7559479475021362,0.7360067367553711,0.019941210746765137,false_accept
/home/lorenzo/Documenti/GitHub/HandVerify/datasets/processed-handwritten/rimes_processed/train2011-1469/batch_3809.png,/home/lorenzo/Documenti/GitHub/HandVerify/datasets/processed-handwritten/rimes_processed/train2011-583/batch_7281.png,impostor,0.7697104215621948,0.7360067367553711,0.03370368480682373,false_accept
/home/lorenzo/Documenti/GitHub/HandVerify/datasets/processed-handwritten/rimes_processed/train2011-399/batch_5949.png,/home/lorenzo/Documenti/GitHub/HandVerify/datasets/processed-handwritten/rimes_processed/train2011-781/batch_8721.png,impostor,0.8089483380317688,0.7360067367553711,0.0729416012763977,false_accept
/home/lorenzo/Documenti/GitHub/HandVerify/datasets/processed-handwritten/rimes_processed/train2011-151/batch_4060.png,/home/lorenzo/Documenti/GitHub/HandVerify/datasets/processed-handwritten/rimes_processed/train2011-665/batch_7882.png,impostor,0.9657660722732544,0.7360067367553711,0.2297593355178833,false_accept
/home/lorenzo/Documenti/GitHub/HandVerify/datasets/processed-handwritten/rimes_processed/train2011-416/batch_6111.png,/home/lorenzo/Documenti/GitHub/HandVerify/datasets/processed-handwritten/rimes_processed/train2011-800/batch_8858.png,impostor,0.8944838047027588,0.7360067367553711,0.1584770679473877,false_accept
/home/lorenzo/Documenti/GitHub/HandVerify/datasets/processed-handwritten/rimes_processed/train2011-1430/batch_3513.png,/home/lorenzo/Documenti/GitHub/HandVerify/datasets/processed-handwritten/rimes_processed/train2011-625/batch_7588.png,impostor,0.9703652858734131,0.7360067367553711,0.234358549118042,false_accept
/home/lorenzo/Documenti/GitHub/HandVerify/datasets/processed-handwritten/rimes_processed/train2011-147/batch_3896.png,/home/lorenzo/Documenti/GitHub/HandVerify/datasets/processed-handwritten/rimes_processed/train2011-932/batch_9642.png,impostor,0.7692524790763855,0.7360067367553711,0.033245742321014404,false_accept
/home/lorenzo/Documenti/GitHub/HandVerify/datasets/processed-handwritten/rimes_processed/train2011-1470/batch_3821.png,/home/lorenzo/Documenti/GitHub/HandVerify/datasets/processed-handwritten/rimes_processed/train2011-31/batch_5284.png,impostor,0.9689475893974304,0.7360067367553711,0.23294085264205933,false_accept
/home/lorenzo/Documenti/GitHub/HandVerify/datasets/processed-handwritten/rimes_processed/train2011-1096/batch_1286.png,/home/lorenzo/Documenti/GitHub/HandVerify/datasets/processed-handwritten/rimes_processed/train2011-897/batch_9443.png,impostor,0.963861882686615,0.7360067367553711,0.2278551459312439,false_accept
/home/lorenzo/Documenti/GitHub/HandVerify/datasets/processed-handwritten/rimes_processed/train2011-362/batch_5669.png,/home/lorenzo/Documenti/GitHub/HandVerify/datasets/processed-handwritten/rimes_processed/train2011-781/batch_8723.png,impostor,0.8993949294090271,0.7360067367553711,0.163388192653656,false_accept
/home/lorenzo/Documenti/GitHub/HandVerify/datasets/processed-handwritten/rimes_processed/train2011-1340/batch_2947.png,/home/lorenzo/Documenti/GitHub/HandVerify/datasets/processed-handwritten/rimes_processed/train2011-137/batch_3155.png,impostor,0.9004087448120117,0.7360067367553711,0.16440200805664062,false_accept
/home/lorenzo/Documenti/GitHub/HandVerify/datasets/processed-handwritten/rimes_processed/train2011-1421/batch_3439.png,/home/lorenzo/Documenti/GitHub/HandVerify/datasets/processed-handwritten/rimes_processed/train2011-565/batch_7174.png,impostor,0.7513713240623474,0.7360067367553711,0.015364587306976318,false_accept
/home/lorenzo/Documenti/GitHub/HandVerify/datasets/processed-handwritten/rimes_processed/train2011-1063/mosaic_000.png,/home/lorenzo/Documenti/GitHub/HandVerify/datasets/processed-handwritten/rimes_processed/train2011-345/batch_5505.png,impostor,0.7927077412605286,0.7360067367553711,0.05670100450515747,false_accept
/home/lorenzo/Documenti/GitHub/HandVerify/datasets/processed-handwritten/rimes_processed/train2011-172/batch_4190.png,/home/lorenzo/Documenti/GitHub/HandVerify/datasets/processed-handwritten/rimes_processed/train2011-890/batch_9389.png,impostor,0.8611420392990112,0.7360067367553711,0.12513530254364014,false_accept
/home/lorenzo/Documenti/GitHub/HandVerify/datasets/processed-handwritten/rimes_processed/train2011-1368/batch_3084.png,/home/lorenzo/Documenti/GitHub/HandVerify/datasets/processed-handwritten/rimes_processed/train2011-919/mosaic_000.png,impostor,0.7548155188560486,0.7360067367553711,0.01880878210067749,false_accept
/home/lorenzo/Documenti/GitHub/HandVerify/datasets/processed-handwritten/rimes_processed/train2011-159/mosaic_001.png,/home/lorenzo/Documenti/GitHub/HandVerify/datasets/processed-handwritten/rimes_processed/train2011-649/batch_7757.png,impostor,0.8010146021842957,0.7360067367553711,0.06500786542892456,false_accept
/home/lorenzo/Documenti/GitHub/HandVerify/datasets/processed-handwritten/rimes_processed/train2011-548/batch_7067.png,/home/lorenzo/Documenti/GitHub/HandVerify/datasets/processed-handwritten/rimes_processed/train2011-573/batch_7231.png,impostor,0.9513863921165466,0.7360067367553711,0.21537965536117554,false_accept
/home/lorenzo/Documenti/GitHub/HandVerify/datasets/processed-handwritten/rimes_processed/train2011-298/batch_5118.png,/home/lorenzo/Documenti/GitHub/HandVerify/datasets/processed-handwritten/rimes_processed/train2011-298/mosaic_001.png,genuine,0.6520147323608398,0.7360067367553711,-0.08399200439453125,false_reject
/home/lorenzo/Documenti/GitHub/HandVerify/datasets/processed-handwritten/rimes_processed/eval2011-75/batch_473.png,/home/lorenzo/Documenti/GitHub/HandVerify/datasets/processed-handwritten/rimes_processed/train2011-1438/batch_3556.png,impostor,0.9321463704109192,0.7360067367553711,0.1961396336555481,false_accept
/home/lorenzo/Documenti/GitHub/HandVerify/datasets/processed-handwritten/rimes_processed/train2011-217/batch_4516.png,/home/lorenzo/Documenti/GitHub/HandVerify/datasets/processed-handwritten/rimes_processed/train2011-67/mosaic_000.png,impostor,0.8035826086997986,0.7360067367553711,0.06757587194442749,false_accept
/home/lorenzo/Documenti/GitHub/HandVerify/datasets/processed-handwritten/rimes_processed/train2011-1121/batch_1465.png,/home/lorenzo/Documenti/GitHub/HandVerify/datasets/processed-handwritten/rimes_processed/train2011-951/batch_9751.png,impostor,0.7948054075241089,0.7360067367553711,0.05879867076873779,false_accept
/home/lorenzo/Documenti/GitHub/HandVerify/datasets/processed-handwritten/rimes_processed/eval2011-19/batch_064.png,/home/lorenzo/Documenti/GitHub/HandVerify/datasets/processed-handwritten/rimes_processed/train2011-1457/batch_3691.png,impostor,0.9232147932052612,0.7360067367553711,0.18720805644989014,false_accept
/home/lorenzo/Documenti/GitHub/HandVerify/datasets/processed-handwritten/rimes_processed/train2011-1295/batch_2645.png,/home/lorenzo/Documenti/GitHub/HandVerify/datasets/processed-handwritten/rimes_processed/train2011-670/batch_7926.png,impostor,0.8959627747535706,0.7360067367553711,0.15995603799819946,false_accept
/home/lorenzo/Documenti/GitHub/HandVerify/datasets/processed-handwritten/rimes_processed/train2011-1162/batch_1733.png,/home/lorenzo/Documenti/GitHub/HandVerify/datasets/processed-handwritten/rimes_processed/train2011-828/batch_9030.png,impostor,0.9653457403182983,0.7360067367553711,0.22933900356292725,false_accept
/home/lorenzo/Documenti/GitHub/HandVerify/datasets/processed-handwritten/rimes_processed/eval2011-14/mosaic_000.png,/home/lorenzo/Documenti/GitHub/HandVerify/datasets/processed-handwritten/rimes_processed/train2011-977/batch_9903.png,impostor,0.7753220796585083,0.7360067367553711,0.03931534290313721,false_accept
/home/lorenzo/Documenti/GitHub/HandVerify/datasets/processed-handwritten/rimes_processed/train2011-1203/batch_2032.png,/home/lorenzo/Documenti/GitHub/HandVerify/datasets/processed-handwritten/rimes_processed/train2011-1203/batch_2033.png,genuine,0.6901838183403015,0.7360067367553711,-0.04582291841506958,false_reject
/home/lorenzo/Documenti/GitHub/HandVerify/datasets/processed-handwritten/rimes_processed/train2011-1458/batch_3702.png,/home/lorenzo/Documenti/GitHub/HandVerify/datasets/processed-handwritten/rimes_processed/train2011-997/batch_10045.png,impostor,0.949531614780426,0.7360067367553711,0.21352487802505493,false_accept
/home/lorenzo/Documenti/GitHub/HandVerify/datasets/processed-handwritten/rimes_processed/train2011-1356/batch_3018.png,/home/lorenzo/Documenti/GitHub/HandVerify/datasets/processed-handwritten/rimes_processed/train2011-793/batch_8803.png,impostor,0.8650920987129211,0.7360067367553711,0.12908536195755005,false_accept
/home/lorenzo/Documenti/GitHub/HandVerify/datasets/processed-handwritten/rimes_processed/train2011-601/mosaic_001.png,/home/lorenzo/Documenti/GitHub/HandVerify/datasets/processed-handwritten/rimes_processed/train2011-601/batch_7420.png,genuine,0.5291445255279541,0.7360067367553711,-0.206862211227417,false_reject
/home/lorenzo/Documenti/GitHub/HandVerify/datasets/processed-handwritten/rimes_processed/train2011-451/mosaic_001.png,/home/lorenzo/Documenti/GitHub/HandVerify/datasets/processed-handwritten/rimes_processed/train2011-451/batch_6389.png,genuine,0.5943799018859863,0.7360067367553711,-0.14162683486938477,false_reject
/home/lorenzo/Documenti/GitHub/HandVerify/datasets/processed-handwritten/rimes_processed/train2011-612/batch_7493.png,/home/lorenzo/Documenti/GitHub/HandVerify/datasets/processed-handwritten/rimes_processed/train2011-612/mosaic_001.png,genuine,0.7206286787986755,0.7360067367553711,-0.015378057956695557,false_reject
/home/lorenzo/Documenti/GitHub/HandVerify/datasets/processed-handwritten/rimes_processed/train2011-150/batch_4058.png,/home/lorenzo/Documenti/GitHub/HandVerify/datasets/processed-handwritten/rimes_processed/train2011-37/batch_5816.png,impostor,0.9371194243431091,0.7360067367553711,0.20111268758773804,false_accept
/home/lorenzo/Documenti/GitHub/HandVerify/datasets/processed-handwritten/rimes_processed/train2011-1176/batch_1836.png,/home/lorenzo/Documenti/GitHub/HandVerify/datasets/processed-handwritten/rimes_processed/train2011-1258/batch_2417.png,impostor,0.7710357904434204,0.7360067367553711,0.035029053688049316,false_accept
/home/lorenzo/Documenti/GitHub/HandVerify/datasets/processed-handwritten/rimes_processed/train2011-1069/mosaic_001.png,/home/lorenzo/Documenti/GitHub/HandVerify/datasets/processed-handwritten/rimes_processed/train2011-219/batch_4529.png,impostor,0.7650116682052612,0.7360067367553711,0.029004931449890137,false_accept
/home/lorenzo/Documenti/GitHub/HandVerify/datasets/processed-handwritten/rimes_processed/train2011-1298/batch_2658.png,/home/lorenzo/Documenti/GitHub/HandVerify/datasets/processed-handwritten/rimes_processed/train2011-583/batch_7290.png,impostor,0.9402347207069397,0.7360067367553711,0.2042279839515686,false_accept
/home/lorenzo/Documenti/GitHub/HandVerify/datasets/processed-handwritten/rimes_processed/train2011-1049/batch_969.png,/home/lorenzo/Documenti/GitHub/HandVerify/datasets/processed-handwritten/rimes_processed/train2011-420/batch_6148.png,impostor,0.9634231328964233,0.7360067367553711,0.22741639614105225,false_accept
/home/lorenzo/Documenti/GitHub/HandVerify/datasets/processed-handwritten/rimes_processed/train2011-1040/batch_910.png,/home/lorenzo/Documenti/GitHub/HandVerify/datasets/processed-handwritten/rimes_processed/train2011-333/batch_5401.png,impostor,0.9171385169029236,0.7360067367553711,0.1811317801475525,false_accept
/home/lorenzo/Documenti/GitHub/HandVerify/datasets/processed-handwritten/rimes_processed/train2011-440/batch_6306.png,/home/lorenzo/Documenti/GitHub/HandVerify/datasets/processed-handwritten/rimes_processed/train2011-440/mosaic_002.png,genuine,0.7349792718887329,0.7360067367553711,-0.0010274648666381836,false_reject
/home/lorenzo/Documenti/GitHub/HandVerify/datasets/processed-handwritten/rimes_processed/train2011-1146/batch_1625.png,/home/lorenzo/Documenti/GitHub/HandVerify/datasets/processed-handwritten/rimes_processed/train2011-429/batch_6200.png,impostor,0.9818509817123413,0.7360067367553711,0.24584424495697021,false_accept
/home/lorenzo/Documenti/GitHub/HandVerify/datasets/processed-handwritten/rimes_processed/train2011-1283/batch_2563.png,/home/lorenzo/Documenti/GitHub/HandVerify/datasets/processed-handwritten/rimes_processed/train2011-487/batch_6633.png,impostor,0.9225552082061768,0.7360067367553711,0.18654847145080566,false_accept
/home/lorenzo/Documenti/GitHub/HandVerify/datasets/processed-handwritten/rimes_processed/train2011-217/mosaic_001.png,/home/lorenzo/Documenti/GitHub/HandVerify/datasets/processed-handwritten/rimes_processed/train2011-415/mosaic_000.png,impostor,0.757919192314148,0.7360067367553711,0.021912455558776855,false_accept
/home/lorenzo/Documenti/GitHub/HandVerify/datasets/processed-handwritten/rimes_processed/train2011-1082/batch_1176.png,/home/lorenzo/Documenti/GitHub/HandVerify/datasets/processed-handwritten/rimes_processed/train2011-692/batch_8083.png,impostor,0.957394003868103,0.7360067367553711,0.22138726711273193,false_accept
/home/lorenzo/Documenti/GitHub/HandVerify/datasets/processed-handwritten/rimes_processed/train2011-483/batch_6602.png,/home/lorenzo/Documenti/GitHub/HandVerify/datasets/processed-handwritten/rimes_processed/train2011-991/batch_10008.png,impostor,0.9793252944946289,0.7360067367553711,0.2433185577392578,false_accept
/home/lorenzo/Documenti/GitHub/HandVerify/datasets/processed-handwritten/rimes_processed/train2011-1426/batch_3465.png,/home/lorenzo/Documenti/GitHub/HandVerify/datasets/processed-handwritten/rimes_processed/train2011-403/mosaic_003.png,impostor,0.7651830911636353,0.7360067367553711,0.02917635440826416,false_accept
/home/lorenzo/Documenti/GitHub/HandVerify/datasets/processed-handwritten/rimes_processed/train2011-1477/batch_3873.png,/home/lorenzo/Documenti/GitHub/HandVerify/datasets/processed-handwritten/rimes_processed/train2011-328/batch_5355.png,impostor,0.9704715013504028,0.7360067367553711,0.23446476459503174,false_accept
/home/lorenzo/Documenti/GitHub/HandVerify/datasets/processed-handwritten/rimes_processed/train2011-336/batch_5421.png,/home/lorenzo/Documenti/GitHub/HandVerify/datasets/processed-handwritten/rimes_processed/train2011-971/batch_9872.png,impostor,0.9110952615737915,0.7360067367553711,0.1750885248184204,false_accept
/home/lorenzo/Documenti/GitHub/HandVerify/datasets/processed-handwritten/rimes_processed/train2011-682/batch_8015.png,/home/lorenzo/Documenti/GitHub/HandVerify/datasets/processed-handwritten/rimes_processed/train2011-682/batch_8019.png,genuine,0.553905725479126,0.7360067367553711,-0.18210101127624512,false_reject
/home/lorenzo/Documenti/GitHub/HandVerify/datasets/processed-handwritten/rimes_processed/train2011-348/batch_5541.png,/home/lorenzo/Documenti/GitHub/HandVerify/datasets/processed-handwritten/rimes_processed/train2011-348/batch_5540.png,genuine,0.6980124711990356,0.7360067367553711,-0.03799426555633545,false_reject
/home/lorenzo/Documenti/GitHub/HandVerify/datasets/processed-handwritten/rimes_processed/train2011-1080/mosaic_001.png,/home/lorenzo/Documenti/GitHub/HandVerify/datasets/processed-handwritten/rimes_processed/train2011-1366/batch_3077.png,impostor,0.8071507811546326,0.7360067367553711,0.07114404439926147,false_accept
/home/lorenzo/Documenti/GitHub/HandVerify/datasets/processed-handwritten/rimes_processed/train2011-396/batch_5936.png,/home/lorenzo/Documenti/GitHub/HandVerify/datasets/processed-handwritten/rimes_processed/train2011-396/mosaic_000.png,genuine,0.6361279487609863,0.7360067367553711,-0.09987878799438477,false_reject
/home/lorenzo/Documenti/GitHub/HandVerify/datasets/processed-handwritten/rimes_processed/train2011-312/batch_5223.png,/home/lorenzo/Documenti/GitHub/HandVerify/datasets/processed-handwritten/rimes_processed/train2011-769/batch_8635.png,impostor,0.9049400687217712,0.7360067367553711,0.16893333196640015,false_accept
/home/lorenzo/Documenti/GitHub/HandVerify/datasets/processed-handwritten/rimes_processed/train2011-1368/mosaic_001.png,/home/lorenzo/Documenti/GitHub/HandVerify/datasets/processed-handwritten/rimes_processed/train2011-1368/batch_3083.png,genuine,0.714722216129303,0.7360067367553711,-0.021284520626068115,false_reject
/home/lorenzo/Documenti/GitHub/HandVerify/datasets/processed-handwritten/rimes_processed/train2011-1081/batch_1172.png,/home/lorenzo/Documenti/GitHub/HandVerify/datasets/processed-handwritten/rimes_processed/train2011-139/batch_3284.png,impostor,0.9271643161773682,0.7360067367553711,0.19115757942199707,false_accept
/home/lorenzo/Documenti/GitHub/HandVerify/datasets/processed-handwritten/rimes_processed/train2011-1061/batch_1045.png,/home/lorenzo/Documenti/GitHub/HandVerify/datasets/processed-handwritten/rimes_processed/train2011-850/batch_9151.png,impostor,0.9167945981025696,0.7360067367553711,0.1807878613471985,false_accept
/home/lorenzo/Documenti/GitHub/HandVerify/datasets/processed-handwritten/rimes_processed/train2011-1436/batch_3548.png,/home/lorenzo/Documenti/GitHub/HandVerify/datasets/processed-handwritten/rimes_processed/train2011-96/batch_9861.png,impostor,0.9726597666740417,0.7360067367553711,0.23665302991867065,false_accept
/home/lorenzo/Documenti/GitHub/HandVerify/datasets/processed-handwritten/rimes_processed/eval2011-3/batch_225.png,/home/lorenzo/Documenti/GitHub/HandVerify/datasets/processed-handwritten/rimes_processed/train2011-157/batch_4088.png,impostor,0.9711642861366272,0.7360067367553711,0.2351575493812561,false_accept
/home/lorenzo/Documenti/GitHub/HandVerify/datasets/processed-handwritten/rimes_processed/train2011-1129/batch_1508.png,/home/lorenzo/Documenti/GitHub/HandVerify/datasets/processed-handwritten/rimes_processed/train2011-578/batch_7256.png,impostor,0.9227131605148315,0.7360067367553711,0.18670642375946045,false_accept
/home/lorenzo/Documenti/GitHub/HandVerify/datasets/processed-handwritten/rimes_processed/train2011-1072/batch_1116.png,/home/lorenzo/Documenti/GitHub/HandVerify/datasets/processed-handwritten/rimes_processed/train2011-992/batch_10016.png,impostor,0.9108895659446716,0.7360067367553711,0.17488282918930054,false_accept
/home/lorenzo/Documenti/GitHub/HandVerify/datasets/processed-handwritten/rimes_processed/train2011-1194/batch_1971.png,/home/lorenzo/Documenti/GitHub/HandVerify/datasets/processed-handwritten/rimes_processed/train2011-1300/mosaic_000.png,impostor,0.8090306520462036,0.7360067367553711,0.07302391529083252,false_accept
/home/lorenzo/Documenti/GitHub/HandVerify/datasets/processed-handwritten/rimes_processed/train2011-991/batch_10005.png,/home/lorenzo/Documenti/GitHub/HandVerify/datasets/processed-handwritten/rimes_processed/train2011-991/mosaic_001.png,genuine,0.7293339967727661,0.7360067367553711,-0.0066727399826049805,false_reject
/home/lorenzo/Documenti/GitHub/HandVerify/datasets/processed-handwritten/rimes_processed/train2011-832/batch_9063.png,/home/lorenzo/Documenti/GitHub/HandVerify/datasets/processed-handwritten/rimes_processed/train2011-832/mosaic_001.png,genuine,0.6110053062438965,0.7360067367553711,-0.1250014305114746,false_reject
/home/lorenzo/Documenti/GitHub/HandVerify/datasets/processed-handwritten/rimes_processed/train2011-1472/mosaic_000.png,/home/lorenzo/Documenti/GitHub/HandVerify/datasets/processed-handwritten/rimes_processed/train2011-688/batch_8054.png,impostor,0.7787601947784424,0.7360067367553711,0.04275345802307129,false_accept
/home/lorenzo/Documenti/GitHub/HandVerify/datasets/processed-handwritten/rimes_processed/train2011-186/batch_4297.png,/home/lorenzo/Documenti/GitHub/HandVerify/datasets/processed-handwritten/rimes_processed/train2011-394/batch_5919.png,impostor,0.9148219227790833,0.7360067367553711,0.17881518602371216,false_accept
/home/lorenzo/Documenti/GitHub/HandVerify/datasets/processed-handwritten/rimes_processed/train2011-1335/batch_2919.png,/home/lorenzo/Documenti/GitHub/HandVerify/datasets/processed-handwritten/rimes_processed/train2011-858/mosaic_001.png,impostor,0.9067181348800659,0.7360067367553711,0.17071139812469482,false_accept
/home/lorenzo/Documenti/GitHub/HandVerify/datasets/processed-handwritten/rimes_processed/train2011-501/batch_6745.png,/home/lorenzo/Documenti/GitHub/HandVerify/datasets/processed-handwritten/rimes_processed/train2011-988/mosaic_000.png,impostor,0.8606334328651428,0.7360067367553711,0.12462669610977173,false_accept
/home/lorenzo/Documenti/GitHub/HandVerify/datasets/processed-handwritten/rimes_processed/eval2011-9/batch_649.png,/home/lorenzo/Documenti/GitHub/HandVerify/datasets/processed-handwritten/rimes_processed/train2011-822/batch_8998.png,impostor,0.8780549168586731,0.7360067367553711,0.142048180103302,false_accept
/home/lorenzo/Documenti/GitHub/HandVerify/datasets/processed-handwritten/rimes_processed/train2011-556/batch_7123.png,/home/lorenzo/Documenti/GitHub/HandVerify/datasets/processed-handwritten/rimes_processed/train2011-556/mosaic_002.png,genuine,0.630871057510376,0.7360067367553711,-0.10513567924499512,false_reject
/home/lorenzo/Documenti/GitHub/HandVerify/datasets/processed-handwritten/rimes_processed/train2011-1161/batch_1726.png,/home/lorenzo/Documenti/GitHub/HandVerify/datasets/processed-handwritten/rimes_processed/train2011-892/batch_9411.png,impostor,0.9026028513908386,0.7360067367553711,0.16659611463546753,false_accept
/home/lorenzo/Documenti/GitHub/HandVerify/datasets/processed-handwritten/rimes_processed/train2011-343/batch_5495.png,/home/lorenzo/Documenti/GitHub/HandVerify/datasets/processed-handwritten/rimes_processed/train2011-38/batch_5887.png,impostor,0.9401487708091736,0.7360067367553711,0.2041420340538025,false_accept
/home/lorenzo/Documenti/GitHub/HandVerify/datasets/processed-handwritten/rimes_processed/train2011-275/batch_4970.png,/home/lorenzo/Documenti/GitHub/HandVerify/datasets/processed-handwritten/rimes_processed/train2011-378/batch_5800.png,impostor,0.9253115653991699,0.7360067367553711,0.18930482864379883,false_accept
/home/lorenzo/Documenti/GitHub/HandVerify/datasets/processed-handwritten/rimes_processed/train2011-547/batch_7060.png,/home/lorenzo/Documenti/GitHub/HandVerify/datasets/processed-handwritten/rimes_processed/train2011-899/batch_9451.png,impostor,0.8891412019729614,0.7360067367553711,0.15313446521759033,false_accept
/home/lorenzo/Documenti/GitHub/HandVerify/datasets/processed-handwritten/rimes_processed/train2011-1405/batch_3325.png,/home/lorenzo/Documenti/GitHub/HandVerify/datasets/processed-handwritten/rimes_processed/train2011-883/batch_9350.png,impostor,0.9407227039337158,0.7360067367553711,0.20471596717834473,false_accept
/home/lorenzo/Documenti/GitHub/HandVerify/datasets/processed-handwritten/rimes_processed/train2011-1130/batch_1519.png,/home/lorenzo/Documenti/GitHub/HandVerify/datasets/processed-handwritten/rimes_processed/train2011-862/batch_9222.png,impostor,0.837078869342804,0.7360067367553711,0.10107213258743286,false_accept
/home/lorenzo/Documenti/GitHub/HandVerify/datasets/processed-handwritten/rimes_processed/train2011-387/batch_5862.png,/home/lorenzo/Documenti/GitHub/HandVerify/datasets/processed-handwritten/rimes_processed/train2011-972/batch_9874.png,impostor,0.905581533908844,0.7360067367553711,0.1695747971534729,false_accept
/home/lorenzo/Documenti/GitHub/HandVerify/datasets/processed-handwritten/rimes_processed/train2011-138/mosaic_001.png,/home/lorenzo/Documenti/GitHub/HandVerify/datasets/processed-handwritten/rimes_processed/train2011-942/mosaic_001.png,impostor,0.835761547088623,0.7360067367553711,0.09975481033325195,false_accept
/home/lorenzo/Documenti/GitHub/HandVerify/datasets/processed-handwritten/rimes_processed/train2011-86/batch_9270.png,/home/lorenzo/Documenti/GitHub/HandVerify/datasets/processed-handwritten/rimes_processed/train2011-997/batch_10043.png,impostor,0.9170090556144714,0.7360067367553711,0.18100231885910034,false_accept
/home/lorenzo/Documenti/GitHub/HandVerify/datasets/processed-handwritten/rimes_processed/train2011-603/mosaic_001.png,/home/lorenzo/Documenti/GitHub/HandVerify/datasets/processed-handwritten/rimes_processed/train2011-752/batch_8506.png,impostor,0.8345052003860474,0.7360067367553711,0.09849846363067627,false_accept
/home/lorenzo/Documenti/GitHub/HandVerify/datasets/processed-handwritten/rimes_processed/train2011-279/batch_5005.png,/home/lorenzo/Documenti/GitHub/HandVerify/datasets/processed-handwritten/rimes_processed/train2011-363/batch_5672.png,impostor,0.8983299136161804,0.7360067367553711,0.16232317686080933,false_accept
/home/lorenzo/Documenti/GitHub/HandVerify/datasets/processed-handwritten/rimes_processed/train2011-199/batch_4373.png,/home/lorenzo/Documenti/GitHub/HandVerify/datasets/processed-handwritten/rimes_processed/train2011-199/mosaic_000.png,genuine,0.6823738217353821,0.7360067367553711,-0.053632915019989014,false_reject
/home/lorenzo/Documenti/GitHub/HandVerify/datasets/processed-handwritten/rimes_processed/train2011-267/mosaic_001.png,/home/lorenzo/Documenti/GitHub/HandVerify/datasets/processed-handwritten/rimes_processed/train2011-998/batch_10049.png,impostor,0.9066404700279236,0.7360067367553711,0.1706337332725525,false_accept
/home/lorenzo/Documenti/GitHub/HandVerify/datasets/processed-handwritten/rimes_processed/train2011-1149/batch_1646.png,/home/lorenzo/Documenti/GitHub/HandVerify/datasets/processed-handwritten/rimes_processed/train2011-1149/mosaic_000.png,genuine,0.6180983185768127,0.7360067367553711,-0.11790841817855835,false_reject
/home/lorenzo/Documenti/GitHub/HandVerify/datasets/processed-handwritten/rimes_processed/train2011-1017/batch_761.png,/home/lorenzo/Documenti/GitHub/HandVerify/datasets/processed-handwritten/rimes_processed/train2011-583/batch_7286.png,impostor,0.9246832728385925,0.7360067367553711,0.18867653608322144,false_accept
/home/lorenzo/Documenti/GitHub/HandVerify/datasets/processed-handwritten/rimes_processed/train2011-458/batch_6417.png,/home/lorenzo/Documenti/GitHub/HandVerify/datasets/processed-handwritten/rimes_processed/train2011-90/batch_9511.png,impostor,0.9677656888961792,0.7360067367553711,0.2317589521408081,false_accept
/home/lorenzo/Documenti/GitHub/HandVerify/datasets/processed-handwritten/rimes_processed/train2011-216/batch_4504.png,/home/lorenzo/Documenti/GitHub/HandVerify/datasets/processed-handwritten/rimes_processed/train2011-964/batch_9829.png,impostor,0.8048754334449768,0.7360067367553711,0.06886869668960571,false_accept
/home/lorenzo/Documenti/GitHub/HandVerify/datasets/processed-handwritten/rimes_processed/train2011-399/mosaic_001.png,/home/lorenzo/Documenti/GitHub/HandVerify/datasets/processed-handwritten/rimes_processed/train2011-430/batch_6217.png,impostor,0.8785881400108337,0.7360067367553711,0.14258140325546265,false_accept
/home/lorenzo/Documenti/GitHub/HandVerify/datasets/processed-handwritten/rimes_processed/train2011-1109/mosaic_000.png,/home/lorenzo/Documenti/GitHub/HandVerify/datasets/processed-handwritten/rimes_processed/train2011-403/batch_6007.png,impostor,0.8154448866844177,0.7360067367553711,0.07943814992904663,false_accept
/home/lorenzo/Documenti/GitHub/HandVerify/datasets/processed-handwritten/rimes_processed/train2011-380/mosaic_000.png,/home/lorenzo/Documenti/GitHub/HandVerify/datasets/processed-handwritten/rimes_processed/train2011-430/batch_6218.png,impostor,0.8510328531265259,0.7360067367553711,0.11502611637115479,false_accept
/home/lorenzo/Documenti/GitHub/HandVerify/datasets/processed-handwritten/rimes_processed/train2011-1123/batch_1477.png,/home/lorenzo/Documenti/GitHub/HandVerify/datasets/processed-handwritten/rimes_processed/train2011-1143/batch_1597.png,impostor,0.9859033226966858,0.7360067367553711,0.2498965859413147,false_accept
/home/lorenzo/Documenti/GitHub/HandVerify/datasets/processed-handwritten/rimes_processed/train2011-1194/batch_1969.png,/home/lorenzo/Documenti/GitHub/HandVerify/datasets/processed-handwritten/rimes_processed/train2011-167/batch_4152.png,impostor,0.8823007941246033,0.7360067367553711,0.14629405736923218,false_accept
/home/lorenzo/Documenti/GitHub/HandVerify/datasets/processed-handwritten/rimes_processed/eval2011-90/batch_578.png,/home/lorenzo/Documenti/GitHub/HandVerify/datasets/processed-handwritten/rimes_processed/train2011-274/batch_4942.png,impostor,0.9260759353637695,0.7360067367553711,0.19006919860839844,false_accept
/home/lorenzo/Documenti/GitHub/HandVerify/datasets/processed-handwritten/rimes_processed/train2011-241/batch_4726.png,/home/lorenzo/Documenti/GitHub/HandVerify/datasets/processed-handwritten/rimes_processed/train2011-241/mosaic_002.png,genuine,0.7357462048530579,0.7360067367553711,-0.0002605319023132324,false_reject
/home/lorenzo/Documenti/GitHub/HandVerify/datasets/processed-handwritten/rimes_processed/train2011-1299/batch_2661.png,/home/lorenzo/Documenti/GitHub/HandVerify/datasets/processed-handwritten/rimes_processed/train2011-376/batch_5785.png,impostor,0.9263091087341309,0.7360067367553711,0.19030237197875977,false_accept
/home/lorenzo/Documenti/GitHub/HandVerify/datasets/processed-handwritten/rimes_processed/train2011-142/batch_3494.png,/home/lorenzo/Documenti/GitHub/HandVerify/datasets/processed-handwritten/rimes_processed/train2011-142/batch_3499.png,genuine,0.5798523426055908,0.7360067367553711,-0.15615439414978027,false_reject
/home/lorenzo/Documenti/GitHub/HandVerify/datasets/processed-handwritten/rimes_processed/train2011-166/mosaic_000.png,/home/lorenzo/Documenti/GitHub/HandVerify/datasets/processed-handwritten/rimes_processed/train2011-357/batch_5615.png,impostor,0.7387096881866455,0.7360067367553711,0.002702951431274414,false_accept
/home/lorenzo/Documenti/GitHub/HandVerify/datasets/processed-handwritten/rimes_processed/eval2011-13/batch_026.png,/home/lorenzo/Documenti/GitHub/HandVerify/datasets/processed-handwritten/rimes_processed/train2011-96/mosaic_000.png,impostor,0.8009790182113647,0.7360067367553711,0.06497228145599365,false_accept
/home/lorenzo/Documenti/GitHub/HandVerify/datasets/processed-handwritten/rimes_processed/train2011-1019/batch_777.png,/home/lorenzo/Documenti/GitHub/HandVerify/datasets/processed-handwritten/rimes_processed/train2011-1019/batch_780.png,genuine,0.6037055850028992,0.7360067367553711,-0.13230115175247192,false_reject
/home/lorenzo/Documenti/GitHub/HandVerify/datasets/processed-handwritten/rimes_processed/train2011-1498/batch_4034.png,/home/lorenzo/Documenti/GitHub/HandVerify/datasets/processed-handwritten/rimes_processed/train2011-1498/mosaic_001.png,genuine,0.7164434790611267,0.7360067367553711,-0.019563257694244385,false_reject
/home/lorenzo/Documenti/GitHub/HandVerify/datasets/processed-handwritten/rimes_processed/train2011-328/batch_5357.png,/home/lorenzo/Documenti/GitHub/HandVerify/datasets/processed-handwritten/rimes_processed/train2011-748/batch_8473.png,impostor,0.8168994188308716,0.7360067367553711,0.08089268207550049,false_accept
/home/lorenzo/Documenti/GitHub/HandVerify/datasets/processed-handwritten/rimes_processed/train2011-139/batch_3287.png,/home/lorenzo/Documenti/GitHub/HandVerify/datasets/processed-handwritten/rimes_processed/train2011-333/batch_5399.png,impostor,0.9570819139480591,0.7360067367553711,0.221075177192688,false_accept
/home/lorenzo/Documenti/GitHub/HandVerify/datasets/processed-handwritten/rimes_processed/train2011-118/batch_1930.png,/home/lorenzo/Documenti/GitHub/HandVerify/datasets/processed-handwritten/rimes_processed/train2011-212/batch_4473.png,impostor,0.9131966829299927,0.7360067367553711,0.17718994617462158,false_accept
/home/lorenzo/Documenti/GitHub/HandVerify/datasets/processed-handwritten/rimes_processed/train2011-472/mosaic_001.png,/home/lorenzo/Documenti/GitHub/HandVerify/datasets/processed-handwritten/rimes_processed/train2011-501/batch_6753.png,impostor,0.8215891122817993,0.7360067367553711,0.08558237552642822,false_accept
/home/lorenzo/Documenti/GitHub/HandVerify/datasets/processed-handwritten/rimes_processed/train2011-207/batch_4441.png,/home/lorenzo/Documenti/GitHub/HandVerify/datasets/processed-handwritten/rimes_processed/train2011-538/batch_6990.png,impostor,0.9363709688186646,0.7360067367553711,0.20036423206329346,false_accept
/home/lorenzo/Documenti/GitHub/HandVerify/datasets/processed-handwritten/rimes_processed/train2011-220/mosaic_001.png,/home/lorenzo/Documenti/GitHub/HandVerify/datasets/processed-handwritten/rimes_processed/train2011-220/batch_4546.png,genuine,0.341222882270813,0.7360067367553711,-0.3947838544845581,false_reject
/home/lorenzo/Documenti/GitHub/HandVerify/datasets/processed-handwritten/rimes_processed/eval2011-66/batch_400.png,/home/lorenzo/Documenti/GitHub/HandVerify/datasets/processed-handwritten/rimes_processed/train2011-849/batch_9139.png,impostor,0.9557673931121826,0.7360067367553711,0.21976065635681152,false_accept
/home/lorenzo/Documenti/GitHub/HandVerify/datasets/processed-handwritten/rimes_processed/train2011-1294/batch_2633.png,/home/lorenzo/Documenti/GitHub/HandVerify/datasets/processed-handwritten/rimes_processed/train2011-1493/mosaic_000.png,impostor,0.7980437278747559,0.7360067367553711,0.062036991119384766,false_accept
/home/lorenzo/Documenti/GitHub/HandVerify/datasets/processed-handwritten/rimes_processed/train2011-1349/batch_2993.png,/home/lorenzo/Documenti/GitHub/HandVerify/datasets/processed-handwritten/rimes_processed/train2011-1349/mosaic_000.png,genuine,0.6415701508522034,0.7360067367553711,-0.09443658590316772,false_reject
/home/lorenzo/Documenti/GitHub/HandVerify/datasets/processed-handwritten/rimes_processed/train2011-239/batch_4696.png,/home/lorenzo/Documenti/GitHub/HandVerify/datasets/processed-handwritten/rimes_processed/train2011-959/batch_9796.png,impostor,0.8912121653556824,0.7360067367553711,0.15520542860031128,false_accept
/home/lorenzo/Documenti/GitHub/HandVerify/datasets/processed-handwritten/rimes_processed/train2011-1411/batch_3363.png,/home/lorenzo/Documenti/GitHub/HandVerify/datasets/processed-handwritten/rimes_processed/train2011-1411/batch_3369.png,genuine,0.7300597429275513,0.7360067367553711,-0.005946993827819824,false_reject
/home/lorenzo/Documenti/GitHub/HandVerify/datasets/processed-handwritten/rimes_processed/train2011-166/batch_4146.png,/home/lorenzo/Documenti/GitHub/HandVerify/datasets/processed-handwritten/rimes_processed/train2011-438/batch_6284.png,impostor,0.8268390893936157,0.7360067367553711,0.09083235263824463,false_accept
/home/lorenzo/Documenti/GitHub/HandVerify/datasets/processed-handwritten/rimes_processed/eval2011-65/batch_399.png,/home/lorenzo/Documenti/GitHub/HandVerify/datasets/processed-handwritten/rimes_processed/train2011-160/batch_4113.png,impostor,0.9449410438537598,0.7360067367553711,0.20893430709838867,false_accept
/home/lorenzo/Documenti/GitHub/HandVerify/datasets/processed-handwritten/rimes_processed/train2011-431/batch_6237.png,/home/lorenzo/Documenti/GitHub/HandVerify/datasets/processed-handwritten/rimes_processed/train2011-744/batch_8441.png,impostor,0.7953793406486511,0.7360067367553711,0.05937260389328003,false_accept
/home/lorenzo/Documenti/GitHub/HandVerify/datasets/processed-handwritten/rimes_processed/train2011-108/batch_1229.png,/home/lorenzo/Documenti/GitHub/HandVerify/datasets/processed-handwritten/rimes_processed/train2011-1316/batch_2795.png,impostor,0.9509851932525635,0.7360067367553711,0.21497845649719238,false_accept
/home/lorenzo/Documenti/GitHub/HandVerify/datasets/processed-handwritten/rimes_processed/train2011-992/batch_10018.png,/home/lorenzo/Documenti/GitHub/HandVerify/datasets/processed-handwritten/rimes_processed/train2011-992/mosaic_001.png,genuine,0.6755906939506531,0.7360067367553711,-0.06041604280471802,false_reject
/home/lorenzo/Documenti/GitHub/HandVerify/datasets/processed-handwritten/rimes_processed/train2011-757/batch_8535.png,/home/lorenzo/Documenti/GitHub/HandVerify/datasets/processed-handwritten/rimes_processed/train2011-966/batch_9836.png,impostor,0.8709194660186768,0.7360067367553711,0.13491272926330566,false_accept
/home/lorenzo/Documenti/GitHub/HandVerify/datasets/processed-handwritten/rimes_processed/train2011-1155/mosaic_000.png,/home/lorenzo/Documenti/GitHub/HandVerify/datasets/processed-handwritten/rimes_processed/train2011-526/mosaic_000.png,impostor,0.8183789253234863,0.7360067367553711,0.08237218856811523,false_accept
/home/lorenzo/Documenti/GitHub/HandVerify/datasets/processed-handwritten/rimes_processed/train2011-440/batch_6309.png,/home/lorenzo/Documenti/GitHub/HandVerify/datasets/processed-handwritten/rimes_processed/train2011-577/mosaic_001.png,impostor,0.8348740339279175,0.7360067367553711,0.09886729717254639,false_accept
/home/lorenzo/Documenti/GitHub/HandVerify/datasets/processed-handwritten/rimes_processed/train2011-23/batch_4707.png,/home/lorenzo/Documenti/GitHub/HandVerify/datasets/processed-handwritten/rimes_processed/train2011-96/batch_9864.png,impostor,0.7831539511680603,0.7360067367553711,0.04714721441268921,false_accept
/home/lorenzo/Documenti/GitHub/HandVerify/datasets/processed-handwritten/rimes_processed/train2011-1454/batch_3676.png,/home/lorenzo/Documenti/GitHub/HandVerify/datasets/processed-handwritten/rimes_processed/train2011-23/batch_4701.png,impostor,0.8927902579307556,0.7360067367553711,0.15678352117538452,false_accept
/home/lorenzo/Documenti/GitHub/HandVerify/datasets/processed-handwritten/rimes_processed/train2011-1364/batch_3067.png,/home/lorenzo/Documenti/GitHub/HandVerify/datasets/processed-handwritten/rimes_processed/train2011-468/batch_6492.png,impostor,0.9536760449409485,0.7360067367553711,0.2176693081855774,false_accept
/home/lorenzo/Documenti/GitHub/HandVerify/datasets/processed-handwritten/rimes_processed/train2011-206/batch_4440.png,/home/lorenzo/Documenti/GitHub/HandVerify/datasets/processed-handwritten/rimes_processed/train2011-626/batch_7598.png,impostor,0.9588590264320374,0.7360067367553711,0.22285228967666626,false_accept
/home/lorenzo/Documenti/GitHub/HandVerify/datasets/processed-handwritten/rimes_processed/train2011-1280/batch_2544.png,/home/lorenzo/Documenti/GitHub/HandVerify/datasets/processed-handwritten/rimes_processed/train2011-715/batch_8248.png,impostor,0.9583540558815002,0.7360067367553711,0.22234731912612915,false_accept
/home/lorenzo/Documenti/GitHub/HandVerify/datasets/processed-handwritten/rimes_processed/train2011-1086/batch_1197.png,/home/lorenzo/Documenti/GitHub/HandVerify/datasets/processed-handwritten/rimes_processed/train2011-1336/batch_2930.png,impostor,0.8628403544425964,0.7360067367553711,0.12683361768722534,false_accept
/home/lorenzo/Documenti/GitHub/HandVerify/datasets/processed-handwritten/rimes_processed/train2011-1003/mosaic_001.png,/home/lorenzo/Documenti/GitHub/HandVerify/datasets/processed-handwritten/rimes_processed/train2011-1243/batch_2309.png,impostor,0.7749887108802795,0.7360067367553711,0.03898197412490845,false_accept
/home/lorenzo/Documenti/GitHub/HandVerify/datasets/processed-handwritten/rimes_processed/train2011-435/batch_6268.png,/home/lorenzo/Documenti/GitHub/HandVerify/datasets/processed-handwritten/rimes_processed/train2011-686/batch_8044.png,impostor,0.8223748207092285,0.7360067367553711,0.08636808395385742,false_accept
/home/lorenzo/Documenti/GitHub/HandVerify/datasets/processed-handwritten/rimes_processed/train2011-1253/batch_2366.png,/home/lorenzo/Documenti/GitHub/HandVerify/datasets/processed-handwritten/rimes_processed/train2011-386/mosaic_001.png,impostor,0.7835252285003662,0.7360067367553711,0.04751849174499512,false_accept
/home/lorenzo/Documenti/GitHub/HandVerify/datasets/processed-handwritten/rimes_processed/eval2011-66/batch_406.png,/home/lorenzo/Documenti/GitHub/HandVerify/datasets/processed-handwritten/rimes_processed/train2011-296/batch_5104.png,impostor,0.865932285785675,0.7360067367553711,0.12992554903030396,false_accept
/home/lorenzo/Documenti/GitHub/HandVerify/datasets/processed-handwritten/rimes_processed/train2011-60/batch_7479.png,/home/lorenzo/Documenti/GitHub/HandVerify/datasets/processed-handwritten/rimes_processed/train2011-771/batch_8650.png,impostor,0.8395607471466064,0.7360067367553711,0.10355401039123535,false_accept
/home/lorenzo/Documenti/GitHub/HandVerify/datasets/processed-handwritten/rimes_processed/train2011-52/batch_6939.png,/home/lorenzo/Documenti/GitHub/HandVerify/datasets/processed-handwritten/rimes_processed/train2011-520/batch_6880.png,impostor,0.8611483573913574,0.7360067367553711,0.12514162063598633,false_accept
/home/lorenzo/Documenti/GitHub/HandVerify/datasets/processed-handwritten/rimes_processed/train2011-177/batch_4226.png,/home/lorenzo/Documenti/GitHub/HandVerify/datasets/processed-handwritten/rimes_processed/train2011-28/batch_5058.png,impostor,0.919146716594696,0.7360067367553711,0.18313997983932495,false_accept
/home/lorenzo/Documenti/GitHub/HandVerify/datasets/processed-handwritten/rimes_processed/train2011-1444/batch_3603.png,/home/lorenzo/Documenti/GitHub/HandVerify/datasets/processed-handwritten/rimes_processed/train2011-844/batch_9113.png,impostor,0.8592725992202759,0.7360067367553711,0.12326586246490479,false_accept
/home/lorenzo/Documenti/GitHub/HandVerify/datasets/processed-handwritten/rimes_processed/train2011-2/batch_5131.png,/home/lorenzo/Documenti/GitHub/HandVerify/datasets/processed-handwritten/rimes_processed/train2011-338/batch_5437.png,impostor,0.8097290992736816,0.7360067367553711,0.07372236251831055,false_accept
/home/lorenzo/Documenti/GitHub/HandVerify/datasets/processed-handwritten/rimes_processed/train2011-692/batch_8087.png,/home/lorenzo/Documenti/GitHub/HandVerify/datasets/processed-handwritten/rimes_processed/train2011-862/mosaic_001.png,impostor,0.8820465803146362,0.7360067367553711,0.14603984355926514,false_accept
/home/lorenzo/Documenti/GitHub/HandVerify/datasets/processed-handwritten/rimes_processed/train2011-307/batch_5193.png,/home/lorenzo/Documenti/GitHub/HandVerify/datasets/processed-handwritten/rimes_processed/train2011-333/batch_5405.png,impostor,0.8855468034744263,0.7360067367553711,0.14954006671905518,false_accept
/home/lorenzo/Documenti/GitHub/HandVerify/datasets/processed-handwritten/rimes_processed/train2011-747/batch_8464.png,/home/lorenzo/Documenti/GitHub/HandVerify/datasets/processed-handwritten/rimes_processed/train2011-997/batch_10042.png,impostor,0.9760419130325317,0.7360067367553711,0.24003517627716064,false_accept
/home/lorenzo/Documenti/GitHub/HandVerify/datasets/processed-handwritten/rimes_processed/train2011-121/batch_2134.png,/home/lorenzo/Documenti/GitHub/HandVerify/datasets/processed-handwritten/rimes_processed/train2011-121/mosaic_001.png,genuine,0.6135843396186829,0.7360067367553711,-0.12242239713668823,false_reject
/home/lorenzo/Documenti/GitHub/HandVerify/datasets/processed-handwritten/rimes_processed/train2011-1318/batch_2812.png,/home/lorenzo/Documenti/GitHub/HandVerify/datasets/processed-handwritten/rimes_processed/train2011-887/batch_9364.png,impostor,0.803524911403656,0.7360067367553711,0.06751817464828491,false_accept
/home/lorenzo/Documenti/GitHub/HandVerify/datasets/processed-handwritten/rimes_processed/train2011-1058/mosaic_000.png,/home/lorenzo/Documenti/GitHub/HandVerify/datasets/processed-handwritten/rimes_processed/train2011-1181/batch_1873.png,impostor,0.768426775932312,0.7360067367553711,0.03242003917694092,false_accept
/home/lorenzo/Documenti/GitHub/HandVerify/datasets/processed-handwritten/rimes_processed/train2011-358/batch_5623.png,/home/lorenzo/Documenti/GitHub/HandVerify/datasets/processed-handwritten/rimes_processed/train2011-482/batch_6595.png,impostor,0.9266180992126465,0.7360067367553711,0.1906113624572754,false_accept
/home/lorenzo/Documenti/GitHub/HandVerify/datasets/processed-handwritten/rimes_processed/train2011-175/batch_4206.png,/home/lorenzo/Documenti/GitHub/HandVerify/datasets/processed-handwritten/rimes_processed/train2011-680/mosaic_000.png,impostor,0.8743774890899658,0.7360067367553711,0.13837075233459473,false_accept
/home/lorenzo/Documenti/GitHub/HandVerify/datasets/processed-handwritten/rimes_processed/train2011-384/batch_5845.png,/home/lorenzo/Documenti/GitHub/HandVerify/datasets/processed-handwritten/rimes_processed/train2011-650/batch_7766.png,impostor,0.9813600182533264,0.7360067367553711,0.24535328149795532,false_accept
/home/lorenzo/Documenti/GitHub/HandVerify/datasets/processed-handwritten/rimes_processed/train2011-1131/batch_1522.png,/home/lorenzo/Documenti/GitHub/HandVerify/datasets/processed-handwritten/rimes_processed/train2011-558/batch_7131.png,impostor,0.9228492379188538,0.7360067367553711,0.18684250116348267,false_accept
/home/lorenzo/Documenti/GitHub/HandVerify/datasets/processed-handwritten/rimes_processed/train2011-1381/batch_3168.png,/home/lorenzo/Documenti/GitHub/HandVerify/datasets/processed-handwritten/rimes_processed/train2011-1381/mosaic_001.png,genuine,0.7336271405220032,0.7360067367553711,-0.00237959623336792,false_reject
/home/lorenzo/Documenti/GitHub/HandVerify/datasets/processed-handwritten/rimes_processed/train2011-1022/batch_804.png,/home/lorenzo/Documenti/GitHub/HandVerify/datasets/processed-handwritten/rimes_processed/train2011-530/batch_6948.png,impostor,0.9452943801879883,0.7360067367553711,0.2092876434326172,false_accept
/home/lorenzo/Documenti/GitHub/HandVerify/datasets/processed-handwritten/rimes_processed/train2011-698/batch_8143.png,/home/lorenzo/Documenti/GitHub/HandVerify/datasets/processed-handwritten/rimes_processed/train2011-918/batch_9562.png,impostor,0.9001890420913696,0.7360067367553711,0.16418230533599854,false_accept
/home/lorenzo/Documenti/GitHub/HandVerify/datasets/processed-handwritten/rimes_processed/train2011-1111/batch_1403.png,/home/lorenzo/Documenti/GitHub/HandVerify/datasets/processed-handwritten/rimes_processed/train2011-1111/batch_1397.png,genuine,0.7192450761795044,0.7360067367553711,-0.0167616605758667,false_reject
/home/lorenzo/Documenti/GitHub/HandVerify/datasets/processed-handwritten/rimes_processed/train2011-154/batch_4079.png,/home/lorenzo/Documenti/GitHub/HandVerify/datasets/processed-handwritten/rimes_processed/train2011-73/batch_8404.png,impostor,0.9316959977149963,0.7360067367553711,0.19568926095962524,false_accept
/home/lorenzo/Documenti/GitHub/HandVerify/datasets/processed-handwritten/rimes_processed/train2011-983/batch_9960.png,/home/lorenzo/Documenti/GitHub/HandVerify/datasets/processed-handwritten/rimes_processed/train2011-983/mosaic_000.png,genuine,0.4700532555580139,0.7360067367553711,-0.2659534811973572,false_reject
/home/lorenzo/Documenti/GitHub/HandVerify/datasets/processed-handwritten/rimes_processed/train2011-128/mosaic_001.png,/home/lorenzo/Documenti/GitHub/HandVerify/datasets/processed-handwritten/rimes_processed/train2011-920/mosaic_001.png,impostor,0.849356472492218,0.7360067367553711,0.11334973573684692,false_accept
/home/lorenzo/Documenti/GitHub/HandVerify/datasets/processed-handwritten/rimes_processed/eval2011-40/mosaic_001.png,/home/lorenzo/Documenti/GitHub/HandVerify/datasets/processed-handwritten/rimes_processed/eval2011-40/batch_235.png,genuine,0.6227480173110962,0.7360067367553711,-0.1132587194442749,false_reject
/home/lorenzo/Documenti/GitHub/HandVerify/datasets/processed-handwritten/rimes_processed/eval2011-8/mosaic_001.png,/home/lorenzo/Documenti/GitHub/HandVerify/datasets/processed-handwritten/rimes_processed/train2011-163/mosaic_000.png,impostor,0.8408814072608948,0.7360067367553711,0.10487467050552368,false_accept
/home/lorenzo/Documenti/GitHub/HandVerify/datasets/processed-handwritten/rimes_processed/train2011-215/batch_4498.png,/home/lorenzo/Documenti/GitHub/HandVerify/datasets/processed-handwritten/rimes_processed/train2011-734/batch_8377.png,impostor,0.9269319772720337,0.7360067367553711,0.1909252405166626,false_accept
/home/lorenzo/Documenti/GitHub/HandVerify/datasets/processed-handwritten/rimes_processed/train2011-433/mosaic_001.png,/home/lorenzo/Documenti/GitHub/HandVerify/datasets/processed-handwritten/rimes_processed/train2011-434/batch_6256.png,impostor,0.8135970234870911,0.7360067367553711,0.07759028673171997,false_accept
/home/lorenzo/Documenti/GitHub/HandVerify/datasets/processed-handwritten/rimes_processed/train2011-170/batch_4177.png,/home/lorenzo/Documenti/GitHub/HandVerify/datasets/processed-handwritten/rimes_processed/train2011-720/batch_8292.png,impostor,0.8537682294845581,0.7360067367553711,0.11776149272918701,false_accept
/home/lorenzo/Documenti/GitHub/HandVerify/datasets/processed-handwritten/rimes_processed/train2011-1439/batch_3564.png,/home/lorenzo/Documenti/GitHub/HandVerify/datasets/processed-handwritten/rimes_processed/train2011-799/mosaic_000.png,impostor,0.8047393560409546,0.7360067367553711,0.0687326192855835,false_accept
/home/lorenzo/Documenti/GitHub/HandVerify/datasets/processed-handwritten/rimes_processed/train2011-144/batch_3644.png,/home/lorenzo/Documenti/GitHub/HandVerify/datasets/processed-handwritten/rimes_processed/train2011-691/batch_8078.png,impostor,0.9414283037185669,0.7360067367553711,0.2054215669631958,false_accept
/home/lorenzo/Documenti/GitHub/HandVerify/datasets/processed-handwritten/rimes_processed/train2011-1237/batch_2252.png,/home/lorenzo/Documenti/GitHub/HandVerify/datasets/processed-handwritten/rimes_processed/train2011-279/batch_5004.png,impostor,0.9403754472732544,0.7360067367553711,0.2043687105178833,false_accept
/home/lorenzo/Documenti/GitHub/HandVerify/datasets/processed-handwritten/rimes_processed/train2011-322/batch_5301.png,/home/lorenzo/Documenti/GitHub/HandVerify/datasets/processed-handwritten/rimes_processed/train2011-989/mosaic_000.png,impostor,0.8375024199485779,0.7360067367553711,0.10149568319320679,false_accept
/home/lorenzo/Documenti/GitHub/HandVerify/datasets/processed-handwritten/rimes_processed/train2011-266/batch_4887.png,/home/lorenzo/Documenti/GitHub/HandVerify/datasets/processed-handwritten/rimes_processed/train2011-431/batch_6222.png,impostor,0.8380770683288574,0.7360067367553711,0.10207033157348633,false_accept
/home/lorenzo/Documenti/GitHub/HandVerify/datasets/processed-handwritten/rimes_processed/train2011-1080/mosaic_000.png,/home/lorenzo/Documenti/GitHub/HandVerify/datasets/processed-handwritten/rimes_processed/train2011-1468/batch_3802.png,impostor,0.7529706954956055,0.7360067367553711,0.016963958740234375,false_accept
/home/lorenzo/Documenti/GitHub/HandVerify/datasets/processed-handwritten/rimes_processed/train2011-1187/batch_1913.png,/home/lorenzo/Documenti/GitHub/HandVerify/datasets/processed-handwritten/rimes_processed/train2011-543/batch_7035.png,impostor,0.9317606687545776,0.7360067367553711,0.19575393199920654,false_accept
/home/lorenzo/Documenti/GitHub/HandVerify/datasets/processed-handwritten/rimes_processed/train2011-231/mosaic_002.png,/home/lorenzo/Documenti/GitHub/HandVerify/datasets/processed-handwritten/rimes_processed/train2011-231/batch_4627.png,genuine,0.5448474287986755,0.7360067367553711,-0.19115930795669556,false_reject
/home/lorenzo/Documenti/GitHub/HandVerify/datasets/processed-handwritten/rimes_processed/train2011-1485/batch_3937.png,/home/lorenzo/Documenti/GitHub/HandVerify/datasets/processed-handwritten/rimes_processed/train2011-346/batch_5513.png,impostor,0.8972115516662598,0.7360067367553711,0.16120481491088867,false_accept
/home/lorenzo/Documenti/GitHub/HandVerify/datasets/processed-handwritten/rimes_processed/train2011-845/batch_9119.png,/home/lorenzo/Documenti/GitHub/HandVerify/datasets/processed-handwritten/rimes_processed/train2011-959/batch_9799.png,impostor,0.8823526501655579,0.7360067367553711,0.14634591341018677,false_accept
/home/lorenzo/Documenti/GitHub/HandVerify/datasets/processed-handwritten/rimes_processed/train2011-184/batch_4285.png,/home/lorenzo/Documenti/GitHub/HandVerify/datasets/processed-handwritten/rimes_processed/train2011-530/batch_6947.png,impostor,0.9058700203895569,0.7360067367553711,0.1698632836341858,false_accept
/home/lorenzo/Documenti/GitHub/HandVerify/datasets/processed-handwritten/rimes_processed/train2011-66/batch_7914.png,/home/lorenzo/Documenti/GitHub/HandVerify/datasets/processed-handwritten/rimes_processed/train2011-757/mosaic_000.png,impostor,0.7411627769470215,0.7360067367553711,0.005156040191650391,false_accept
/home/lorenzo/Documenti/GitHub/HandVerify/datasets/processed-handwritten/rimes_processed/train2011-1454/batch_3675.png,/home/lorenzo/Documenti/GitHub/HandVerify/datasets/processed-handwritten/rimes_processed/train2011-1454/batch_3668.png,genuine,0.5224862694740295,0.7360067367553711,-0.21352046728134155,false_reject
/home/lorenzo/Documenti/GitHub/HandVerify/datasets/processed-handwritten/rimes_processed/train2011-433/mosaic_000.png,/home/lorenzo/Documenti/GitHub/HandVerify/datasets/processed-handwritten/rimes_processed/train2011-582/batch_7277.png,impostor,0.7422221302986145,0.7360067367553711,0.006215393543243408,false_accept
/home/lorenzo/Documenti/GitHub/HandVerify/datasets/processed-handwritten/rimes_processed/train2011-235/batch_4653.png,/home/lorenzo/Documenti/GitHub/HandVerify/datasets/processed-handwritten/rimes_processed/train2011-459/batch_6421.png,impostor,0.9589565396308899,0.7360067367553711,0.2229498028755188,false_accept
/home/lorenzo/Documenti/GitHub/HandVerify/datasets/processed-handwritten/rimes_processed/train2011-255/batch_4821.png,/home/lorenzo/Documenti/GitHub/HandVerify/datasets/processed-handwritten/rimes_processed/train2011-715/mosaic_000.png,impostor,0.7503905892372131,0.7360067367553711,0.014383852481842041,false_accept
/home/lorenzo/Documenti/GitHub/HandVerify/datasets/processed-handwritten/rimes_processed/train2011-338/batch_5435.png,/home/lorenzo/Documenti/GitHub/HandVerify/datasets/processed-handwritten/rimes_processed/train2011-593/mosaic_000.png,impostor,0.8504631519317627,0.7360067367553711,0.1144564151763916,false_accept
/home/lorenzo/Documenti/GitHub/HandVerify/datasets/processed-handwritten/rimes_processed/eval2011-41/mosaic_000.png,/home/lorenzo/Documenti/GitHub/HandVerify/datasets/processed-handwritten/rimes_processed/train2011-1404/batch_3320.png,impostor,0.775483250617981,0.7360067367553711,0.03947651386260986,false_accept
/home/lorenzo/Documenti/GitHub/HandVerify/datasets/processed-handwritten/rimes_processed/train2011-1138/batch_1562.png,/home/lorenzo/Documenti/GitHub/HandVerify/datasets/processed-handwritten/rimes_processed/train2011-869/batch_9258.png,impostor,0.8456321954727173,0.7360067367553711,0.10962545871734619,false_accept
/home/lorenzo/Documenti/GitHub/HandVerify/datasets/processed-handwritten/rimes_processed/train2011-482/batch_6596.png,/home/lorenzo/Documenti/GitHub/HandVerify/datasets/processed-handwritten/rimes_processed/train2011-788/batch_8769.png,impostor,0.8665398955345154,0.7360067367553711,0.1305331587791443,false_accept
/home/lorenzo/Documenti/GitHub/HandVerify/datasets/processed-handwritten/rimes_processed/eval2011-3/batch_226.png,/home/lorenzo/Documenti/GitHub/HandVerify/datasets/processed-handwritten/rimes_processed/train2011-867/batch_9249.png,impostor,0.9844415783882141,0.7360067367553711,0.24843484163284302,false_accept
/home/lorenzo/Documenti/GitHub/HandVerify/datasets/processed-handwritten/rimes_processed/train2011-396/batch_5939.png,/home/lorenzo/Documenti/GitHub/HandVerify/datasets/processed-handwritten/rimes_processed/train2011-396/mosaic_001.png,genuine,0.37688761949539185,0.7360067367553711,-0.35911911725997925,false_reject
/home/lorenzo/Documenti/GitHub/HandVerify/datasets/processed-handwritten/rimes_processed/train2011-490/batch_6671.png,/home/lorenzo/Documenti/GitHub/HandVerify/datasets/processed-handwritten/rimes_processed/train2011-490/mosaic_000.png,genuine,0.5636326670646667,0.7360067367553711,-0.17237406969070435,false_reject
/home/lorenzo/Documenti/GitHub/HandVerify/datasets/processed-handwritten/rimes_processed/train2011-1106/batch_1352.png,/home/lorenzo/Documenti/GitHub/HandVerify/datasets/processed-handwritten/rimes_processed/train2011-919/batch_9566.png,impostor,0.7789806127548218,0.7360067367553711,0.042973875999450684,false_accept
/home/lorenzo/Documenti/GitHub/HandVerify/datasets/processed-handwritten/rimes_processed/train2011-625/mosaic_003.png,/home/lorenzo/Documenti/GitHub/HandVerify/datasets/processed-handwritten/rimes_processed/train2011-625/batch_7579.png,genuine,0.6685271859169006,0.7360067367553711,-0.06747955083847046,false_reject
/home/lorenzo/Documenti/GitHub/HandVerify/datasets/processed-handwritten/rimes_processed/train2011-330/batch_5377.png,/home/lorenzo/Documenti/GitHub/HandVerify/datasets/processed-handwritten/rimes_processed/train2011-63/batch_7691.png,impostor,0.905292272567749,0.7360067367553711,0.16928553581237793,false_accept
/home/lorenzo/Documenti/GitHub/HandVerify/datasets/processed-handwritten/rimes_processed/eval2011-46/batch_276.png,/home/lorenzo/Documenti/GitHub/HandVerify/datasets/processed-handwritten/rimes_processed/train2011-721/batch_8298.png,impostor,0.9031745791435242,0.7360067367553711,0.16716784238815308,false_accept
/home/lorenzo/Documenti/GitHub/HandVerify/datasets/processed-handwritten/rimes_processed/train2011-1137/batch_1560.png,/home/lorenzo/Documenti/GitHub/HandVerify/datasets/processed-handwritten/rimes_processed/train2011-625/batch_7573.png,impostor,0.9260067939758301,0.7360067367553711,0.19000005722045898,false_accept
/home/lorenzo/Documenti/GitHub/HandVerify/datasets/processed-handwritten/rimes_processed/train2011-1242/batch_2290.png,/home/lorenzo/Documenti/GitHub/HandVerify/datasets/processed-handwritten/rimes_processed/train2011-563/batch_7171.png,impostor,0.9215449094772339,0.7360067367553711,0.1855381727218628,false_accept
/home/lorenzo/Documenti/GitHub/HandVerify/datasets/processed-handwritten/rimes_processed/train2011-1374/mosaic_001.png,/home/lorenzo/Documenti/GitHub/HandVerify/datasets/processed-handwritten/rimes_processed/train2011-787/mosaic_000.png,impostor,0.797447681427002,0.7360067367553711,0.06144094467163086,false_accept
/home/lorenzo/Documenti/GitHub/HandVerify/datasets/processed-handwritten/rimes_processed/train2011-556/mosaic_002.png,/home/lorenzo/Documenti/GitHub/HandVerify/datasets/processed-handwritten/rimes_processed/train2011-556/batch_7121.png,genuine,0.5572803020477295,0.7360067367553711,-0.1787264347076416,false_reject
/home/lorenzo/Documenti/GitHub/HandVerify/datasets/processed-handwritten/rimes_processed/train2011-1037/batch_886.png,/home/lorenzo/Documenti/GitHub/HandVerify/datasets/processed-handwritten/rimes_processed/train2011-588/mosaic_000.png,impostor,0.7925953269004822,0.7360067367553711,0.056588590145111084,false_accept
/home/lorenzo/Documenti/GitHub/HandVerify/datasets/processed-handwritten/rimes_processed/train2011-1442/batch_3599.png,/home/lorenzo/Documenti/GitHub/HandVerify/datasets/processed-handwritten/rimes_processed/train2011-929/batch_9624.png,impostor,0.7828761339187622,0.7360067367553711,0.04686939716339111,false_accept
/home/lorenzo/Documenti/GitHub/HandVerify/datasets/processed-handwritten/rimes_processed/train2011-408/mosaic_001.png,/home/lorenzo/Documenti/GitHub/HandVerify/datasets/processed-handwritten/rimes_processed/train2011-719/batch_8273.png,impostor,0.8061818480491638,0.7360067367553711,0.07017511129379272,false_accept
/home/lorenzo/Documenti/GitHub/HandVerify/datasets/processed-handwritten/rimes_processed/train2011-1013/mosaic_000.png,/home/lorenzo/Documenti/GitHub/HandVerify/datasets/processed-handwritten/rimes_processed/train2011-1434/mosaic_001.png,impostor,0.962605357170105,0.7360067367553711,0.2265986204147339,false_accept
/home/lorenzo/Documenti/GitHub/HandVerify/datasets/processed-handwritten/rimes_processed/train2011-1430/batch_3500.png,/home/lorenzo/Documenti/GitHub/HandVerify/datasets/processed-handwritten/rimes_processed/train2011-1444/batch_3608.png,impostor,0.9552794098854065,0.7360067367553711,0.2192726731300354,false_accept
/home/lorenzo/Documenti/GitHub/HandVerify/datasets/processed-handwritten/rimes_processed/train2011-117/batch_1858.png,/home/lorenzo/Documenti/GitHub/HandVerify/datasets/processed-handwritten/rimes_processed/train2011-578/batch_7258.png,impostor,0.8858499526977539,0.7360067367553711,0.1498432159423828,false_accept
/home/lorenzo/Documenti/GitHub/HandVerify/datasets/processed-handwritten/rimes_processed/train2011-1217/batch_2120.png,/home/lorenzo/Documenti/GitHub/HandVerify/datasets/processed-handwritten/rimes_processed/train2011-358/mosaic_001.png,impostor,0.8658524751663208,0.7360067367553711,0.1298457384109497,false_accept
/home/lorenzo/Documenti/GitHub/HandVerify/datasets/processed-handwritten/rimes_processed/eval2011-93/batch_606.png,/home/lorenzo/Documenti/GitHub/HandVerify/datasets/processed-handwritten/rimes_processed/train2011-802/batch_8874.png,impostor,0.8914252519607544,0.7360067367553711,0.1554185152053833,false_accept
/home/lorenzo/Documenti/GitHub/HandVerify/datasets/processed-handwritten/rimes_processed/train2011-1476/batch_3870.png,/home/lorenzo/Documenti/GitHub/HandVerify/datasets/processed-handwritten/rimes_processed/train2011-653/batch_7795.png,impostor,0.9083907604217529,0.7360067367553711,0.17238402366638184,false_accept
/home/lorenzo/Documenti/GitHub/HandVerify/datasets/processed-handwritten/rimes_processed/train2011-1275/batch_2514.png,/home/lorenzo/Documenti/GitHub/HandVerify/datasets/processed-handwritten/rimes_processed/train2011-396/batch_5937.png,impostor,0.8692911863327026,0.7360067367553711,0.13328444957733154,false_accept
/home/lorenzo/Documenti/GitHub/HandVerify/datasets/processed-handwritten/rimes_processed/train2011-770/batch_8643.png,/home/lorenzo/Documenti/GitHub/HandVerify/datasets/processed-handwritten/rimes_processed/train2011-770/mosaic_000.png,genuine,0.7290264368057251,0.7360067367553711,-0.006980299949645996,false_reject
/home/lorenzo/Documenti/GitHub/HandVerify/datasets/processed-handwritten/rimes_processed/train2011-1139/batch_1569.png,/home/lorenzo/Documenti/GitHub/HandVerify/datasets/processed-handwritten/rimes_processed/train2011-313/batch_5238.png,impostor,0.9777603149414062,0.7360067367553711,0.24175357818603516,false_accept
/home/lorenzo/Documenti/GitHub/HandVerify/datasets/processed-handwritten/rimes_processed/train2011-108/batch_1233.png,/home/lorenzo/Documenti/GitHub/HandVerify/datasets/processed-handwritten/rimes_processed/train2011-1146/batch_1629.png,impostor,0.9492433667182922,0.7360067367553711,0.21323662996292114,false_accept
/home/lorenzo/Documenti/GitHub/HandVerify/datasets/processed-handwritten/rimes_processed/train2011-222/batch_4556.png,/home/lorenzo/Documenti/GitHub/HandVerify/datasets/processed-handwritten/rimes_processed/train2011-783/mosaic_000.png,impostor,0.774911642074585,0.7360067367553711,0.03890490531921387,false_accept
/home/lorenzo/Documenti/GitHub/HandVerify/datasets/processed-handwritten/rimes_processed/train2011-441/batch_6313.png,/home/lorenzo/Documenti/GitHub/HandVerify/datasets/processed-handwritten/rimes_processed/train2011-977/batch_9900.png,impostor,0.9506832361221313,0.7360067367553711,0.21467649936676025,false_accept
/home/lorenzo/Documenti/GitHub/HandVerify/datasets/processed-handwritten/rimes_processed/train2011-1063/batch_1055.png,/home/lorenzo/Documenti/GitHub/HandVerify/datasets/processed-handwritten/rimes_processed/train2011-1063/batch_1059.png,genuine,0.4537202715873718,0.7360067367553711,-0.28228646516799927,false_reject
/home/lorenzo/Documenti/GitHub/HandVerify/datasets/processed-handwritten/rimes_processed/eval2011-64/batch_390.png,/home/lorenzo/Documenti/GitHub/HandVerify/datasets/processed-handwritten/rimes_processed/train2011-70/batch_8218.png,impostor,0.9119774699211121,0.7360067367553711,0.17597073316574097,false_accept
/home/lorenzo/Documenti/GitHub/HandVerify/datasets/processed-handwritten/rimes_processed/train2011-40/batch_6056.png,/home/lorenzo/Documenti/GitHub/HandVerify/datasets/processed-handwritten/rimes_processed/train2011-40/mosaic_000.png,genuine,0.6506538391113281,0.7360067367553711,-0.08535289764404297,false_reject
/home/lorenzo/Documenti/GitHub/HandVerify/datasets/processed-handwritten/rimes_processed/eval2011-46/mosaic_001.png,/home/lorenzo/Documenti/GitHub/HandVerify/datasets/processed-handwritten/rimes_processed/train2011-1460/batch_3720.png,impostor,0.8038251399993896,0.7360067367553711,0.06781840324401855,false_accept
/home/lorenzo/Documenti/GitHub/HandVerify/datasets/processed-handwritten/rimes_processed/train2011-1359/batch_3032.png,/home/lorenzo/Documenti/GitHub/HandVerify/datasets/processed-handwritten/rimes_processed/train2011-175/mosaic_001.png,impostor,0.738749623298645,0.7360067367553711,0.0027428865432739258,false_accept
/home/lorenzo/Documenti/GitHub/HandVerify/datasets/processed-handwritten/rimes_processed/train2011-1221/batch_2159.png,/home/lorenzo/Documenti/GitHub/HandVerify/datasets/processed-handwritten/rimes_processed/train2011-464/mosaic_000.png,impostor,0.8159310221672058,0.7360067367553711,0.07992428541183472,false_accept
/home/lorenzo/Documenti/GitHub/HandVerify/datasets/processed-handwritten/rimes_processed/train2011-554/batch_7110.png,/home/lorenzo/Documenti/GitHub/HandVerify/datasets/processed-handwritten/rimes_processed/train2011-855/batch_9184.png,impostor,0.8691497445106506,0.7360067367553711,0.13314300775527954,false_accept
/home/lorenzo/Documenti/GitHub/HandVerify/datasets/processed-handwritten/rimes_processed/train2011-647/batch_7750.png,/home/lorenzo/Documenti/GitHub/HandVerify/datasets/processed-handwritten/rimes_processed/train2011-647/mosaic_001.png,genuine,0.6768953800201416,0.7360067367553711,-0.05911135673522949,false_reject
/home/lorenzo/Documenti/GitHub/HandVerify/datasets/processed-handwritten/rimes_processed/train2011-1111/batch_1402.png,/home/lorenzo/Documenti/GitHub/HandVerify/datasets/processed-handwritten/rimes_processed/train2011-1306/batch_2711.png,impostor,0.8172652125358582,0.7360067367553711,0.08125847578048706,false_accept
/home/lorenzo/Documenti/GitHub/HandVerify/datasets/processed-handwritten/rimes_processed/train2011-293/mosaic_001.png,/home/lorenzo/Documenti/GitHub/HandVerify/datasets/processed-handwritten/rimes_processed/train2011-515/mosaic_001.png,impostor,0.8726478815078735,0.7360067367553711,0.13664114475250244,false_accept
/home/lorenzo/Documenti/GitHub/HandVerify/datasets/processed-handwritten/rimes_processed/train2011-1025/batch_814.png,/home/lorenzo/Documenti/GitHub/HandVerify/datasets/processed-handwritten/rimes_processed/train2011-686/batch_8047.png,impostor,0.7635707855224609,0.7360067367553711,0.027564048767089844,false_accept
/home/lorenzo/Documenti/GitHub/HandVerify/datasets/processed-handwritten/rimes_processed/train2011-1205/batch_2038.png,/home/lorenzo/Documenti/GitHub/HandVerify/datasets/processed-handwritten/rimes_processed/train2011-300/batch_5136.png,impostor,0.9623145461082458,0.7360067367553711,0.22630780935287476,false_accept
/home/lorenzo/Documenti/GitHub/HandVerify/datasets/processed-handwritten/rimes_processed/eval2011-89/batch_562.png,/home/lorenzo/Documenti/GitHub/HandVerify/datasets/processed-handwritten/rimes_processed/eval2011-89/mosaic_000.png,genuine,0.7028218507766724,0.7360067367553711,-0.03318488597869873,false_reject
/home/lorenzo/Documenti/GitHub/HandVerify/datasets/processed-handwritten/rimes_processed/train2011-38/batch_5887.png,/home/lorenzo/Documenti/GitHub/HandVerify/datasets/processed-handwritten/rimes_processed/train2011-560/batch_7154.png,impostor,0.8168706893920898,0.7360067367553711,0.08086395263671875,false_accept
/home/lorenzo/Documenti/GitHub/HandVerify/datasets/processed-handwritten/rimes_processed/train2011-17/batch_4250.png,/home/lorenzo/Documenti/GitHub/HandVerify/datasets/processed-handwritten/rimes_processed/train2011-204/batch_4425.png,impostor,0.7819346189498901,0.7360067367553711,0.04592788219451904,false_accept
/home/lorenzo/Documenti/GitHub/HandVerify/datasets/processed-handwritten/rimes_processed/train2011-144/batch_3644.png,/home/lorenzo/Documenti/GitHub/HandVerify/datasets/processed-handwritten/rimes_processed/train2011-702/batch_8176.png,impostor,0.7860494256019592,0.7360067367553711,0.050042688846588135,false_accept
/home/lorenzo/Documenti/GitHub/HandVerify/datasets/processed-handwritten/rimes_processed/train2011-1242/batch_2291.png,/home/lorenzo/Documenti/GitHub/HandVerify/datasets/processed-handwritten/rimes_processed/train2011-1280/batch_2550.png,impostor,0.8881546258926392,0.7360067367553711,0.15214788913726807,false_accept
/home/lorenzo/Documenti/GitHub/HandVerify/datasets/processed-handwritten/rimes_processed/train2011-330/batch_5376.png,/home/lorenzo/Documenti/GitHub/HandVerify/datasets/processed-handwritten/rimes_processed/train2011-330/batch_5383.png,genuine,0.6247090101242065,0.7360067367553711,-0.11129772663116455,false_reject
/home/lorenzo/Documenti/GitHub/HandVerify/datasets/processed-handwritten/rimes_processed/train2011-667/batch_7892.png,/home/lorenzo/Documenti/GitHub/HandVerify/datasets/processed-handwritten/rimes_processed/train2011-986/batch_9972.png,impostor,0.8229985237121582,0.7360067367553711,0.08699178695678711,false_accept
/home/lorenzo/Documenti/GitHub/HandVerify/datasets/processed-handwritten/rimes_processed/train2011-1095/batch_1277.png,/home/lorenzo/Documenti/GitHub/HandVerify/datasets/processed-handwritten/rimes_processed/train2011-328/batch_5355.png,impostor,0.8710303902626038,0.7360067367553711,0.13502365350723267,false_accept
/home/lorenzo/Documenti/GitHub/HandVerify/datasets/processed-handwritten/rimes_processed/train2011-1202/batch_2027.png,/home/lorenzo/Documenti/GitHub/HandVerify/datasets/processed-handwritten/rimes_processed/train2011-1401/mosaic_000.png,impostor,0.9258469343185425,0.7360067367553711,0.1898401975631714,false_accept
/home/lorenzo/Documenti/GitHub/HandVerify/datasets/processed-handwritten/rimes_processed/train2011-502/batch_6762.png,/home/lorenzo/Documenti/GitHub/HandVerify/datasets/processed-handwritten/rimes_processed/train2011-502/batch_6763.png,genuine,0.43370094895362854,0.7360067367553711,-0.30230578780174255,false_reject
/home/lorenzo/Documenti/GitHub/HandVerify/datasets/processed-handwritten/rimes_processed/train2011-1011/batch_718.png,/home/lorenzo/Documenti/GitHub/HandVerify/datasets/processed-handwritten/rimes_processed/train2011-367/batch_5711.png,impostor,0.9507773518562317,0.7360067367553711,0.2147706151008606,false_accept
/home/lorenzo/Documenti/GitHub/HandVerify/datasets/processed-handwritten/rimes_processed/train2011-933/mosaic_000.png,/home/lorenzo/Documenti/GitHub/HandVerify/datasets/processed-handwritten/rimes_processed/train2011-933/batch_9647.png,genuine,0.30001571774482727,0.7360067367553711,-0.4359910190105438,false_reject
/home/lorenzo/Documenti/GitHub/HandVerify/datasets/processed-handwritten/rimes_processed/train2011-25/batch_4855.png,/home/lorenzo/Documenti/GitHub/HandVerify/datasets/processed-handwritten/rimes_processed/train2011-88/mosaic_001.png,impostor,0.9560914635658264,0.7360067367553711,0.22008472681045532,false_accept
/home/lorenzo/Documenti/GitHub/HandVerify/datasets/processed-handwritten/rimes_processed/train2011-461/batch_6444.png,/home/lorenzo/Documenti/GitHub/HandVerify/datasets/processed-handwritten/rimes_processed/train2011-773/batch_8657.png,impostor,0.8781638145446777,0.7360067367553711,0.14215707778930664,false_accept
/home/lorenzo/Documenti/GitHub/HandVerify/datasets/processed-handwritten/rimes_processed/train2011-308/mosaic_001.png,/home/lorenzo/Documenti/GitHub/HandVerify/datasets/processed-handwritten/rimes_processed/train2011-998/batch_10048.png,impostor,0.8736663460731506,0.7360067367553711,0.13765960931777954,false_accept
/home/lorenzo/Documenti/GitHub/HandVerify/datasets/processed-handwritten/rimes_processed/train2011-1403/batch_3315.png,/home/lorenzo/Documenti/GitHub/HandVerify/datasets/processed-handwritten/rimes_processed/train2011-717/batch_8261.png,impostor,0.8832206726074219,0.7360067367553711,0.14721393585205078,false_accept
/home/lorenzo/Documenti/GitHub/HandVerify/datasets/processed-handwritten/rimes_processed/train2011-1457/mosaic_001.png,/home/lorenzo/Documenti/GitHub/HandVerify/datasets/processed-handwritten/rimes_processed/train2011-368/mosaic_002.png,impostor,0.9601635932922363,0.7360067367553711,0.22415685653686523,false_accept
/home/lorenzo/Documenti/GitHub/HandVerify/datasets/processed-handwritten/rimes_processed/train2011-1138/batch_1563.png,/home/lorenzo/Documenti/GitHub/HandVerify/datasets/processed-handwritten/rimes_processed/train2011-330/batch_5381.png,impostor,0.9599168300628662,0.7360067367553711,0.22391009330749512,false_accept
/home/lorenzo/Documenti/GitHub/HandVerify/datasets/processed-handwritten/rimes_processed/train2011-1311/batch_2766.png,/home/lorenzo/Documenti/GitHub/HandVerify/datasets/processed-handwritten/rimes_processed/train2011-475/batch_6543.png,impostor,0.920650839805603,0.7360067367553711,0.18464410305023193,false_accept
/home/lorenzo/Documenti/GitHub/HandVerify/datasets/processed-handwritten/rimes_processed/train2011-1359/mosaic_001.png,/home/lorenzo/Documenti/GitHub/HandVerify/datasets/processed-handwritten/rimes_processed/train2011-1359/batch_3032.png,genuine,0.7165099382400513,0.7360067367553711,-0.019496798515319824,false_reject
/home/lorenzo/Documenti/GitHub/HandVerify/datasets/processed-handwritten/rimes_processed/train2011-16/batch_4168.png,/home/lorenzo/Documenti/GitHub/HandVerify/datasets/processed-handwritten/rimes_processed/train2011-16/mosaic_000.png,genuine,0.6149075031280518,0.7360067367553711,-0.12109923362731934,false_reject
/home/lorenzo/Documenti/GitHub/HandVerify/datasets/processed-handwritten/rimes_processed/train2011-519/batch_6862.png,/home/lorenzo/Documenti/GitHub/HandVerify/datasets/processed-handwritten/rimes_processed/train2011-728/mosaic_000.png,impostor,0.8236388564109802,0.7360067367553711,0.08763211965560913,false_accept
/home/lorenzo/Documenti/GitHub/HandVerify/datasets/processed-handwritten/rimes_processed/train2011-186/mosaic_002.png,/home/lorenzo/Documenti/GitHub/HandVerify/datasets/processed-handwritten/rimes_processed/train2011-343/batch_5494.png,impostor,0.758690357208252,0.7360067367553711,0.02268362045288086,false_accept
/home/lorenzo/Documenti/GitHub/HandVerify/datasets/processed-handwritten/rimes_processed/train2011-1360/batch_3043.png,/home/lorenzo/Documenti/GitHub/HandVerify/datasets/processed-handwritten/rimes_processed/train2011-23/batch_4709.png,impostor,0.9605219960212708,0.7360067367553711,0.22451525926589966,false_accept
/home/lorenzo/Documenti/GitHub/HandVerify/datasets/processed-handwritten/rimes_processed/train2011-719/batch_8273.png,/home/lorenzo/Documenti/GitHub/HandVerify/datasets/processed-handwritten/rimes_processed/train2011-765/batch_8590.png,impostor,0.9431984424591064,0.7360067367553711,0.20719170570373535,false_accept
/home/lorenzo/Documenti/GitHub/HandVerify/datasets/processed-handwritten/rimes_processed/train2011-204/batch_4425.png,/home/lorenzo/Documenti/GitHub/HandVerify/datasets/processed-handwritten/rimes_processed/train2011-348/batch_5534.png,impostor,0.8339007496833801,0.7360067367553711,0.09789401292800903,false_accept
/home/lorenzo/Documenti/GitHub/HandVerify/datasets/processed-handwritten/rimes_processed/train2011-890/mosaic_002.png,/home/lorenzo/Documenti/GitHub/HandVerify/datasets/processed-handwritten/rimes_processed/train2011-890/batch_9388.png,genuine,0.6749319434165955,0.7360067367553711,-0.061074793338775635,false_reject
/home/lorenzo/Documenti/GitHub/HandVerify/datasets/processed-handwritten/rimes_processed/train2011-1454/batch_3671.png,/home/lorenzo/Documenti/GitHub/HandVerify/datasets/processed-handwritten/rimes_processed/train2011-1454/batch_3668.png,genuine,0.4648672044277191,0.7360067367553711,-0.271139532327652,false_reject
/home/lorenzo/Documenti/GitHub/HandVerify/datasets/processed-handwritten/rimes_processed/train2011-141/batch_3431.png,/home/lorenzo/Documenti/GitHub/HandVerify/datasets/processed-handwritten/rimes_processed/train2011-573/batch_7232.png,impostor,0.9646201133728027,0.7360067367553711,0.22861337661743164,false_accept
/home/lorenzo/Documenti/GitHub/HandVerify/datasets/processed-handwritten/rimes_processed/train2011-41/batch_6140.png,/home/lorenzo/Documenti/GitHub/HandVerify/datasets/processed-handwritten/rimes_processed/train2011-90/batch_9511.png,impostor,0.8738182187080383,0.7360067367553711,0.13781148195266724,false_accept
/home/lorenzo/Documenti/GitHub/HandVerify/datasets/processed-handwritten/rimes_processed/train2011-1039/batch_900.png,/home/lorenzo/Documenti/GitHub/HandVerify/datasets/processed-handwritten/rimes_processed/train2011-1039/mosaic_001.png,genuine,0.5082759261131287,0.7360067367553711,-0.22773081064224243,false_reject
/home/lorenzo/Documenti/GitHub/HandVerify/datasets/processed-handwritten/rimes_processed/eval2011-6/batch_436.png,/home/lorenzo/Documenti/GitHub/HandVerify/datasets/processed-handwritten/rimes_processed/train2011-218/batch_4522.png,impostor,0.9661635160446167,0.7360067367553711,0.2301567792892456,false_accept
/home/lorenzo/Documenti/GitHub/HandVerify/datasets/processed-handwritten/rimes_processed/train2011-323/batch_5309.png,/home/lorenzo/Documenti/GitHub/HandVerify/datasets/processed-handwritten/rimes_processed/train2011-64/batch_7761.png,impostor,0.8909554481506348,0.7360067367553711,0.15494871139526367,false_accept
/home/lorenzo/Documenti/GitHub/HandVerify/datasets/processed-handwritten/rimes_processed/train2011-1243/mosaic_001.png,/home/lorenzo/Documenti/GitHub/HandVerify/datasets/processed-handwritten/rimes_processed/train2011-58/mosaic_001.png,impostor,0.7496362328529358,0.7360067367553711,0.013629496097564697,false_accept
/home/lorenzo/Documenti/GitHub/HandVerify/datasets/processed-handwritten/rimes_processed/train2011-1426/mosaic_002.png,/home/lorenzo/Documenti/GitHub/HandVerify/datasets/processed-handwritten/rimes_processed/train2011-255/batch_4830.png,impostor,0.8505825400352478,0.7360067367553711,0.11457580327987671,false_accept
/home/lorenzo/Documenti/GitHub/HandVerify/datasets/processed-handwritten/rimes_processed/train2011-567/batch_7191.png,/home/lorenzo/Documenti/GitHub/HandVerify/datasets/processed-handwritten/rimes_processed/train2011-590/mosaic_001.png,impostor,0.7793735265731812,0.7360067367553711,0.04336678981781006,false_accept
/home/lorenzo/Documenti/GitHub/HandVerify/datasets/processed-handwritten/rimes_processed/train2011-1176/batch_1834.png,/home/lorenzo/Documenti/GitHub/HandVerify/datasets/processed-handwritten/rimes_processed/train2011-702/batch_8177.png,impostor,0.8773806691169739,0.7360067367553711,0.14137393236160278,false_accept
/home/lorenzo/Documenti/GitHub/HandVerify/datasets/processed-handwritten/rimes_processed/train2011-408/mosaic_000.png,/home/lorenzo/Documenti/GitHub/HandVerify/datasets/processed-handwritten/rimes_processed/train2011-741/batch_8419.png,impostor,0.8098888397216797,0.7360067367553711,0.0738821029663086,false_accept
/home/lorenzo/Documenti/GitHub/HandVerify/datasets/processed-handwritten/rimes_processed/train2011-883/mosaic_001.png,/home/lorenzo/Documenti/GitHub/HandVerify/datasets/processed-handwritten/rimes_processed/train2011-920/batch_9572.png,impostor,0.8187457323074341,0.7360067367553711,0.08273899555206299,false_accept
/home/lorenzo/Documenti/GitHub/HandVerify/datasets/processed-handwritten/rimes_processed/train2011-213/batch_4483.png,/home/lorenzo/Documenti/GitHub/HandVerify/datasets/processed-handwritten/rimes_processed/train2011-213/mosaic_000.png,genuine,0.5376268625259399,0.7360067367553711,-0.19837987422943115,false_reject
/home/lorenzo/Documenti/GitHub/HandVerify/datasets/processed-handwritten/rimes_processed/eval2011-99/batch_640.png,/home/lorenzo/Documenti/GitHub/HandVerify/datasets/processed-handwritten/rimes_processed/train2011-704/batch_8187.png,impostor,0.9803518652915955,0.7360067367553711,0.24434512853622437,false_accept
/home/lorenzo/Documenti/GitHub/HandVerify/datasets/processed-handwritten/rimes_processed/eval2011-30/batch_162.png,/home/lorenzo/Documenti/GitHub/HandVerify/datasets/processed-handwritten/rimes_processed/train2011-1494/batch_3995.png,impostor,0.8492974042892456,0.7360067367553711,0.11329066753387451,false_accept
/home/lorenzo/Documenti/GitHub/HandVerify/datasets/processed-handwritten/rimes_processed/train2011-378/batch_5796.png,/home/lorenzo/Documenti/GitHub/HandVerify/datasets/processed-handwritten/rimes_processed/train2011-784/batch_8749.png,impostor,0.8807781934738159,0.7360067367553711,0.14477145671844482,false_accept
/home/lorenzo/Documenti/GitHub/HandVerify/datasets/processed-handwritten/rimes_processed/train2011-1236/batch_2243.png,/home/lorenzo/Documenti/GitHub/HandVerify/datasets/processed-handwritten/rimes_processed/train2011-1282/batch_2556.png,impostor,0.963471531867981,0.7360067367553711,0.22746479511260986,false_accept
/home/lorenzo/Documenti/GitHub/HandVerify/datasets/processed-handwritten/rimes_processed/train2011-545/batch_7043.png,/home/lorenzo/Documenti/GitHub/HandVerify/datasets/processed-handwritten/rimes_processed/train2011-754/batch_8522.png,impostor,0.8917617797851562,0.7360067367553711,0.15575504302978516,false_accept
/home/lorenzo/Documenti/GitHub/HandVerify/datasets/processed-handwritten/rimes_processed/train2011-180/batch_4260.png,/home/lorenzo/Documenti/GitHub/HandVerify/datasets/processed-handwritten/rimes_processed/train2011-675/mosaic_001.png,impostor,0.8001978993415833,0.7360067367553711,0.06419116258621216,false_accept
/home/lorenzo/Documenti/GitHub/HandVerify/datasets/processed-handwritten/rimes_processed/train2011-1069/batch_1105.png,/home/lorenzo/Documenti/GitHub/HandVerify/datasets/processed-handwritten/rimes_processed/train2011-1300/batch_2677.png,impostor,0.8480414748191833,0.7360067367553711,0.11203473806381226,false_accept
/home/lorenzo/Documenti/GitHub/HandVerify/datasets/processed-handwritten/rimes_processed/train2011-449/batch_6365.png,/home/lorenzo/Documenti/GitHub/HandVerify/datasets/processed-handwritten/rimes_processed/train2011-700/batch_8168.png,impostor,0.9353954195976257,0.7360067367553711,0.19938868284225464,false_accept
/home/lorenzo/Documenti/GitHub/HandVerify/datasets/processed-handwritten/rimes_processed/train2011-1390/batch_3240.png,/home/lorenzo/Documenti/GitHub/HandVerify/datasets/processed-handwritten/rimes_processed/train2011-753/mosaic_000.png,impostor,0.8276591897010803,0.7360067367553711,0.09165245294570923,false_accept
/home/lorenzo/Documenti/GitHub/HandVerify/datasets/processed-handwritten/rimes_processed/eval2011-5/batch_362.png,/home/lorenzo/Documenti/GitHub/HandVerify/datasets/processed-handwritten/rimes_processed/train2011-794/batch_8808.png,impostor,0.9084685444831848,0.7360067367553711,0.17246180772781372,false_accept
/home/lorenzo/Documenti/GitHub/HandVerify/datasets/processed-handwritten/rimes_processed/train2011-1241/mosaic_000.png,/home/lorenzo/Documenti/GitHub/HandVerify/datasets/processed-handwritten/rimes_processed/train2011-18/mosaic_000.png,impostor,0.9430530071258545,0.7360067367553711,0.2070462703704834,false_accept
/home/lorenzo/Documenti/GitHub/HandVerify/datasets/processed-handwritten/rimes_processed/train2011-1046/mosaic_000.png,/home/lorenzo/Documenti/GitHub/HandVerify/datasets/processed-handwritten/rimes_processed/train2011-368/batch_5723.png,impostor,0.8558636903762817,0.7360067367553711,0.11985695362091064,false_accept
/home/lorenzo/Documenti/GitHub/HandVerify/datasets/processed-handwritten/rimes_processed/train2011-1400/batch_3298.png,/home/lorenzo/Documenti/GitHub/HandVerify/datasets/processed-handwritten/rimes_processed/train2011-1439/batch_3565.png,impostor,0.8004969358444214,0.7360067367553711,0.06449019908905029,false_accept
/home/lorenzo/Documenti/GitHub/HandVerify/datasets/processed-handwritten/rimes_processed/train2011-163/batch_4124.png,/home/lorenzo/Documenti/GitHub/HandVerify/datasets/processed-handwritten/rimes_processed/train2011-559/batch_7139.png,impostor,0.8894250392913818,0.7360067367553711,0.15341830253601074,false_accept
/home/lorenzo/Documenti/GitHub/HandVerify/datasets/processed-handwritten/rimes_processed/train2011-180/batch_4251.png,/home/lorenzo/Documenti/GitHub/HandVerify/datasets/processed-handwritten/rimes_processed/train2011-952/batch_9757.png,impostor,0.9068856239318848,0.7360067367553711,0.17087888717651367,false_accept
/home/lorenzo/Documenti/GitHub/HandVerify/datasets/processed-handwritten/rimes_processed/train2011-1282/batch_2556.png,/home/lorenzo/Documenti/GitHub/HandVerify/datasets/processed-handwritten/rimes_processed/train2011-807/batch_8906.png,impostor,0.9384816884994507,0.7360067367553711,0.2024749517440796,false_accept
/home/lorenzo/Documenti/GitHub/HandVerify/datasets/processed-handwritten/rimes_processed/train2011-269/batch_4909.png,/home/lorenzo/Documenti/GitHub/HandVerify/datasets/processed-handwritten/rimes_processed/train2011-269/mosaic_000.png,genuine,0.6314978003501892,0.7360067367553711,-0.10450893640518188,false_reject
/home/lorenzo/Documenti/GitHub/HandVerify/datasets/processed-handwritten/rimes_processed/train2011-1099/batch_1303.png,/home/lorenzo/Documenti/GitHub/HandVerify/datasets/processed-handwritten/rimes_processed/train2011-200/mosaic_001.png,impostor,0.7694120407104492,0.7360067367553711,0.033405303955078125,false_accept
/home/lorenzo/Documenti/GitHub/HandVerify/datasets/processed-handwritten/rimes_processed/train2011-1037/mosaic_001.png,/home/lorenzo/Documenti/GitHub/HandVerify/datasets/processed-handwritten/rimes_processed/train2011-322/batch_5301.png,impostor,0.7399061918258667,0.7360067367553711,0.0038994550704956055,false_accept
/home/lorenzo/Documenti/GitHub/HandVerify/datasets/processed-handwritten/rimes_processed/train2011-1029/batch_838.png,/home/lorenzo/Documenti/GitHub/HandVerify/datasets/processed-handwritten/rimes_processed/train2011-1464/batch_3765.png,impostor,0.969193696975708,0.7360067367553711,0.23318696022033691,false_accept
/home/lorenzo/Documenti/GitHub/HandVerify/datasets/processed-handwritten/rimes_processed/eval2011-90/mosaic_001.png,/home/lorenzo/Documenti/GitHub/HandVerify/datasets/processed-handwritten/rimes_processed/train2011-1316/batch_2791.png,impostor,0.8395488262176514,0.7360067367553711,0.10354208946228027,false_accept
/home/lorenzo/Documenti/GitHub/HandVerify/datasets/processed-handwritten/rimes_processed/eval2011-9/batch_649.png,/home/lorenzo/Documenti/GitHub/HandVerify/datasets/processed-handwritten/rimes_processed/train2011-1470/mosaic_000.png,impostor,0.8194594979286194,0.7360067367553711,0.08345276117324829,false_accept
/home/lorenzo/Documenti/GitHub/HandVerify/datasets/processed-handwritten/rimes_processed/train2011-194/batch_4341.png,/home/lorenzo/Documenti/GitHub/HandVerify/datasets/processed-handwritten/rimes_processed/train2011-40/batch_6066.png,impostor,0.8587523102760315,0.7360067367553711,0.1227455735206604,false_accept
/home/lorenzo/Documenti/GitHub/HandVerify/datasets/processed-handwritten/rimes_processed/train2011-21/batch_4538.png,/home/lorenzo/Documenti/GitHub/HandVerify/datasets/processed-handwritten/rimes_processed/train2011-231/batch_4622.png,impostor,0.9103055596351624,0.7360067367553711,0.17429882287979126,false_accept
/home/lorenzo/Documenti/GitHub/HandVerify/datasets/processed-handwritten/rimes_processed/train2011-1473/batch_3845.png,/home/lorenzo/Documenti/GitHub/HandVerify/datasets/processed-handwritten/rimes_processed/train2011-432/batch_6243.png,impostor,0.9701992869377136,0.7360067367553711,0.23419255018234253,false_accept
/home/lorenzo/Documenti/GitHub/HandVerify/datasets/processed-handwritten/rimes_processed/eval2011-43/batch_256.png,/home/lorenzo/Documenti/GitHub/HandVerify/datasets/processed-handwritten/rimes_processed/train2011-1488/batch_3955.png,impostor,0.9375098347663879,0.7360067367553711,0.20150309801101685,false_accept
/home/lorenzo/Documenti/GitHub/HandVerify/datasets/processed-handwritten/rimes_processed/train2011-1047/batch_960.png,/home/lorenzo/Documenti/GitHub/HandVerify/datasets/processed-handwritten/rimes_processed/train2011-293/batch_5081.png,impostor,0.7484232783317566,0.7360067367553711,0.012416541576385498,false_accept
/home/lorenzo/Documenti/GitHub/HandVerify/datasets/processed-handwritten/rimes_processed/train2011-1297/batch_2652.png,/home/lorenzo/Documenti/GitHub/HandVerify/datasets/processed-handwritten/rimes_processed/train2011-554/batch_7109.png,impostor,0.8142883777618408,0.7360067367553711,0.07828164100646973,false_accept
/home/lorenzo/Documenti/GitHub/HandVerify/datasets/processed-handwritten/rimes_processed/train2011-1194/batch_1970.png,/home/lorenzo/Documenti/GitHub/HandVerify/datasets/processed-handwritten/rimes_processed/train2011-944/batch_9715.png,impostor,0.8064907193183899,0.7360067367553711,0.0704839825630188,false_accept
/home/lorenzo/Documenti/GitHub/HandVerify/datasets/processed-handwritten/rimes_processed/eval2011-61/batch_375.png,/home/lorenzo/Documenti/GitHub/HandVerify/datasets/processed-handwritten/rimes_processed/train2011-992/batch_10013.png,impostor,0.9570339918136597,0.7360067367553711,0.22102725505828857,false_accept
/home/lorenzo/Documenti/GitHub/HandVerify/datasets/processed-handwritten/rimes_processed/train2011-453/mosaic_001.png,/home/lorenzo/Documenti/GitHub/HandVerify/datasets/processed-handwritten/rimes_processed/train2011-842/batch_9105.png,impostor,0.8870833516120911,0.7360067367553711,0.15107661485671997,false_accept
/home/lorenzo/Documenti/GitHub/HandVerify/datasets/processed-handwritten/rimes_processed/train2011-32/mosaic_001.png,/home/lorenzo/Documenti/GitHub/HandVerify/datasets/processed-handwritten/rimes_processed/train2011-750/batch_8495.png,impostor,0.7991272211074829,0.7360067367553711,0.06312048435211182,false_accept
/home/lorenzo/Documenti/GitHub/HandVerify/datasets/processed-handwritten/rimes_processed/train2011-1017/batch_753.png,/home/lorenzo/Documenti/GitHub/HandVerify/datasets/processed-handwritten/rimes_processed/train2011-1017/mosaic_000.png,genuine,0.6314425468444824,0.7360067367553711,-0.10456418991088867,false_reject
/home/lorenzo/Documenti/GitHub/HandVerify/datasets/processed-handwritten/rimes_processed/train2011-1444/batch_3606.png,/home/lorenzo/Documenti/GitHub/HandVerify/datasets/processed-handwritten/rimes_processed/train2011-86/batch_9270.png,impostor,0.8922585844993591,0.7360067367553711,0.15625184774398804,false_accept
/home/lorenzo/Documenti/GitHub/HandVerify/datasets/processed-handwritten/rimes_processed/train2011-373/mosaic_000.png,/home/lorenzo/Documenti/GitHub/HandVerify/datasets/processed-handwritten/rimes_processed/train2011-373/batch_5763.png,genuine,0.6846689581871033,0.7360067367553711,-0.05133777856826782,false_reject
/home/lorenzo/Documenti/GitHub/HandVerify/datasets/processed-handwritten/rimes_processed/train2011-33/batch_5454.png,/home/lorenzo/Documenti/GitHub/HandVerify/datasets/processed-handwritten/rimes_processed/train2011-630/batch_7626.png,impostor,0.8214583396911621,0.7360067367553711,0.08545160293579102,false_accept
/home/lorenzo/Documenti/GitHub/HandVerify/datasets/processed-handwritten/rimes_processed/train2011-1472/batch_3838.png,/home/lorenzo/Documenti/GitHub/HandVerify/datasets/processed-handwritten/rimes_processed/train2011-475/batch_6546.png,impostor,0.9110662937164307,0.7360067367553711,0.17505955696105957,false_accept
/home/lorenzo/Documenti/GitHub/HandVerify/datasets/processed-handwritten/rimes_processed/train2011-217/batch_4513.png,/home/lorenzo/Documenti/GitHub/HandVerify/datasets/processed-handwritten/rimes_processed/train2011-684/batch_8030.png,impostor,0.9707581400871277,0.7360067367553711,0.2347514033317566,false_accept
/home/lorenzo/Documenti/GitHub/HandVerify/datasets/processed-handwritten/rimes_processed/train2011-1118/mosaic_000.png,/home/lorenzo/Documenti/GitHub/HandVerify/datasets/processed-handwritten/rimes_processed/train2011-944/batch_9716.png,impostor,0.7926612496376038,0.7360067367553711,0.056654512882232666,false_accept
/home/lorenzo/Documenti/GitHub/HandVerify/datasets/processed-handwritten/rimes_processed/train2011-286/mosaic_000.png,/home/lorenzo/Documenti/GitHub/HandVerify/datasets/processed-handwritten/rimes_processed/train2011-919/batch_9566.png,impostor,0.751399040222168,0.7360067367553711,0.015392303466796875,false_accept
/home/lorenzo/Documenti/GitHub/HandVerify/datasets/processed-handwritten/rimes_processed/train2011-293/batch_5080.png,/home/lorenzo/Documenti/GitHub/HandVerify/datasets/processed-handwritten/rimes_processed/train2011-411/batch_6076.png,impostor,0.8853438496589661,0.7360067367553711,0.14933711290359497,false_accept
/home/lorenzo/Documenti/GitHub/HandVerify/datasets/processed-handwritten/rimes_processed/train2011-62/batch_7619.png,/home/lorenzo/Documenti/GitHub/HandVerify/datasets/processed-handwritten/rimes_processed/train2011-785/batch_8757.png,impostor,0.9514083862304688,0.7360067367553711,0.21540164947509766,false_accept
/home/lorenzo/Documenti/GitHub/HandVerify/datasets/processed-handwritten/rimes_processed/train2011-1212/batch_2090.png,/home/lorenzo/Documenti/GitHub/HandVerify/datasets/processed-handwritten/rimes_processed/train2011-369/batch_5730.png,impostor,0.9568682312965393,0.7360067367553711,0.2208614945411682,false_accept
/home/lorenzo/Documenti/GitHub/HandVerify/datasets/processed-handwritten/rimes_processed/train2011-659/batch_7837.png,/home/lorenzo/Documenti/GitHub/HandVerify/datasets/processed-handwritten/rimes_processed/train2011-678/batch_7978.png,impostor,0.8587352633476257,0.7360067367553711,0.12272852659225464,false_accept
/home/lorenzo/Documenti/GitHub/HandVerify/datasets/processed-handwritten/rimes_processed/train2011-1067/batch_1086.png,/home/lorenzo/Documenti/GitHub/HandVerify/datasets/processed-handwritten/rimes_processed/train2011-223/batch_4559.png,impostor,0.9213863015174866,0.7360067367553711,0.18537956476211548,false_accept
/home/lorenzo/Documenti/GitHub/HandVerify/datasets/processed-handwritten/rimes_processed/train2011-1013/batch_731.png,/home/lorenzo/Documenti/GitHub/HandVerify/datasets/processed-handwritten/rimes_processed/train2011-962/batch_9815.png,impostor,0.8301251530647278,0.7360067367553711,0.09411841630935669,false_accept
/home/lorenzo/Documenti/GitHub/HandVerify/datasets/processed-handwritten/rimes_processed/eval2011-78/batch_502.png,/home/lorenzo/Documenti/GitHub/HandVerify/datasets/processed-handwritten/rimes_processed/train2011-1226/batch_2180.png,impostor,0.9776167273521423,0.7360067367553711,0.24160999059677124,false_accept
/home/lorenzo/Documenti/GitHub/HandVerify/datasets/processed-handwritten/rimes_processed/eval2011-94/mosaic_000.png,/home/lorenzo/Documenti/GitHub/HandVerify/datasets/processed-handwritten/rimes_processed/train2011-38/mosaic_000.png,impostor,0.8930578231811523,0.7360067367553711,0.15705108642578125,false_accept
/home/lorenzo/Documenti/GitHub/HandVerify/datasets/processed-handwritten/rimes_processed/train2011-1488/batch_3953.png,/home/lorenzo/Documenti/GitHub/HandVerify/datasets/processed-handwritten/rimes_processed/train2011-482/batch_6597.png,impostor,0.9329817295074463,0.7360067367553711,0.1969749927520752,false_accept
/home/lorenzo/Documenti/GitHub/HandVerify/datasets/processed-handwritten/rimes_processed/train2011-234/batch_4649.png,/home/lorenzo/Documenti/GitHub/HandVerify/datasets/processed-handwritten/rimes_processed/train2011-977/batch_9905.png,impostor,0.972194492816925,0.7360067367553711,0.23618775606155396,false_accept
/home/lorenzo/Documenti/GitHub/HandVerify/datasets/processed-handwritten/rimes_processed/train2011-756/batch_8533.png,/home/lorenzo/Documenti/GitHub/HandVerify/datasets/processed-handwritten/rimes_processed/train2011-845/batch_9122.png,impostor,0.9800910353660583,0.7360067367553711,0.24408429861068726,false_accept
/home/lorenzo/Documenti/GitHub/HandVerify/datasets/processed-handwritten/rimes_processed/train2011-1112/mosaic_001.png,/home/lorenzo/Documenti/GitHub/HandVerify/datasets/processed-handwritten/rimes_processed/train2011-417/batch_6118.png,impostor,0.7676903009414673,0.7360067367553711,0.03168356418609619,false_accept
/home/lorenzo/Documenti/GitHub/HandVerify/datasets/processed-handwritten/rimes_processed/train2011-106/batch_1108.png,/home/lorenzo/Documenti/GitHub/HandVerify/datasets/processed-handwritten/rimes_processed/train2011-106/batch_1110.png,genuine,0.6647169589996338,0.7360067367553711,-0.0712897777557373,false_reject
/home/lorenzo/Documenti/GitHub/HandVerify/datasets/processed-handwritten/rimes_processed/train2011-1380/mosaic_001.png,/home/lorenzo/Documenti/GitHub/HandVerify/datasets/processed-handwritten/rimes_processed/train2011-895/batch_9437.png,impostor,0.918684184551239,0.7360067367553711,0.18267744779586792,false_accept
/home/lorenzo/Documenti/GitHub/HandVerify/datasets/processed-handwritten/rimes_processed/train2011-1454/batch_3676.png,/home/lorenzo/Documenti/GitHub/HandVerify/datasets/processed-handwritten/rimes_processed/train2011-437/batch_6281.png,impostor,0.9112879633903503,0.7360067367553711,0.17528122663497925,false_accept
/home/lorenzo/Documenti/GitHub/HandVerify/datasets/processed-handwritten/rimes_processed/train2011-70/batch_8218.png,/home/lorenzo/Documenti/GitHub/HandVerify/datasets/processed-handwritten/rimes_processed/train2011-93/mosaic_000.png,impostor,0.827269971370697,0.7360067367553711,0.09126323461532593,false_accept
/home/lorenzo/Documenti/GitHub/HandVerify/datasets/processed-handwritten/rimes_processed/train2011-320/batch_5295.png,/home/lorenzo/Documenti/GitHub/HandVerify/datasets/processed-handwritten/rimes_processed/train2011-445/batch_6340.png,impostor,0.949571430683136,0.7360067367553711,0.2135646939277649,false_accept
/home/lorenzo/Documenti/GitHub/HandVerify/datasets/processed-handwritten/rimes_processed/train2011-1044/batch_939.png,/home/lorenzo/Documenti/GitHub/HandVerify/datasets/processed-handwritten/rimes_processed/train2011-801/mosaic_000.png,impostor,0.9047664999961853,0.7360067367553711,0.1687597632408142,false_accept
/home/lorenzo/Documenti/GitHub/HandVerify/datasets/processed-handwritten/rimes_processed/train2011-647/mosaic_003.png,/home/lorenzo/Documenti/GitHub/HandVerify/datasets/processed-handwritten/rimes_processed/train2011-647/batch_7750.png,genuine,0.5241903066635132,0.7360067367553711,-0.2118164300918579,false_reject
/home/lorenzo/Documenti/GitHub/HandVerify/datasets/processed-handwritten/rimes_processed/train2011-613/batch_7502.png,/home/lorenzo/Documenti/GitHub/HandVerify/datasets/processed-handwritten/rimes_processed/train2011-920/batch_9571.png,impostor,0.819800615310669,0.7360067367553711,0.08379387855529785,false_accept
/home/lorenzo/Documenti/GitHub/HandVerify/datasets/processed-handwritten/rimes_processed/train2011-1307/batch_2715.png,/home/lorenzo/Documenti/GitHub/HandVerify/datasets/processed-handwritten/rimes_processed/train2011-747/batch_8468.png,impostor,0.8021533489227295,0.7360067367553711,0.0661466121673584,false_accept
/home/lorenzo/Documenti/GitHub/HandVerify/datasets/processed-handwritten/rimes_processed/train2011-1307/batch_2722.png,/home/lorenzo/Documenti/GitHub/HandVerify/datasets/processed-handwritten/rimes_processed/train2011-32/batch_5368.png,impostor,0.8758332133293152,0.7360067367553711,0.1398264765739441,false_accept
/home/lorenzo/Documenti/GitHub/HandVerify/datasets/processed-handwritten/rimes_processed/train2011-182/batch_4273.png,/home/lorenzo/Documenti/GitHub/HandVerify/datasets/processed-handwritten/rimes_processed/train2011-562/batch_7164.png,impostor,0.9304987192153931,0.7360067367553711,0.19449198246002197,false_accept
/home/lorenzo/Documenti/GitHub/HandVerify/datasets/processed-handwritten/rimes_processed/train2011-1112/mosaic_000.png,/home/lorenzo/Documenti/GitHub/HandVerify/datasets/processed-handwritten/rimes_processed/train2011-1112/batch_1409.png,genuine,0.6613847613334656,0.7360067367553711,-0.07462197542190552,false_reject
/home/lorenzo/Documenti/GitHub/HandVerify/datasets/processed-handwritten/rimes_processed/eval2011-78/batch_496.png,/home/lorenzo/Documenti/GitHub/HandVerify/datasets/processed-handwritten/rimes_processed/train2011-48/batch_6663.png,impostor,0.8635050058364868,0.7360067367553711,0.12749826908111572,false_accept
/home/lorenzo/Documenti/GitHub/HandVerify/datasets/processed-handwritten/rimes_processed/train2011-1303/batch_2694.png,/home/lorenzo/Documenti/GitHub/HandVerify/datasets/processed-handwritten/rimes_processed/train2011-1407/batch_3336.png,impostor,0.7497251629829407,0.7360067367553711,0.01371842622756958,false_accept
/home/lorenzo/Documenti/GitHub/HandVerify/datasets/processed-handwritten/rimes_processed/train2011-1307/mosaic_002.png,/home/lorenzo/Documenti/GitHub/HandVerify/datasets/processed-handwritten/rimes_processed/train2011-1454/batch_3675.png,impostor,0.759506106376648,0.7360067367553711,0.023499369621276855,false_accept
/home/lorenzo/Documenti/GitHub/HandVerify/datasets/processed-handwritten/rimes_processed/train2011-1225/batch_2177.png,/home/lorenzo/Documenti/GitHub/HandVerify/datasets/processed-handwritten/rimes_processed/train2011-1283/batch_2566.png,impostor,0.904412567615509,0.7360067367553711,0.16840583086013794,false_accept
/home/lorenzo/Documenti/GitHub/HandVerify/datasets/processed-handwritten/rimes_processed/train2011-102/batch_843.png,/home/lorenzo/Documenti/GitHub/HandVerify/datasets/processed-handwritten/rimes_processed/train2011-964/batch_9828.png,impostor,0.8833069205284119,0.7360067367553711,0.14730018377304077,false_accept
/home/lorenzo/Documenti/GitHub/HandVerify/datasets/processed-handwritten/rimes_processed/train2011-489/batch_6649.png,/home/lorenzo/Documenti/GitHub/HandVerify/datasets/processed-handwritten/rimes_processed/train2011-680/batch_8007.png,impostor,0.7520778775215149,0.7360067367553711,0.0160711407661438,false_accept
/home/lorenzo/Documenti/GitHub/HandVerify/datasets/processed-handwritten/rimes_processed/train2011-431/batch_6234.png,/home/lorenzo/Documenti/GitHub/HandVerify/datasets/processed-handwritten/rimes_processed/train2011-468/batch_6498.png,impostor,0.8653489947319031,0.7360067367553711,0.12934225797653198,false_accept
/home/lorenzo/Documenti/GitHub/HandVerify/datasets/processed-handwritten/rimes_processed/train2011-1478/mosaic_001.png,/home/lorenzo/Documenti/GitHub/HandVerify/datasets/processed-handwritten/rimes_processed/train2011-415/batch_6109.png,impostor,0.7697688937187195,0.7360067367553711,0.03376215696334839,false_accept
/home/lorenzo/Documenti/GitHub/HandVerify/datasets/processed-handwritten/rimes_processed/train2011-299/batch_5121.png,/home/lorenzo/Documenti/GitHub/HandVerify/datasets/processed-handwritten/rimes_processed/train2011-550/batch_7082.png,impostor,0.9740327000617981,0.7360067367553711,0.238025963306427,false_accept
/home/lorenzo/Documenti/GitHub/HandVerify/datasets/processed-handwritten/rimes_processed/train2011-399/batch_5953.png,/home/lorenzo/Documenti/GitHub/HandVerify/datasets/processed-handwritten/rimes_processed/train2011-849/batch_9143.png,impostor,0.9208588600158691,0.7360067367553711,0.18485212326049805,false_accept
/home/lorenzo/Documenti/GitHub/HandVerify/datasets/processed-handwritten/rimes_processed/train2011-1432/batch_3527.png,/home/lorenzo/Documenti/GitHub/HandVerify/datasets/processed-handwritten/rimes_processed/train2011-362/batch_5665.png,impostor,0.9559578895568848,0.7360067367553711,0.21995115280151367,false_accept
/home/lorenzo/Documenti/GitHub/HandVerify/datasets/processed-handwritten/rimes_processed/train2011-1143/batch_1597.png,/home/lorenzo/Documenti/GitHub/HandVerify/datasets/processed-handwritten/rimes_processed/train2011-1148/batch_1636.png,impostor,0.7857528924942017,0.7360067367553711,0.049746155738830566,false_accept
/home/lorenzo/Documenti/GitHub/HandVerify/datasets/processed-handwritten/rimes_processed/train2011-1437/batch_3553.png,/home/lorenzo/Documenti/GitHub/HandVerify/datasets/processed-handwritten/rimes_processed/train2011-1437/mosaic_000.png,genuine,0.7091891169548035,0.7360067367553711,-0.026817619800567627,false_reject
/home/lorenzo/Documenti/GitHub/HandVerify/datasets/processed-handwritten/rimes_processed/eval2011-29/batch_146.png,/home/lorenzo/Documenti/GitHub/HandVerify/datasets/processed-handwritten/rimes_processed/train2011-470/batch_6517.png,impostor,0.9614095091819763,0.7360067367553711,0.22540277242660522,false_accept
/home/lorenzo/Documenti/GitHub/HandVerify/datasets/processed-handwritten/rimes_processed/train2011-1095/batch_1271.png,/home/lorenzo/Documenti/GitHub/HandVerify/datasets/processed-handwritten/rimes_processed/train2011-351/batch_5564.png,impostor,0.9146252274513245,0.7360067367553711,0.17861849069595337,false_accept
/home/lorenzo/Documenti/GitHub/HandVerify/datasets/processed-handwritten/rimes_processed/eval2011-46/batch_273.png,/home/lorenzo/Documenti/GitHub/HandVerify/datasets/processed-handwritten/rimes_processed/train2011-625/mosaic_004.png,impostor,0.7624573707580566,0.7360067367553711,0.026450634002685547,false_accept
/home/lorenzo/Documenti/GitHub/HandVerify/datasets/processed-handwritten/rimes_processed/train2011-1118/batch_1434.png,/home/lorenzo/Documenti/GitHub/HandVerify/datasets/processed-handwritten/rimes_processed/train2011-1212/batch_2083.png,impostor,0.8545593619346619,0.7360067367553711,0.11855262517929077,false_accept
/home/lorenzo/Documenti/GitHub/HandVerify/datasets/processed-handwritten/rimes_processed/train2011-890/batch_9387.png,/home/lorenzo/Documenti/GitHub/HandVerify/datasets/processed-handwritten/rimes_processed/train2011-890/mosaic_000.png,genuine,0.5866513252258301,0.7360067367553711,-0.14935541152954102,false_reject
/home/lorenzo/Documenti/GitHub/HandVerify/datasets/processed-handwritten/rimes_processed/train2011-235/batch_4658.png,/home/lorenzo/Documenti/GitHub/HandVerify/datasets/processed-handwritten/rimes_processed/train2011-77/batch_8711.png,impostor,0.8459643721580505,0.7360067367553711,0.10995763540267944,false_accept
/home/lorenzo/Documenti/GitHub/HandVerify/datasets/processed-handwritten/rimes_processed/train2011-1200/batch_2019.png,/home/lorenzo/Documenti/GitHub/HandVerify/datasets/processed-handwritten/rimes_processed/train2011-876/batch_9303.png,impostor,0.7953097224235535,0.7360067367553711,0.05930298566818237,false_accept
/home/lorenzo/Documenti/GitHub/HandVerify/datasets/processed-handwritten/rimes_processed/train2011-1396/batch_3268.png,/home/lorenzo/Documenti/GitHub/HandVerify/datasets/processed-handwritten/rimes_processed/train2011-951/batch_9755.png,impostor,0.9637458920478821,0.7360067367553711,0.227739155292511,false_accept
/home/lorenzo/Documenti/GitHub/HandVerify/datasets/processed-handwritten/rimes_processed/train2011-1220/batch_2148.png,/home/lorenzo/Documenti/GitHub/HandVerify/datasets/processed-handwritten/rimes_processed/train2011-1458/mosaic_000.png,impostor,0.8758920431137085,0.7360067367553711,0.1398853063583374,false_accept
/home/lorenzo/Documenti/GitHub/HandVerify/datasets/processed-handwritten/rimes_processed/train2011-60/batch_7480.png,/home/lorenzo/Documenti/GitHub/HandVerify/datasets/processed-handwritten/rimes_processed/train2011-941/mosaic_001.png,impostor,0.8258364200592041,0.7360067367553711,0.08982968330383301,false_accept
/home/lorenzo/Documenti/GitHub/HandVerify/datasets/processed-handwritten/rimes_processed/train2011-1356/batch_3017.png,/home/lorenzo/Documenti/GitHub/HandVerify/datasets/processed-handwritten/rimes_processed/train2011-225/batch_4573.png,impostor,0.7576775550842285,0.7360067367553711,0.021670818328857422,false_accept
/home/lorenzo/Documenti/GitHub/HandVerify/datasets/processed-handwritten/rimes_processed/train2011-1306/mosaic_000.png,/home/lorenzo/Documenti/GitHub/HandVerify/datasets/processed-handwritten/rimes_processed/train2011-820/mosaic_000.png,impostor,0.8076001405715942,0.7360067367553711,0.07159340381622314,false_accept
/home/lorenzo/Documenti/GitHub/HandVerify/datasets/processed-handwritten/rimes_processed/train2011-253/batch_4813.png,/home/lorenzo/Documenti/GitHub/HandVerify/datasets/processed-handwritten/rimes_processed/train2011-600/batch_7415.png,impostor,0.9202759265899658,0.7360067367553711,0.18426918983459473,false_accept
/home/lorenzo/Documenti/GitHub/HandVerify/datasets/processed-handwritten/rimes_processed/train2011-691/batch_8078.png,/home/lorenzo/Documenti/GitHub/HandVerify/datasets/processed-handwritten/rimes_processed/train2011-878/mosaic_000.png,impostor,0.8298215866088867,0.7360067367553711,0.09381484985351562,false_accept
/home/lorenzo/Documenti/GitHub/HandVerify/datasets/processed-handwritten/rimes_processed/train2011-1291/mosaic_001.png,/home/lorenzo/Documenti/GitHub/HandVerify/datasets/processed-handwritten/rimes_processed/train2011-400/mosaic_001.png,impostor,0.9467653036117554,0.7360067367553711,0.21075856685638428,false_accept
/home/lorenzo/Documenti/GitHub/HandVerify/datasets/processed-handwritten/rimes_processed/train2011-1274/batch_2506.png,/home/lorenzo/Documenti/GitHub/HandVerify/datasets/processed-handwritten/rimes_processed/train2011-689/mosaic_001.png,impostor,0.8312766551971436,0.7360067367553711,0.09526991844177246,false_accept
/home/lorenzo/Documenti/GitHub/HandVerify/datasets/processed-handwritten/rimes_processed/train2011-1166/mosaic_002.png,/home/lorenzo/Documenti/GitHub/HandVerify/datasets/processed-handwritten/rimes_processed/train2011-693/mosaic_000.png,impostor,0.8808456659317017,0.7360067367553711,0.14483892917633057,false_accept
/home/lorenzo/Documenti/GitHub/HandVerify/datasets/processed-handwritten/rimes_processed/train2011-1362/batch_3050.png,/home/lorenzo/Documenti/GitHub/HandVerify/datasets/processed-handwritten/rimes_processed/train2011-14/batch_4051.png,impostor,0.9580784440040588,0.7360067367553711,0.22207170724868774,false_accept
/home/lorenzo/Documenti/GitHub/HandVerify/datasets/processed-handwritten/rimes_processed/train2011-1458/batch_3701.png,/home/lorenzo/Documenti/GitHub/HandVerify/datasets/processed-handwritten/rimes_processed/train2011-168/batch_4161.png,impostor,0.8393115401268005,0.7360067367553711,0.10330480337142944,false_accept
/home/lorenzo/Documenti/GitHub/HandVerify/datasets/processed-handwritten/rimes_processed/train2011-192/batch_4331.png,/home/lorenzo/Documenti/GitHub/HandVerify/datasets/processed-handwritten/rimes_processed/train2011-293/batch_5079.png,impostor,0.8760204911231995,0.7360067367553711,0.14001375436782837,false_accept
/home/lorenzo/Documenti/GitHub/HandVerify/datasets/processed-handwritten/rimes_processed/train2011-131/batch_2823.png,/home/lorenzo/Documenti/GitHub/HandVerify/datasets/processed-handwritten/rimes_processed/train2011-1323/batch_2852.png,impostor,0.8186306953430176,0.7360067367553711,0.08262395858764648,false_accept
/home/lorenzo/Documenti/GitHub/HandVerify/datasets/processed-handwritten/rimes_processed/train2011-334/batch_5408.png,/home/lorenzo/Documenti/GitHub/HandVerify/datasets/processed-handwritten/rimes_processed/train2011-699/batch_8150.png,impostor,0.9663457870483398,0.7360067367553711,0.23033905029296875,false_accept
/home/lorenzo/Documenti/GitHub/HandVerify/datasets/processed-handwritten/rimes_processed/eval2011-40/batch_231.png,/home/lorenzo/Documenti/GitHub/HandVerify/datasets/processed-handwritten/rimes_processed/train2011-1430/batch_3509.png,impostor,0.9187384247779846,0.7360067367553711,0.18273168802261353,false_accept
/home/lorenzo/Documenti/GitHub/HandVerify/datasets/processed-handwritten/rimes_processed/train2011-1122/batch_1471.png,/home/lorenzo/Documenti/GitHub/HandVerify/datasets/processed-handwritten/rimes_processed/train2011-1461/batch_3740.png,impostor,0.8422502875328064,0.7360067367553711,0.1062435507774353,false_accept
/home/lorenzo/Documenti/GitHub/HandVerify/datasets/processed-handwritten/rimes_processed/train2011-1383/mosaic_001.png,/home/lorenzo/Documenti/GitHub/HandVerify/datasets/processed-handwritten/rimes_processed/train2011-388/batch_5865.png,impostor,0.8280724883079529,0.7360067367553711,0.09206575155258179,false_accept
/home/lorenzo/Documenti/GitHub/HandVerify/datasets/processed-handwritten/rimes_processed/train2011-860/batch_9218.png,/home/lorenzo/Documenti/GitHub/HandVerify/datasets/processed-handwritten/rimes_processed/train2011-860/mosaic_000.png,genuine,0.7348230481147766,0.7360067367553711,-0.0011836886405944824,false_reject
/home/lorenzo/Documenti/GitHub/HandVerify/datasets/processed-handwritten/rimes_processed/train2011-1427/mosaic_001.png,/home/lorenzo/Documenti/GitHub/HandVerify/datasets/processed-handwritten/rimes_processed/train2011-1427/batch_3474.png,genuine,0.6669442057609558,0.7360067367553711,-0.06906253099441528,false_reject
/home/lorenzo/Documenti/GitHub/HandVerify/datasets/processed-handwritten/rimes_processed/train2011-343/mosaic_000.png,/home/lorenzo/Documenti/GitHub/HandVerify/datasets/processed-handwritten/rimes_processed/train2011-423/batch_6170.png,impostor,0.7402013540267944,0.7360067367553711,0.00419461727142334,false_accept
/home/lorenzo/Documenti/GitHub/HandVerify/datasets/processed-handwritten/rimes_processed/train2011-431/batch_6238.png,/home/lorenzo/Documenti/GitHub/HandVerify/datasets/processed-handwritten/rimes_processed/train2011-431/mosaic_000.png,genuine,0.4586458206176758,0.7360067367553711,-0.2773609161376953,false_reject
/home/lorenzo/Documenti/GitHub/HandVerify/datasets/processed-handwritten/rimes_processed/train2011-1282/batch_2556.png,/home/lorenzo/Documenti/GitHub/HandVerify/datasets/processed-handwritten/rimes_processed/train2011-352/batch_5579.png,impostor,0.7457277178764343,0.7360067367553711,0.009720981121063232,false_accept
/home/lorenzo/Documenti/GitHub/HandVerify/datasets/processed-handwritten/rimes_processed/train2011-1165/batch_1764.png,/home/lorenzo/Documenti/GitHub/HandVerify/datasets/processed-handwritten/rimes_processed/train2011-989/batch_9990.png,impostor,0.8956432342529297,0.7360067367553711,0.1596364974975586,false_accept
/home/lorenzo/Documenti/GitHub/HandVerify/datasets/processed-handwritten/rimes_processed/train2011-364/batch_5688.png,/home/lorenzo/Documenti/GitHub/HandVerify/datasets/processed-handwritten/rimes_processed/train2011-670/batch_7927.png,impostor,0.913238525390625,0.7360067367553711,0.1772317886352539,false_accept
/home/lorenzo/Documenti/GitHub/HandVerify/datasets/processed-handwritten/rimes_processed/train2011-555/batch_7113.png,/home/lorenzo/Documenti/GitHub/HandVerify/datasets/processed-handwritten/rimes_processed/train2011-845/batch_9124.png,impostor,0.9799224734306335,0.7360067367553711,0.24391573667526245,false_accept
/home/lorenzo/Documenti/GitHub/HandVerify/datasets/processed-handwritten/rimes_processed/eval2011-1/batch_066.png,/home/lorenzo/Documenti/GitHub/HandVerify/datasets/processed-handwritten/rimes_processed/train2011-276/batch_4980.png,impostor,0.9170542359352112,0.7360067367553711,0.1810474991798401,false_accept
/home/lorenzo/Documenti/GitHub/HandVerify/datasets/processed-handwritten/rimes_processed/train2011-1244/batch_2314.png,/home/lorenzo/Documenti/GitHub/HandVerify/datasets/processed-handwritten/rimes_processed/train2011-877/mosaic_001.png,impostor,0.8262519240379333,0.7360067367553711,0.09024518728256226,false_accept
/home/lorenzo/Documenti/GitHub/HandVerify/datasets/processed-handwritten/rimes_processed/train2011-808/mosaic_000.png,/home/lorenzo/Documenti/GitHub/HandVerify/datasets/processed-handwritten/rimes_processed/train2011-808/batch_8912.png,genuine,0.22781825065612793,0.7360067367553711,-0.5081884860992432,false_reject
/home/lorenzo/Documenti/GitHub/HandVerify/datasets/processed-handwritten/rimes_processed/eval2011-8/batch_571.png,/home/lorenzo/Documenti/GitHub/HandVerify/datasets/processed-handwritten/rimes_processed/train2011-580/batch_7272.png,impostor,0.8707720637321472,0.7360067367553711,0.13476532697677612,false_accept
/home/lorenzo/Documenti/GitHub/HandVerify/datasets/processed-handwritten/rimes_processed/train2011-1110/mosaic_000.png,/home/lorenzo/Documenti/GitHub/HandVerify/datasets/processed-handwritten/rimes_processed/train2011-781/batch_8719.png,impostor,0.7988799810409546,0.7360067367553711,0.0628732442855835,false_accept
/home/lorenzo/Documenti/GitHub/HandVerify/datasets/processed-handwritten/rimes_processed/train2011-1346/mosaic_000.png,/home/lorenzo/Documenti/GitHub/HandVerify/datasets/processed-handwritten/rimes_processed/train2011-379/mosaic_000.png,impostor,0.9561132192611694,0.7360067367553711,0.22010648250579834,false_accept
/home/lorenzo/Documenti/GitHub/HandVerify/datasets/processed-handwritten/rimes_processed/eval2011-52/batch_326.png,/home/lorenzo/Documenti/GitHub/HandVerify/datasets/processed-handwritten/rimes_processed/train2011-1166/batch_1776.png,impostor,0.9615573287010193,0.7360067367553711,0.2255505919456482,false_accept
/home/lorenzo/Documenti/GitHub/HandVerify/datasets/processed-handwritten/rimes_processed/train2011-321/batch_5297.png,/home/lorenzo/Documenti/GitHub/HandVerify/datasets/processed-handwritten/rimes_processed/train2011-609/batch_7477.png,impostor,0.8306810855865479,0.7360067367553711,0.09467434883117676,false_accept
/home/lorenzo/Documenti/GitHub/HandVerify/datasets/processed-handwritten/rimes_processed/train2011-180/mosaic_001.png,/home/lorenzo/Documenti/GitHub/HandVerify/datasets/processed-handwritten/rimes_processed/train2011-823/batch_9007.png,impostor,0.7804713845252991,0.7360067367553711,0.04446464776992798,false_accept
/home/lorenzo/Documenti/GitHub/HandVerify/datasets/processed-handwritten/rimes_processed/train2011-354/mosaic_001.png,/home/lorenzo/Documenti/GitHub/HandVerify/datasets/processed-handwritten/rimes_processed/train2011-773/batch_8659.png,impostor,0.8451879620552063,0.7360067367553711,0.1091812252998352,false_accept
/home/lorenzo/Documenti/GitHub/HandVerify/datasets/processed-handwritten/rimes_processed/train2011-50/batch_6806.png,/home/lorenzo/Documenti/GitHub/HandVerify/datasets/processed-handwritten/rimes_processed/train2011-50/mosaic_000.png,genuine,0.5905739068984985,0.7360067367553711,-0.14543282985687256,false_reject
/home/lorenzo/Documenti/GitHub/HandVerify/datasets/processed-handwritten/rimes_processed/train2011-754/batch_8522.png,/home/lorenzo/Documenti/GitHub/HandVerify/datasets/processed-handwritten/rimes_processed/train2011-754/mosaic_000.png,genuine,0.6462716460227966,0.7360067367553711,-0.08973509073257446,false_reject
/home/lorenzo/Documenti/GitHub/HandVerify/datasets/processed-handwritten/rimes_processed/train2011-301/batch_5145.png,/home/lorenzo/Documenti/GitHub/HandVerify/datasets/processed-handwritten/rimes_processed/train2011-430/mosaic_001.png,impostor,0.7511041164398193,0.7360067367553711,0.015097379684448242,false_accept
/home/lorenzo/Documenti/GitHub/HandVerify/datasets/processed-handwritten/rimes_processed/train2011-512/batch_6827.png,/home/lorenzo/Documenti/GitHub/HandVerify/datasets/processed-handwritten/rimes_processed/train2011-512/batch_6825.png,genuine,0.518947422504425,0.7360067367553711,-0.21705931425094604,false_reject
/home/lorenzo/Documenti/GitHub/HandVerify/datasets/processed-handwritten/rimes_processed/train2011-407/mosaic_000.png,/home/lorenzo/Documenti/GitHub/HandVerify/datasets/processed-handwritten/rimes_processed/train2011-942/mosaic_001.png,impostor,0.8866662979125977,0.7360067367553711,0.15065956115722656,false_accept
/home/lorenzo/Documenti/GitHub/HandVerify/datasets/processed-handwritten/rimes_processed/train2011-1494/batch_3995.png,/home/lorenzo/Documenti/GitHub/HandVerify/datasets/processed-handwritten/rimes_processed/train2011-1494/mosaic_000.png,genuine,0.7261597514152527,0.7360067367553711,-0.009846985340118408,false_reject
/home/lorenzo/Documenti/GitHub/HandVerify/datasets/processed-handwritten/rimes_processed/train2011-1237/mosaic_001.png,/home/lorenzo/Documenti/GitHub/HandVerify/datasets/processed-handwritten/rimes_processed/train2011-1237/batch_2248.png,genuine,0.5371279716491699,0.7360067367553711,-0.19887876510620117,false_reject
/home/lorenzo/Documenti/GitHub/HandVerify/datasets/processed-handwritten/rimes_processed/train2011-581/batch_7275.png,/home/lorenzo/Documenti/GitHub/HandVerify/datasets/processed-handwritten/rimes_processed/train2011-581/batch_7273.png,genuine,0.7326576113700867,0.7360067367553711,-0.003349125385284424,false_reject
/home/lorenzo/Documenti/GitHub/HandVerify/datasets/processed-handwritten/rimes_processed/train2011-153/batch_4075.png,/home/lorenzo/Documenti/GitHub/HandVerify/datasets/processed-handwritten/rimes_processed/train2011-261/batch_4861.png,impostor,0.8410085439682007,0.7360067367553711,0.10500180721282959,false_accept
/home/lorenzo/Documenti/GitHub/HandVerify/datasets/processed-handwritten/rimes_processed/train2011-1059/batch_1023.png,/home/lorenzo/Documenti/GitHub/HandVerify/datasets/processed-handwritten/rimes_processed/train2011-448/batch_6357.png,impostor,0.9649243354797363,0.7360067367553711,0.22891759872436523,false_accept
/home/lorenzo/Documenti/GitHub/HandVerify/datasets/processed-handwritten/rimes_processed/train2011-10/batch_1321.png,/home/lorenzo/Documenti/GitHub/HandVerify/datasets/processed-handwritten/rimes_processed/train2011-746/batch_8459.png,impostor,0.8685199618339539,0.7360067367553711,0.13251322507858276,false_accept
/home/lorenzo/Documenti/GitHub/HandVerify/datasets/processed-handwritten/rimes_processed/train2011-324/mosaic_001.png,/home/lorenzo/Documenti/GitHub/HandVerify/datasets/processed-handwritten/rimes_processed/train2011-613/mosaic_001.png,impostor,0.9191466569900513,0.7360067367553711,0.18313992023468018,false_accept
/home/lorenzo/Documenti/GitHub/HandVerify/datasets/processed-handwritten/rimes_processed/train2011-1280/mosaic_001.png,/home/lorenzo/Documenti/GitHub/HandVerify/datasets/processed-handwritten/rimes_processed/train2011-1280/batch_2546.png,genuine,0.69627445936203,0.7360067367553711,-0.039732277393341064,false_reject
/home/lorenzo/Documenti/GitHub/HandVerify/datasets/processed-handwritten/rimes_processed/train2011-1012/batch_724.png,/home/lorenzo/Documenti/GitHub/HandVerify/datasets/processed-handwritten/rimes_processed/train2011-1228/mosaic_001.png,impostor,0.8544309735298157,0.7360067367553711,0.11842423677444458,false_accept
/home/lorenzo/Documenti/GitHub/HandVerify/datasets/processed-handwritten/rimes_processed/train2011-1287/batch_2582.png,/home/lorenzo/Documenti/GitHub/HandVerify/datasets/processed-handwritten/rimes_processed/train2011-405/batch_6020.png,impostor,0.929177463054657,0.7360067367553711,0.1931707262992859,false_accept
/home/lorenzo/Documenti/GitHub/HandVerify/datasets/processed-handwritten/rimes_processed/train2011-1151/batch_1663.png,/home/lorenzo/Documenti/GitHub/HandVerify/datasets/processed-handwritten/rimes_processed/train2011-565/batch_7178.png,impostor,0.7902123928070068,0.7360067367553711,0.05420565605163574,false_accept
/home/lorenzo/Documenti/GitHub/HandVerify/datasets/processed-handwritten/rimes_processed/train2011-816/batch_8969.png,/home/lorenzo/Documenti/GitHub/HandVerify/datasets/processed-handwritten/rimes_processed/train2011-816/mosaic_000.png,genuine,0.3067770004272461,0.7360067367553711,-0.429229736328125,false_reject
/home/lorenzo/Documenti/GitHub/HandVerify/datasets/processed-handwritten/rimes_processed/train2011-1237/batch_2252.png,/home/lorenzo/Documenti/GitHub/HandVerify/datasets/processed-handwritten/rimes_processed/train2011-441/batch_6314.png,impostor,0.8188179135322571,0.7360067367553711,0.08281117677688599,false_accept
/home/lorenzo/Documenti/GitHub/HandVerify/datasets/processed-handwritten/rimes_processed/train2011-50/batch_6807.png,/home/lorenzo/Documenti/GitHub/HandVerify/datasets/processed-handwritten/rimes_processed/train2011-832/batch_9059.png,impostor,0.9202635884284973,0.7360067367553711,0.18425685167312622,false_accept
/home/lorenzo/Documenti/GitHub/HandVerify/datasets/processed-handwritten/rimes_processed/train2011-480/mosaic_002.png,/home/lorenzo/Documenti/GitHub/HandVerify/datasets/processed-handwritten/rimes_processed/train2011-523/batch_6891.png,impostor,0.776788055896759,0.7360067367553711,0.04078131914138794,false_accept
/home/lorenzo/Documenti/GitHub/HandVerify/datasets/processed-handwritten/rimes_processed/train2011-589/batch_7324.png,/home/lorenzo/Documenti/GitHub/HandVerify/datasets/processed-handwritten/rimes_processed/train2011-589/mosaic_000.png,genuine,0.6276922821998596,0.7360067367553711,-0.10831445455551147,false_reject
/home/lorenzo/Documenti/GitHub/HandVerify/datasets/processed-handwritten/rimes_processed/train2011-1484/batch_3926.png,/home/lorenzo/Documenti/GitHub/HandVerify/datasets/processed-handwritten/rimes_processed/train2011-453/batch_6398.png,impostor,0.8706955909729004,0.7360067367553711,0.1346888542175293,false_accept
/home/lorenzo/Documenti/GitHub/HandVerify/datasets/processed-handwritten/rimes_processed/eval2011-64/batch_390.png,/home/lorenzo/Documenti/GitHub/HandVerify/datasets/processed-handwritten/rimes_processed/train2011-1373/batch_3115.png,impostor,0.9504033923149109,0.7360067367553711,0.2143966555595398,false_accept
/home/lorenzo/Documenti/GitHub/HandVerify/datasets/processed-handwritten/rimes_processed/train2011-1409/batch_3346.png,/home/lorenzo/Documenti/GitHub/HandVerify/datasets/processed-handwritten/rimes_processed/train2011-231/batch_4626.png,impostor,0.9740405082702637,0.7360067367553711,0.23803377151489258,false_accept
/home/lorenzo/Documenti/GitHub/HandVerify/datasets/processed-handwritten/rimes_processed/train2011-1095/batch_1273.png,/home/lorenzo/Documenti/GitHub/HandVerify/datasets/processed-handwritten/rimes_processed/train2011-1323/mosaic_001.png,impostor,0.8117422461509705,0.7360067367553711,0.07573550939559937,false_accept
/home/lorenzo/Documenti/GitHub/HandVerify/datasets/processed-handwritten/rimes_processed/train2011-1461/batch_3739.png,/home/lorenzo/Documenti/GitHub/HandVerify/datasets/processed-handwritten/rimes_processed/train2011-465/mosaic_001.png,impostor,0.8332609534263611,0.7360067367553711,0.09725421667098999,false_accept
/home/lorenzo/Documenti/GitHub/HandVerify/datasets/processed-handwritten/rimes_processed/train2011-1276/batch_2522.png,/home/lorenzo/Documenti/GitHub/HandVerify/datasets/processed-handwritten/rimes_processed/train2011-1276/mosaic_000.png,genuine,0.5725009441375732,0.7360067367553711,-0.16350579261779785,false_reject
/home/lorenzo/Documenti/GitHub/HandVerify/datasets/processed-handwritten/rimes_processed/train2011-363/batch_5671.png,/home/lorenzo/Documenti/GitHub/HandVerify/datasets/processed-handwritten/rimes_processed/train2011-380/mosaic_000.png,impostor,0.7850362062454224,0.7360067367553711,0.04902946949005127,false_accept
/home/lorenzo/Documenti/GitHub/HandVerify/datasets/processed-handwritten/rimes_processed/train2011-1142/batch_1590.png,/home/lorenzo/Documenti/GitHub/HandVerify/datasets/processed-handwritten/rimes_processed/train2011-1321/batch_2843.png,impostor,0.9075030088424683,0.7360067367553711,0.17149627208709717,false_accept
/home/lorenzo/Documenti/GitHub/HandVerify/datasets/processed-handwritten/rimes_processed/train2011-843/batch_9107.png,/home/lorenzo/Documenti/GitHub/HandVerify/datasets/processed-handwritten/rimes_processed/train2011-843/mosaic_000.png,genuine,0.7198731899261475,0.7360067367553711,-0.016133546829223633,false_reject
/home/lorenzo/Documenti/GitHub/HandVerify/datasets/processed-handwritten/rimes_processed/train2011-1441/mosaic_001.png,/home/lorenzo/Documenti/GitHub/HandVerify/datasets/processed-handwritten/rimes_processed/train2011-816/batch_8968.png,impostor,0.8065062761306763,0.7360067367553711,0.07049953937530518,false_accept
/home/lorenzo/Documenti/GitHub/HandVerify/datasets/processed-handwritten/rimes_processed/train2011-1339/batch_2941.png,/home/lorenzo/Documenti/GitHub/HandVerify/datasets/processed-handwritten/rimes_processed/train2011-710/batch_8228.png,impostor,0.8353496193885803,0.7360067367553711,0.09934288263320923,false_accept
/home/lorenzo/Documenti/GitHub/HandVerify/datasets/processed-handwritten/rimes_processed/train2011-654/batch_7799.png,/home/lorenzo/Documenti/GitHub/HandVerify/datasets/processed-handwritten/rimes_processed/train2011-924/batch_9598.png,impostor,0.9718769788742065,0.7360067367553711,0.23587024211883545,false_accept
/home/lorenzo/Documenti/GitHub/HandVerify/datasets/processed-handwritten/rimes_processed/train2011-1082/mosaic_000.png,/home/lorenzo/Documenti/GitHub/HandVerify/datasets/processed-handwritten/rimes_processed/train2011-1177/batch_1839.png,impostor,0.8089088201522827,0.7360067367553711,0.07290208339691162,false_accept
/home/lorenzo/Documenti/GitHub/HandVerify/datasets/processed-handwritten/rimes_processed/train2011-628/batch_7606.png,/home/lorenzo/Documenti/GitHub/HandVerify/datasets/processed-handwritten/rimes_processed/train2011-942/batch_9704.png,impostor,0.9746951460838318,0.7360067367553711,0.2386884093284607,false_accept
/home/lorenzo/Documenti/GitHub/HandVerify/datasets/processed-handwritten/rimes_processed/train2011-327/batch_5343.png,/home/lorenzo/Documenti/GitHub/HandVerify/datasets/processed-handwritten/rimes_processed/train2011-843/batch_9109.png,impostor,0.8504961729049683,0.7360067367553711,0.11448943614959717,false_accept
/home/lorenzo/Documenti/GitHub/HandVerify/datasets/processed-handwritten/rimes_processed/train2011-23/batch_4706.png,/home/lorenzo/Documenti/GitHub/HandVerify/datasets/processed-handwritten/rimes_processed/train2011-704/mosaic_001.png,impostor,0.7546675801277161,0.7360067367553711,0.01866084337234497,false_accept
/home/lorenzo/Documenti/GitHub/HandVerify/datasets/processed-handwritten/rimes_processed/eval2011-74/batch_467.png,/home/lorenzo/Documenti/GitHub/HandVerify/datasets/processed-handwritten/rimes_processed/train2011-392/batch_5910.png,impostor,0.9552505016326904,0.7360067367553711,0.21924376487731934,false_accept
/home/lorenzo/Documenti/GitHub/HandVerify/datasets/processed-handwritten/rimes_processed/train2011-1161/mosaic_000.png,/home/lorenzo/Documenti/GitHub/HandVerify/datasets/processed-handwritten/rimes_processed/train2011-59/mosaic_001.png,impostor,0.8457298278808594,0.7360067367553711,0.10972309112548828,false_accept
/home/lorenzo/Documenti/GitHub/HandVerify/datasets/processed-handwritten/rimes_processed/train2011-1274/batch_2512.png,/home/lorenzo/Documenti/GitHub/HandVerify/datasets/processed-handwritten/rimes_processed/train2011-1319/batch_2815.png,impostor,0.9765381813049316,0.7360067367553711,0.24053144454956055,false_accept
/home/lorenzo/Documenti/GitHub/HandVerify/datasets/processed-handwritten/rimes_processed/train2011-1410/batch_3362.png,/home/lorenzo/Documenti/GitHub/HandVerify/datasets/processed-handwritten/rimes_processed/train2011-25/mosaic_000.png,impostor,0.8159109354019165,0.7360067367553711,0.07990419864654541,false_accept
/home/lorenzo/Documenti/GitHub/HandVerify/datasets/processed-handwritten/rimes_processed/train2011-1106/batch_1351.png,/home/lorenzo/Documenti/GitHub/HandVerify/datasets/processed-handwritten/rimes_processed/train2011-1106/mosaic_001.png,genuine,0.7359507083892822,0.7360067367553711,-5.602836608886719e-05,false_reject
/home/lorenzo/Documenti/GitHub/HandVerify/datasets/processed-handwritten/rimes_processed/train2011-1176/batch_1835.png,/home/lorenzo/Documenti/GitHub/HandVerify/datasets/processed-handwritten/rimes_processed/train2011-151/batch_4066.png,impostor,0.8135130405426025,0.7360067367553711,0.07750630378723145,false_accept
/home/lorenzo/Documenti/GitHub/HandVerify/datasets/processed-handwritten/rimes_processed/eval2011-84/mosaic_001.png,/home/lorenzo/Documenti/GitHub/HandVerify/datasets/processed-handwritten/rimes_processed/train2011-991/batch_10010.png,impostor,0.7531974911689758,0.7360067367553711,0.017190754413604736,false_accept
/home/lorenzo/Documenti/GitHub/HandVerify/datasets/processed-handwritten/rimes_processed/eval2011-84/batch_539.png,/home/lorenzo/Documenti/GitHub/HandVerify/datasets/processed-handwritten/rimes_processed/train2011-61/batch_7539.png,impostor,0.8500550985336304,0.7360067367553711,0.11404836177825928,false_accept
/home/lorenzo/Documenti/GitHub/HandVerify/datasets/processed-handwritten/rimes_processed/train2011-1074/batch_1128.png,/home/lorenzo/Documenti/GitHub/HandVerify/datasets/processed-handwritten/rimes_processed/train2011-213/batch_4482.png,impostor,0.7677801251411438,0.7360067367553711,0.031773388385772705,false_accept
/home/lorenzo/Documenti/GitHub/HandVerify/datasets/processed-handwritten/rimes_processed/train2011-1242/batch_2296.png,/home/lorenzo/Documenti/GitHub/HandVerify/datasets/processed-handwritten/rimes_processed/train2011-475/batch_6544.png,impostor,0.9666627049446106,0.7360067367553711,0.2306559681892395,false_accept
/home/lorenzo/Documenti/GitHub/HandVerify/datasets/processed-handwritten/rimes_processed/eval2011-64/batch_396.png,/home/lorenzo/Documenti/GitHub/HandVerify/datasets/processed-handwritten/rimes_processed/train2011-191/batch_4329.png,impostor,0.871955931186676,0.7360067367553711,0.13594919443130493,false_accept
/home/lorenzo/Documenti/GitHub/HandVerify/datasets/processed-handwritten/rimes_processed/train2011-255/batch_4831.png,/home/lorenzo/Documenti/GitHub/HandVerify/datasets/processed-handwritten/rimes_processed/train2011-48/batch_6663.png,impostor,0.958042323589325,0.7360067367553711,0.22203558683395386,false_accept
/home/lorenzo/Documenti/GitHub/HandVerify/datasets/processed-handwritten/rimes_processed/train2011-1013/batch_727.png,/home/lorenzo/Documenti/GitHub/HandVerify/datasets/processed-handwritten/rimes_processed/train2011-216/mosaic_002.png,impostor,0.8714113235473633,0.7360067367553711,0.1354045867919922,false_accept
/home/lorenzo/Documenti/GitHub/HandVerify/datasets/processed-handwritten/rimes_processed/train2011-1236/batch_2240.png,/home/lorenzo/Documenti/GitHub/HandVerify/datasets/processed-handwritten/rimes_processed/train2011-518/batch_6856.png,impostor,0.8135355710983276,0.7360067367553711,0.07752883434295654,false_accept
/home/lorenzo/Documenti/GitHub/HandVerify/datasets/processed-handwritten/rimes_processed/train2011-1149/batch_1644.png,/home/lorenzo/Documenti/GitHub/HandVerify/datasets/processed-handwritten/rimes_processed/train2011-1189/batch_1923.png,impostor,0.9726415872573853,0.7360067367553711,0.23663485050201416,false_accept
/home/lorenzo/Documenti/GitHub/HandVerify/datasets/processed-handwritten/rimes_processed/train2011-333/batch_5405.png,/home/lorenzo/Documenti/GitHub/HandVerify/datasets/processed-handwritten/rimes_processed/train2011-545/batch_7046.png,impostor,0.9238882064819336,0.7360067367553711,0.1878814697265625,false_accept
/home/lorenzo/Documenti/GitHub/HandVerify/datasets/processed-handwritten/rimes_processed/train2011-236/batch_4660.png,/home/lorenzo/Documenti/GitHub/HandVerify/datasets/processed-handwritten/rimes_processed/train2011-545/batch_7047.png,impostor,0.9219900965690613,0.7360067367553711,0.18598335981369019,false_accept
/home/lorenzo/Documenti/GitHub/HandVerify/datasets/processed-handwritten/rimes_processed/train2011-1306/batch_2707.png,/home/lorenzo/Documenti/GitHub/HandVerify/datasets/processed-handwritten/rimes_processed/train2011-942/batch_9702.png,impostor,0.9543261528015137,0.7360067367553711,0.21831941604614258,false_accept
/home/lorenzo/Documenti/GitHub/HandVerify/datasets/processed-handwritten/rimes_processed/train2011-150/batch_4054.png,/home/lorenzo/Documenti/GitHub/HandVerify/datasets/processed-handwritten/rimes_processed/train2011-187/batch_4305.png,impostor,0.9583678841590881,0.7360067367553711,0.22236114740371704,false_accept
/home/lorenzo/Documenti/GitHub/HandVerify/datasets/processed-handwritten/rimes_processed/train2011-520/batch_6874.png,/home/lorenzo/Documenti/GitHub/HandVerify/datasets/processed-handwritten/rimes_processed/train2011-911/batch_9522.png,impostor,0.9136488437652588,0.7360067367553711,0.1776421070098877,false_accept
/home/lorenzo/Documenti/GitHub/HandVerify/datasets/processed-handwritten/rimes_processed/train2011-40/mosaic_003.png,/home/lorenzo/Documenti/GitHub/HandVerify/datasets/processed-handwritten/rimes_processed/train2011-40/batch_6061.png,genuine,0.5779879093170166,0.7360067367553711,-0.1580188274383545,false_reject
/home/lorenzo/Documenti/GitHub/HandVerify/datasets/processed-handwritten/rimes_processed/train2011-1062/mosaic_001.png,/home/lorenzo/Documenti/GitHub/HandVerify/datasets/processed-handwritten/rimes_processed/train2011-1489/batch_3957.png,impostor,0.8102455139160156,0.7360067367553711,0.07423877716064453,false_accept
/home/lorenzo/Documenti/GitHub/HandVerify/datasets/processed-handwritten/rimes_processed/train2011-1309/mosaic_000.png,/home/lorenzo/Documenti/GitHub/HandVerify/datasets/processed-handwritten/rimes_processed/train2011-167/batch_4157.png,impostor,0.8542734980583191,0.7360067367553711,0.118266761302948,false_accept
/home/lorenzo/Documenti/GitHub/HandVerify/datasets/processed-handwritten/rimes_processed/eval2011-92/batch_596.png,/home/lorenzo/Documenti/GitHub/HandVerify/datasets/processed-handwritten/rimes_processed/train2011-6/mosaic_000.png,impostor,0.7899513244628906,0.7360067367553711,0.05394458770751953,false_accept
/home/lorenzo/Documenti/GitHub/HandVerify/datasets/processed-handwritten/rimes_processed/train2011-179/batch_4242.png,/home/lorenzo/Documenti/GitHub/HandVerify/datasets/processed-handwritten/rimes_processed/train2011-294/batch_5087.png,impostor,0.9387544989585876,0.7360067367553711,0.20274776220321655,false_accept
/home/lorenzo/Documenti/GitHub/HandVerify/datasets/processed-handwritten/rimes_processed/train2011-1300/batch_2677.png,/home/lorenzo/Documenti/GitHub/HandVerify/datasets/processed-handwritten/rimes_processed/train2011-1439/batch_3566.png,impostor,0.878538966178894,0.7360067367553711,0.14253222942352295,false_accept
/home/lorenzo/Documenti/GitHub/HandVerify/datasets/processed-handwritten/rimes_processed/eval2011-59/mosaic_000.png,/home/lorenzo/Documenti/GitHub/HandVerify/datasets/processed-handwritten/rimes_processed/train2011-1429/mosaic_001.png,impostor,0.8767803907394409,0.7360067367553711,0.14077365398406982,false_accept
/home/lorenzo/Documenti/GitHub/HandVerify/datasets/processed-handwritten/rimes_processed/eval2011-29/batch_134.png,/home/lorenzo/Documenti/GitHub/HandVerify/datasets/processed-handwritten/rimes_processed/train2011-613/batch_7504.png,impostor,0.8253364562988281,0.7360067367553711,0.08932971954345703,false_accept
/home/lorenzo/Documenti/GitHub/HandVerify/datasets/processed-handwritten/rimes_processed/train2011-1242/batch_2295.png,/home/lorenzo/Documenti/GitHub/HandVerify/datasets/processed-handwritten/rimes_processed/train2011-198/batch_4371.png,impostor,0.7692368626594543,0.7360067367553711,0.03323012590408325,false_accept
/home/lorenzo/Documenti/GitHub/HandVerify/datasets/processed-handwritten/rimes_processed/train2011-1140/batch_1580.png,/home/lorenzo/Documenti/GitHub/HandVerify/datasets/processed-handwritten/rimes_processed/train2011-1227/batch_2188.png,impostor,0.9065322279930115,0.7360067367553711,0.17052549123764038,false_accept
/home/lorenzo/Documenti/GitHub/HandVerify/datasets/processed-handwritten/rimes_processed/train2011-166/batch_4149.png,/home/lorenzo/Documenti/GitHub/HandVerify/datasets/processed-handwritten/rimes_processed/train2011-286/batch_5041.png,impostor,0.8548640012741089,0.7360067367553711,0.11885726451873779,false_accept
/home/lorenzo/Documenti/GitHub/HandVerify/datasets/processed-handwritten/rimes_processed/train2011-1003/batch_679.png,/home/lorenzo/Documenti/GitHub/HandVerify/datasets/processed-handwritten/rimes_processed/train2011-247/mosaic_001.png,impostor,0.829146683216095,0.7360067367553711,0.09313994646072388,false_accept
/home/lorenzo/Documenti/GitHub/HandVerify/datasets/processed-handwritten/rimes_processed/train2011-1409/batch_3346.png,/home/lorenzo/Documenti/GitHub/HandVerify/datasets/processed-handwritten/rimes_processed/train2011-642/batch_7712.png,impostor,0.9200484752655029,0.7360067367553711,0.18404173851013184,false_accept
/home/lorenzo/Documenti/GitHub/HandVerify/datasets/processed-handwritten/rimes_processed/train2011-1139/batch_1566.png,/home/lorenzo/Documenti/GitHub/HandVerify/datasets/processed-handwritten/rimes_processed/train2011-989/mosaic_000.png,impostor,0.7896115779876709,0.7360067367553711,0.053604841232299805,false_accept
/home/lorenzo/Documenti/GitHub/HandVerify/datasets/processed-handwritten/rimes_processed/train2011-384/batch_5844.png,/home/lorenzo/Documenti/GitHub/HandVerify/datasets/processed-handwritten/rimes_processed/train2011-754/batch_8528.png,impostor,0.7771233916282654,0.7360067367553711,0.04111665487289429,false_accept
/home/lorenzo/Documenti/GitHub/HandVerify/datasets/processed-handwritten/rimes_processed/train2011-1270/batch_2478.png,/home/lorenzo/Documenti/GitHub/HandVerify/datasets/processed-handwritten/rimes_processed/train2011-23/batch_4709.png,impostor,0.9061383605003357,0.7360067367553711,0.1701316237449646,false_accept
/home/lorenzo/Documenti/GitHub/HandVerify/datasets/processed-handwritten/rimes_processed/eval2011-5/batch_359.png,/home/lorenzo/Documenti/GitHub/HandVerify/datasets/processed-handwritten/rimes_processed/train2011-482/batch_6596.png,impostor,0.8252009153366089,0.7360067367553711,0.08919417858123779,false_accept
/home/lorenzo/Documenti/GitHub/HandVerify/datasets/processed-handwritten/rimes_processed/train2011-449/mosaic_001.png,/home/lorenzo/Documenti/GitHub/HandVerify/datasets/processed-handwritten/rimes_processed/train2011-897/batch_9442.png,impostor,0.7371145486831665,0.7360067367553711,0.0011078119277954102,false_accept
/home/lorenzo/Documenti/GitHub/HandVerify/datasets/processed-handwritten/rimes_processed/eval2011-29/batch_144.png,/home/lorenzo/Documenti/GitHub/HandVerify/datasets/processed-handwritten/rimes_processed/train2011-1498/batch_4025.png,impostor,0.9355310797691345,0.7360067367553711,0.19952434301376343,false_accept
/home/lorenzo/Documenti/GitHub/HandVerify/datasets/processed-handwritten/rimes_processed/eval2011-82/batch_529.png,/home/lorenzo/Documenti/GitHub/HandVerify/datasets/processed-handwritten/rimes_processed/train2011-355/batch_5601.png,impostor,0.8236597180366516,0.7360067367553711,0.08765298128128052,false_accept
/home/lorenzo/Documenti/GitHub/HandVerify/datasets/processed-handwritten/rimes_processed/train2011-1362/batch_3059.png,/home/lorenzo/Documenti/GitHub/HandVerify/datasets/processed-handwritten/rimes_processed/train2011-814/batch_8947.png,impostor,0.8581529259681702,0.7360067367553711,0.12214618921279907,false_accept
/home/lorenzo/Documenti/GitHub/HandVerify/datasets/processed-handwritten/rimes_processed/train2011-118/batch_1926.png,/home/lorenzo/Documenti/GitHub/HandVerify/datasets/processed-handwritten/rimes_processed/train2011-975/batch_9893.png,impostor,0.9576542377471924,0.7360067367553711,0.2216475009918213,false_accept
/home/lorenzo/Documenti/GitHub/HandVerify/datasets/processed-handwritten/rimes_processed/eval2011-60/batch_370.png,/home/lorenzo/Documenti/GitHub/HandVerify/datasets/processed-handwritten/rimes_processed/train2011-646/batch_7732.png,impostor,0.7511113286018372,0.7360067367553711,0.015104591846466064,false_accept
/home/lorenzo/Documenti/GitHub/HandVerify/datasets/processed-handwritten/rimes_processed/train2011-310/batch_5217.png,/home/lorenzo/Documenti/GitHub/HandVerify/datasets/processed-handwritten/rimes_processed/train2011-963/batch_9818.png,impostor,0.9051424264907837,0.7360067367553711,0.1691356897354126,false_accept
/home/lorenzo/Documenti/GitHub/HandVerify/datasets/processed-handwritten/rimes_processed/train2011-1444/mosaic_001.png,/home/lorenzo/Documenti/GitHub/HandVerify/datasets/processed-handwritten/rimes_processed/train2011-1444/batch_3609.png,genuine,0.42836061120033264,0.7360067367553711,-0.30764612555503845,false_reject
/home/lorenzo/Documenti/GitHub/HandVerify/datasets/processed-handwritten/rimes_processed/train2011-1237/mosaic_001.png,/home/lorenzo/Documenti/GitHub/HandVerify/datasets/processed-handwritten/rimes_processed/train2011-1237/batch_2249.png,genuine,0.6675738096237183,0.7360067367553711,-0.06843292713165283,false_reject
/home/lorenzo/Documenti/GitHub/HandVerify/datasets/processed-handwritten/rimes_processed/train2011-1307/mosaic_001.png,/home/lorenzo/Documenti/GitHub/HandVerify/datasets/processed-handwritten/rimes_processed/train2011-236/batch_4661.png,impostor,0.8398244976997375,0.7360067367553711,0.10381776094436646,false_accept
/home/lorenzo/Documenti/GitHub/HandVerify/datasets/processed-handwritten/rimes_processed/train2011-1145/mosaic_001.png,/home/lorenzo/Documenti/GitHub/HandVerify/datasets/processed-handwritten/rimes_processed/train2011-1145/batch_1610.png,genuine,0.7008758187294006,0.7360067367553711,-0.03513091802597046,false_reject
/home/lorenzo/Documenti/GitHub/HandVerify/datasets/processed-handwritten/rimes_processed/train2011-876/batch_9306.png,/home/lorenzo/Documenti/GitHub/HandVerify/datasets/processed-handwritten/rimes_processed/train2011-876/mosaic_001.png,genuine,0.6882870197296143,0.7360067367553711,-0.047719717025756836,false_reject
/home/lorenzo/Documenti/GitHub/HandVerify/datasets/processed-handwritten/rimes_processed/train2011-440/batch_6306.png,/home/lorenzo/Documenti/GitHub/HandVerify/datasets/processed-handwritten/rimes_processed/train2011-924/mosaic_000.png,impostor,0.7961398959159851,0.7360067367553711,0.060133159160614014,false_accept
/home/lorenzo/Documenti/GitHub/HandVerify/datasets/processed-handwritten/rimes_processed/train2011-1103/batch_1337.png,/home/lorenzo/Documenti/GitHub/HandVerify/datasets/processed-handwritten/rimes_processed/train2011-761/batch_8567.png,impostor,0.9590889811515808,0.7360067367553711,0.22308224439620972,false_accept
/home/lorenzo/Documenti/GitHub/HandVerify/datasets/processed-handwritten/rimes_processed/train2011-1061/batch_1044.png,/home/lorenzo/Documenti/GitHub/HandVerify/datasets/processed-handwritten/rimes_processed/train2011-680/batch_7999.png,impostor,0.9245988726615906,0.7360067367553711,0.18859213590621948,false_accept
/home/lorenzo/Documenti/GitHub/HandVerify/datasets/processed-handwritten/rimes_processed/eval2011-16/batch_048.png,/home/lorenzo/Documenti/GitHub/HandVerify/datasets/processed-handwritten/rimes_processed/train2011-372/batch_5754.png,impostor,0.9528416991233826,0.7360067367553711,0.21683496236801147,false_accept
/home/lorenzo/Documenti/GitHub/HandVerify/datasets/processed-handwritten/rimes_processed/eval2011-42/batch_245.png,/home/lorenzo/Documenti/GitHub/HandVerify/datasets/processed-handwritten/rimes_processed/train2011-420/batch_6146.png,impostor,0.9482607245445251,0.7360067367553711,0.21225398778915405,false_accept
/home/lorenzo/Documenti/GitHub/HandVerify/datasets/processed-handwritten/rimes_processed/train2011-408/batch_6043.png,/home/lorenzo/Documenti/GitHub/HandVerify/datasets/processed-handwritten/rimes_processed/train2011-588/batch_7308.png,impostor,0.9149657487869263,0.7360067367553711,0.17895901203155518,false_accept
/home/lorenzo/Documenti/GitHub/HandVerify/datasets/processed-handwritten/rimes_processed/train2011-1460/batch_3717.png,/home/lorenzo/Documenti/GitHub/HandVerify/datasets/processed-handwritten/rimes_processed/train2011-1460/mosaic_000.png,genuine,0.7352794408798218,0.7360067367553711,-0.0007272958755493164,false_reject
/home/lorenzo/Documenti/GitHub/HandVerify/datasets/processed-handwritten/rimes_processed/train2011-339/batch_5442.png,/home/lorenzo/Documenti/GitHub/HandVerify/datasets/processed-handwritten/rimes_processed/train2011-799/mosaic_000.png,impostor,0.7776215672492981,0.7360067367553711,0.041614830493927,false_accept
/home/lorenzo/Documenti/GitHub/HandVerify/datasets/processed-handwritten/rimes_processed/train2011-1312/batch_2774.png,/home/lorenzo/Documenti/GitHub/HandVerify/datasets/processed-handwritten/rimes_processed/train2011-613/batch_7508.png,impostor,0.9590572118759155,0.7360067367553711,0.22305047512054443,false_accept
/home/lorenzo/Documenti/GitHub/HandVerify/datasets/processed-handwritten/rimes_processed/train2011-1157/batch_1697.png,/home/lorenzo/Documenti/GitHub/HandVerify/datasets/processed-handwritten/rimes_processed/train2011-1271/batch_2488.png,impostor,0.9358645081520081,0.7360067367553711,0.19985777139663696,false_accept
/home/lorenzo/Documenti/GitHub/HandVerify/datasets/processed-handwritten/rimes_processed/train2011-1077/batch_1144.png,/home/lorenzo/Documenti/GitHub/HandVerify/datasets/processed-handwritten/rimes_processed/train2011-1211/mosaic_000.png,impostor,0.8005360960960388,0.7360067367553711,0.06452935934066772,false_accept
/home/lorenzo/Documenti/GitHub/HandVerify/datasets/processed-handwritten/rimes_processed/train2011-238/batch_4681.png,/home/lorenzo/Documenti/GitHub/HandVerify/datasets/processed-handwritten/rimes_processed/train2011-54/batch_7078.png,impostor,0.8593387603759766,0.7360067367553711,0.12333202362060547,false_accept
/home/lorenzo/Documenti/GitHub/HandVerify/datasets/processed-handwritten/rimes_processed/train2011-1218/batch_2123.png,/home/lorenzo/Documenti/GitHub/HandVerify/datasets/processed-handwritten/rimes_processed/train2011-334/mosaic_000.png,impostor,0.7664428949356079,0.7360067367553711,0.030436158180236816,false_accept
/home/lorenzo/Documenti/GitHub/HandVerify/datasets/processed-handwritten/rimes_processed/train2011-1402/batch_3312.png,/home/lorenzo/Documenti/GitHub/HandVerify/datasets/processed-handwritten/rimes_processed/train2011-179/batch_4243.png,impostor,0.8296912312507629,0.7360067367553711,0.09368449449539185,false_accept
/home/lorenzo/Documenti/GitHub/HandVerify/datasets/processed-handwritten/rimes_processed/train2011-1069/batch_1096.png,/home/lorenzo/Documenti/GitHub/HandVerify/datasets/processed-handwritten/rimes_processed/train2011-1069/mosaic_000.png,genuine,0.6989102959632874,0.7360067367553711,-0.03709644079208374,false_reject
/home/lorenzo/Documenti/GitHub/HandVerify/datasets/processed-handwritten/rimes_processed/train2011-1079/batch_1157.png,/home/lorenzo/Documenti/GitHub/HandVerify/datasets/processed-handwritten/rimes_processed/train2011-213/batch_4483.png,impostor,0.9417056441307068,0.7360067367553711,0.2056989073753357,false_accept
/home/lorenzo/Documenti/GitHub/HandVerify/datasets/processed-handwritten/rimes_processed/train2011-1045/batch_944.png,/home/lorenzo/Documenti/GitHub/HandVerify/datasets/processed-handwritten/rimes_processed/train2011-1138/batch_1562.png,impostor,0.9508455991744995,0.7360067367553711,0.21483886241912842,false_accept
/home/lorenzo/Documenti/GitHub/HandVerify/datasets/processed-handwritten/rimes_processed/train2011-1444/mosaic_001.png,/home/lorenzo/Documenti/GitHub/HandVerify/datasets/processed-handwritten/rimes_processed/train2011-368/mosaic_000.png,impostor,0.919006884098053,0.7360067367553711,0.18300014734268188,false_accept
/home/lorenzo/Documenti/GitHub/HandVerify/datasets/processed-handwritten/rimes_processed/train2011-280/batch_5016.png,/home/lorenzo/Documenti/GitHub/HandVerify/datasets/processed-handwritten/rimes_processed/train2011-722/mosaic_001.png,impostor,0.7598286271095276,0.7360067367553711,0.023821890354156494,false_accept
/home/lorenzo/Documenti/GitHub/HandVerify/datasets/processed-handwritten/rimes_processed/train2011-1237/mosaic_000.png,/home/lorenzo/Documenti/GitHub/HandVerify/datasets/processed-handwritten/rimes_processed/train2011-1237/batch_2248.png,genuine,0.5049859881401062,0.7360067367553711,-0.2310207486152649,false_reject
/home/lorenzo/Documenti/GitHub/HandVerify/datasets/processed-handwritten/rimes_processed/train2011-313/batch_5238.png,/home/lorenzo/Documenti/GitHub/HandVerify/datasets/processed-handwritten/rimes_processed/train2011-327/batch_5343.png,impostor,0.9511222243309021,0.7360067367553711,0.215115487575531,false_accept
/home/lorenzo/Documenti/GitHub/HandVerify/datasets/processed-handwritten/rimes_processed/train2011-1281/batch_2555.png,/home/lorenzo/Documenti/GitHub/HandVerify/datasets/processed-handwritten/rimes_processed/train2011-1281/mosaic_001.png,genuine,0.25186216831207275,0.7360067367553711,-0.48414456844329834,false_reject
/home/lorenzo/Documenti/GitHub/HandVerify/datasets/processed-handwritten/rimes_processed/train2011-107/batch_1161.png,/home/lorenzo/Documenti/GitHub/HandVerify/datasets/processed-handwritten/rimes_processed/train2011-926/mosaic_001.png,impostor,0.7839375138282776,0.7360067367553711,0.047930777072906494,false_accept
/home/lorenzo/Documenti/GitHub/HandVerify/datasets/processed-handwritten/rimes_processed/train2011-1259/batch_2423.png,/home/lorenzo/Documenti/GitHub/HandVerify/datasets/processed-handwritten/rimes_processed/train2011-588/batch_7314.png,impostor,0.9352120161056519,0.7360067367553711,0.19920527935028076,false_accept
/home/lorenzo/Documenti/GitHub/HandVerify/datasets/processed-handwritten/rimes_processed/train2011-275/batch_4962.png,/home/lorenzo/Documenti/GitHub/HandVerify/datasets/processed-handwritten/rimes_processed/train2011-864/batch_9230.png,impostor,0.9239383935928345,0.7360067367553711,0.18793165683746338,false_accept
/home/lorenzo/Documenti/GitHub/HandVerify/datasets/processed-handwritten/rimes_processed/train2011-339/mosaic_002.png,/home/lorenzo/Documenti/GitHub/HandVerify/datasets/processed-handwritten/rimes_processed/train2011-951/mosaic_000.png,impostor,0.7800751328468323,0.7360067367553711,0.04406839609146118,false_accept
/home/lorenzo/Documenti/GitHub/HandVerify/datasets/processed-handwritten/rimes_processed/train2011-551/mosaic_000.png,/home/lorenzo/Documenti/GitHub/HandVerify/datasets/processed-handwritten/rimes_processed/train2011-551/batch_7089.png,genuine,0.5998663306236267,0.7360067367553711,-0.13614040613174438,false_reject
/home/lorenzo/Documenti/GitHub/HandVerify/datasets/processed-handwritten/rimes_processed/train2011-1316/batch_2800.png,/home/lorenzo/Documenti/GitHub/HandVerify/datasets/processed-handwritten/rimes_processed/train2011-983/batch_9959.png,impostor,0.9092884063720703,0.7360067367553711,0.17328166961669922,false_accept
/home/lorenzo/Documenti/GitHub/HandVerify/datasets/processed-handwritten/rimes_processed/train2011-1065/batch_1073.png,/home/lorenzo/Documenti/GitHub/HandVerify/datasets/processed-handwritten/rimes_processed/train2011-1454/batch_3670.png,impostor,0.9303662776947021,0.7360067367553711,0.19435954093933105,false_accept
/home/lorenzo/Documenti/GitHub/HandVerify/datasets/processed-handwritten/rimes_processed/eval2011-22/batch_091.png,/home/lorenzo/Documenti/GitHub/HandVerify/datasets/processed-handwritten/rimes_processed/train2011-125/batch_2427.png,impostor,0.8790470361709595,0.7360067367553711,0.14304029941558838,false_accept
/home/lorenzo/Documenti/GitHub/HandVerify/datasets/processed-handwritten/rimes_processed/train2011-1369/mosaic_000.png,/home/lorenzo/Documenti/GitHub/HandVerify/datasets/processed-handwritten/rimes_processed/train2011-1471/batch_3829.png,impostor,0.8061444163322449,0.7360067367553711,0.07013767957687378,false_accept
/home/lorenzo/Documenti/GitHub/HandVerify/datasets/processed-handwritten/rimes_processed/train2011-1321/batch_2843.png,/home/lorenzo/Documenti/GitHub/HandVerify/datasets/processed-handwritten/rimes_processed/train2011-677/batch_7974.png,impostor,0.8651389479637146,0.7360067367553711,0.1291322112083435,false_accept
/home/lorenzo/Documenti/GitHub/HandVerify/datasets/processed-handwritten/rimes_processed/eval2011-82/batch_531.png,/home/lorenzo/Documenti/GitHub/HandVerify/datasets/processed-handwritten/rimes_processed/train2011-713/batch_8242.png,impostor,0.9435263276100159,0.7360067367553711,0.20751959085464478,false_accept
/home/lorenzo/Documenti/GitHub/HandVerify/datasets/processed-handwritten/rimes_processed/train2011-1410/batch_3357.png,/home/lorenzo/Documenti/GitHub/HandVerify/datasets/processed-handwritten/rimes_processed/train2011-146/batch_3816.png,impostor,0.8088402152061462,0.7360067367553711,0.07283347845077515,false_accept
/home/lorenzo/Documenti/GitHub/HandVerify/datasets/processed-handwritten/rimes_processed/train2011-308/mosaic_001.png,/home/lorenzo/Documenti/GitHub/HandVerify/datasets/processed-handwritten/rimes_processed/train2011-322/batch_5303.png,impostor,0.7564033269882202,0.7360067367553711,0.02039659023284912,false_accept
/home/lorenzo/Documenti/GitHub/HandVerify/datasets/processed-handwritten/rimes_processed/train2011-1146/batch_1623.png,/home/lorenzo/Documenti/GitHub/HandVerify/datasets/processed-handwritten/rimes_processed/train2011-362/mosaic_002.png,impostor,0.818791925907135,0.7360067367553711,0.08278518915176392,false_accept
/home/lorenzo/Documenti/GitHub/HandVerify/datasets/processed-handwritten/rimes_processed/train2011-927/batch_9617.png,/home/lorenzo/Documenti/GitHub/HandVerify/datasets/processed-handwritten/rimes_processed/train2011-955/batch_9770.png,impostor,0.7672242522239685,0.7360067367553711,0.031217515468597412,false_accept
/home/lorenzo/Documenti/GitHub/HandVerify/datasets/processed-handwritten/rimes_processed/train2011-975/mosaic_000.png,/home/lorenzo/Documenti/GitHub/HandVerify/datasets/processed-handwritten/rimes_processed/train2011-975/batch_9893.png,genuine,0.5164830088615417,0.7360067367553711,-0.21952372789382935,false_reject
/home/lorenzo/Documenti/GitHub/HandVerify/datasets/processed-handwritten/rimes_processed/train2011-161/mosaic_000.png,/home/lorenzo/Documenti/GitHub/HandVerify/datasets/processed-handwritten/rimes_processed/train2011-660/batch_7853.png,impostor,0.8450980186462402,0.7360067367553711,0.10909128189086914,false_accept
/home/lorenzo/Documenti/GitHub/HandVerify/datasets/processed-handwritten/rimes_processed/train2011-843/batch_9108.png,/home/lorenzo/Documenti/GitHub/HandVerify/datasets/processed-handwritten/rimes_processed/train2011-932/batch_9642.png,impostor,0.7611594200134277,0.7360067367553711,0.02515268325805664,false_accept
/home/lorenzo/Documenti/GitHub/HandVerify/datasets/processed-handwritten/rimes_processed/train2011-38/mosaic_001.png,/home/lorenzo/Documenti/GitHub/HandVerify/datasets/processed-handwritten/rimes_processed/train2011-409/mosaic_000.png,impostor,0.90907883644104,0.7360067367553711,0.17307209968566895,false_accept
/home/lorenzo/Documenti/GitHub/HandVerify/datasets/processed-handwritten/rimes_processed/train2011-548/mosaic_001.png,/home/lorenzo/Documenti/GitHub/HandVerify/datasets/processed-handwritten/rimes_processed/train2011-548/batch_7062.png,genuine,0.651542603969574,0.7360067367553711,-0.08446413278579712,false_reject
/home/lorenzo/Documenti/GitHub/HandVerify/datasets/processed-handwritten/rimes_processed/train2011-269/batch_4911.png,/home/lorenzo/Documenti/GitHub/HandVerify/datasets/processed-handwritten/rimes_processed/train2011-483/batch_6606.png,impostor,0.8128327131271362,0.7360067367553711,0.07682597637176514,false_accept
/home/lorenzo/Documenti/GitHub/HandVerify/datasets/processed-handwritten/rimes_processed/train2011-274/batch_4945.png,/home/lorenzo/Documenti/GitHub/HandVerify/datasets/processed-handwritten/rimes_processed/train2011-951/batch_9753.png,impostor,0.9149034023284912,0.7360067367553711,0.17889666557312012,false_accept
/home/lorenzo/Documenti/GitHub/HandVerify/datasets/processed-handwritten/rimes_processed/train2011-1/batch_4380.png,/home/lorenzo/Documenti/GitHub/HandVerify/datasets/processed-handwritten/rimes_processed/train2011-1278/mosaic_000.png,impostor,0.868721067905426,0.7360067367553711,0.13271433115005493,false_accept
/home/lorenzo/Documenti/GitHub/HandVerify/datasets/processed-handwritten/rimes_processed/train2011-178/batch_4231.png,/home/lorenzo/Documenti/GitHub/HandVerify/datasets/processed-handwritten/rimes_processed/train2011-187/batch_4304.png,impostor,0.8637845516204834,0.7360067367553711,0.1277778148651123,false_accept
/home/lorenzo/Documenti/GitHub/HandVerify/datasets/processed-handwritten/rimes_processed/train2011-1381/batch_3171.png,/home/lorenzo/Documenti/GitHub/HandVerify/datasets/processed-handwritten/rimes_processed/train2011-800/batch_8863.png,impostor,0.7955365777015686,0.7360067367553711,0.05952984094619751,false_accept
/home/lorenzo/Documenti/GitHub/HandVerify/datasets/processed-handwritten/rimes_processed/train2011-1027/batch_822.png,/home/lorenzo/Documenti/GitHub/HandVerify/datasets/processed-handwritten/rimes_processed/train2011-143/batch_3573.png,impostor,0.9212806224822998,0.7360067367553711,0.1852738857269287,false_accept
/home/lorenzo/Documenti/GitHub/HandVerify/datasets/processed-handwritten/rimes_processed/train2011-213/batch_4480.png,/home/lorenzo/Documenti/GitHub/HandVerify/datasets/processed-handwritten/rimes_processed/train2011-213/mosaic_000.png,genuine,0.5156506896018982,0.7360067367553711,-0.2203560471534729,false_reject
/home/lorenzo/Documenti/GitHub/HandVerify/datasets/processed-handwritten/rimes_processed/train2011-363/batch_5673.png,/home/lorenzo/Documenti/GitHub/HandVerify/datasets/processed-handwritten/rimes_processed/train2011-363/mosaic_001.png,genuine,0.6591187119483948,0.7360067367553711,-0.07688802480697632,false_reject
/home/lorenzo/Documenti/GitHub/HandVerify/datasets/processed-handwritten/rimes_processed/eval2011-1/batch_069.png,/home/lorenzo/Documenti/GitHub/HandVerify/datasets/processed-handwritten/rimes_processed/train2011-1014/batch_738.png,impostor,0.8068933486938477,0.7360067367553711,0.07088661193847656,false_accept
/home/lorenzo/Documenti/GitHub/HandVerify/datasets/processed-handwritten/rimes_processed/train2011-1143/batch_1593.png,/home/lorenzo/Documenti/GitHub/HandVerify/datasets/processed-handwritten/rimes_processed/train2011-567/batch_7189.png,impostor,0.9409709572792053,0.7360067367553711,0.20496422052383423,false_accept
/home/lorenzo/Documenti/GitHub/HandVerify/datasets/processed-handwritten/rimes_processed/train2011-1122/batch_1474.png,/home/lorenzo/Documenti/GitHub/HandVerify/datasets/processed-handwritten/rimes_processed/train2011-686/batch_8043.png,impostor,0.9688678979873657,0.7360067367553711,0.23286116123199463,false_accept
/home/lorenzo/Documenti/GitHub/HandVerify/datasets/processed-handwritten/rimes_processed/eval2011-32/batch_169.png,/home/lorenzo/Documenti/GitHub/HandVerify/datasets/processed-handwritten/rimes_processed/train2011-698/batch_8144.png,impostor,0.9021174907684326,0.7360067367553711,0.16611075401306152,false_accept
/home/lorenzo/Documenti/GitHub/HandVerify/datasets/processed-handwritten/rimes_processed/train2011-1097/batch_1288.png,/home/lorenzo/Documenti/GitHub/HandVerify/datasets/processed-handwritten/rimes_processed/train2011-35/mosaic_001.png,impostor,0.7773957252502441,0.7360067367553711,0.04138898849487305,false_accept
/home/lorenzo/Documenti/GitHub/HandVerify/datasets/processed-handwritten/rimes_processed/train2011-1179/batch_1847.png,/home/lorenzo/Documenti/GitHub/HandVerify/datasets/processed-handwritten/rimes_processed/train2011-1467/batch_3793.png,impostor,0.9701859951019287,0.7360067367553711,0.23417925834655762,false_accept
/home/lorenzo/Documenti/GitHub/HandVerify/datasets/processed-handwritten/rimes_processed/train2011-11/batch_2016.png,/home/lorenzo/Documenti/GitHub/HandVerify/datasets/processed-handwritten/rimes_processed/train2011-1226/batch_2185.png,impostor,0.9762904047966003,0.7360067367553711,0.24028366804122925,false_accept
/home/lorenzo/Documenti/GitHub/HandVerify/datasets/processed-handwritten/rimes_processed/eval2011-8/mosaic_000.png,/home/lorenzo/Documenti/GitHub/HandVerify/datasets/processed-handwritten/rimes_processed/train2011-244/batch_4753.png,impostor,0.8852203488349915,0.7360067367553711,0.14921361207962036,false_accept
/home/lorenzo/Documenti/GitHub/HandVerify/datasets/processed-handwritten/rimes_processed/train2011-307/batch_5190.png,/home/lorenzo/Documenti/GitHub/HandVerify/datasets/processed-handwritten/rimes_processed/train2011-491/mosaic_000.png,impostor,0.7546305656433105,0.7360067367553711,0.018623828887939453,false_accept
/home/lorenzo/Documenti/GitHub/HandVerify/datasets/processed-handwritten/rimes_processed/train2011-1068/mosaic_001.png,/home/lorenzo/Documenti/GitHub/HandVerify/datasets/processed-handwritten/rimes_processed/train2011-784/batch_8743.png,impostor,0.8204936385154724,0.7360067367553711,0.08448690176010132,false_accept
/home/lorenzo/Documenti/GitHub/HandVerify/datasets/processed-handwritten/rimes_processed/train2011-696/mosaic_000.png,/home/lorenzo/Documenti/GitHub/HandVerify/datasets/processed-handwritten/rimes_processed/train2011-696/batch_8132.png,genuine,0.6898383498191833,0.7360067367553711,-0.046168386936187744,false_reject
/home/lorenzo/Documenti/GitHub/HandVerify/datasets/processed-handwritten/rimes_processed/train2011-108/batch_1232.png,/home/lorenzo/Documenti/GitHub/HandVerify/datasets/processed-handwritten/rimes_processed/train2011-390/batch_5901.png,impostor,0.7725487947463989,0.7360067367553711,0.03654205799102783,false_accept
/home/lorenzo/Documenti/GitHub/HandVerify/datasets/processed-handwritten/rimes_processed/train2011-1383/batch_3190.png,/home/lorenzo/Documenti/GitHub/HandVerify/datasets/processed-handwritten/rimes_processed/train2011-712/mosaic_001.png,impostor,0.8937651515007019,0.7360067367553711,0.1577584147453308,false_accept
/home/lorenzo/Documenti/GitHub/HandVerify/datasets/processed-handwritten/rimes_processed/eval2011-1/batch_066.png,/home/lorenzo/Documenti/GitHub/HandVerify/datasets/processed-handwritten/rimes_processed/train2011-1244/batch_2316.png,impostor,0.9741460680961609,0.7360067367553711,0.2381393313407898,false_accept
/home/lorenzo/Documenti/GitHub/HandVerify/datasets/processed-handwritten/rimes_processed/train2011-1243/mosaic_000.png,/home/lorenzo/Documenti/GitHub/HandVerify/datasets/processed-handwritten/rimes_processed/train2011-66/batch_7916.png,impostor,0.800682544708252,0.7360067367553711,0.06467580795288086,false_accept
/home/lorenzo/Documenti/GitHub/HandVerify/datasets/processed-handwritten/rimes_processed/train2011-583/batch_7283.png,/home/lorenzo/Documenti/GitHub/HandVerify/datasets/processed-handwritten/rimes_processed/train2011-589/batch_7323.png,impostor,0.9126201272010803,0.7360067367553711,0.17661339044570923,false_accept
/home/lorenzo/Documenti/GitHub/HandVerify/datasets/processed-handwritten/rimes_processed/eval2011-84/batch_542.png,/home/lorenzo/Documenti/GitHub/HandVerify/datasets/processed-handwritten/rimes_processed/eval2011-84/batch_543.png,genuine,0.4786056876182556,0.7360067367553711,-0.2574010491371155,false_reject
/home/lorenzo/Documenti/GitHub/HandVerify/datasets/processed-handwritten/rimes_processed/train2011-1484/mosaic_001.png,/home/lorenzo/Documenti/GitHub/HandVerify/datasets/processed-handwritten/rimes_processed/train2011-932/batch_9641.png,impostor,0.8865741491317749,0.7360067367553711,0.1505674123764038,false_accept
/home/lorenzo/Documenti/GitHub/HandVerify/datasets/processed-handwritten/rimes_processed/train2011-500/batch_6736.png,/home/lorenzo/Documenti/GitHub/HandVerify/datasets/processed-handwritten/rimes_processed/train2011-884/batch_9352.png,impostor,0.8765149712562561,0.7360067367553711,0.140508234500885,false_accept
/home/lorenzo/Documenti/GitHub/HandVerify/datasets/processed-handwritten/rimes_processed/train2011-1179/batch_1855.png,/home/lorenzo/Documenti/GitHub/HandVerify/datasets/processed-handwritten/rimes_processed/train2011-813/batch_8936.png,impostor,0.9358446598052979,0.7360067367553711,0.19983792304992676,false_accept
/home/lorenzo/Documenti/GitHub/HandVerify/datasets/processed-handwritten/rimes_processed/train2011-1494/batch_3992.png,/home/lorenzo/Documenti/GitHub/HandVerify/datasets/processed-handwritten/rimes_processed/train2011-695/batch_8114.png,impostor,0.8418388366699219,0.7360067367553711,0.10583209991455078,false_accept
/home/lorenzo/Documenti/GitHub/HandVerify/datasets/processed-handwritten/rimes_processed/eval2011-5/batch_361.png,/home/lorenzo/Documenti/GitHub/HandVerify/datasets/processed-handwritten/rimes_processed/train2011-1199/batch_2002.png,impostor,0.9355014562606812,0.7360067367553711,0.19949471950531006,false_accept
/home/lorenzo/Documenti/GitHub/HandVerify/datasets/processed-handwritten/rimes_processed/train2011-368/mosaic_000.png,/home/lorenzo/Documenti/GitHub/HandVerify/datasets/processed-handwritten/rimes_processed/train2011-451/batch_6390.png,impostor,0.8096989393234253,0.7360067367553711,0.0736922025680542,false_accept
/home/lorenzo/Documenti/GitHub/HandVerify/datasets/processed-handwritten/rimes_processed/train2011-1007/batch_699.png,/home/lorenzo/Documenti/GitHub/HandVerify/datasets/processed-handwritten/rimes_processed/train2011-991/batch_10008.png,impostor,0.988264799118042,0.7360067367553711,0.2522580623626709,false_accept
/home/lorenzo/Documenti/GitHub/HandVerify/datasets/processed-handwritten/rimes_processed/train2011-269/batch_4911.png,/home/lorenzo/Documenti/GitHub/HandVerify/datasets/processed-handwritten/rimes_processed/train2011-269/mosaic_000.png,genuine,0.35275596380233765,0.7360067367553711,-0.38325077295303345,false_reject
/home/lorenzo/Documenti/GitHub/HandVerify/datasets/processed-handwritten/rimes_processed/eval2011-42/batch_244.png,/home/lorenzo/Documenti/GitHub/HandVerify/datasets/processed-handwritten/rimes_processed/train2011-240/batch_4718.png,impostor,0.9663342237472534,0.7360067367553711,0.23032748699188232,false_accept
/home/lorenzo/Documenti/GitHub/HandVerify/datasets/processed-handwritten/rimes_processed/train2011-548/mosaic_000.png,/home/lorenzo/Documenti/GitHub/HandVerify/datasets/processed-handwritten/rimes_processed/train2011-990/batch_9999.png,impostor,0.8535200357437134,0.7360067367553711,0.11751329898834229,false_accept
/home/lorenzo/Documenti/GitHub/HandVerify/datasets/processed-handwritten/rimes_processed/eval2011-74/batch_467.png,/home/lorenzo/Documenti/GitHub/HandVerify/datasets/processed-handwritten/rimes_processed/train2011-1480/batch_3900.png,impostor,0.9821150302886963,0.7360067367553711,0.2461082935333252,false_accept
/home/lorenzo/Documenti/GitHub/HandVerify/datasets/processed-handwritten/rimes_processed/train2011-301/batch_5147.png,/home/lorenzo/Documenti/GitHub/HandVerify/datasets/processed-handwritten/rimes_processed/train2011-646/batch_7735.png,impostor,0.8607668280601501,0.7360067367553711,0.12476009130477905,false_accept
/home/lorenzo/Documenti/GitHub/HandVerify/datasets/processed-handwritten/rimes_processed/eval2011-53/batch_330.png,/home/lorenzo/Documenti/GitHub/HandVerify/datasets/processed-handwritten/rimes_processed/train2011-663/batch_7874.png,impostor,0.899743378162384,0.7360067367553711,0.16373664140701294,false_accept
/home/lorenzo/Documenti/GitHub/HandVerify/datasets/processed-handwritten/rimes_processed/eval2011-61/mosaic_001.png,/home/lorenzo/Documenti/GitHub/HandVerify/datasets/processed-handwritten/rimes_processed/train2011-403/batch_6005.png,impostor,0.8005086779594421,0.7360067367553711,0.06450194120407104,false_accept
/home/lorenzo/Documenti/GitHub/HandVerify/datasets/processed-handwritten/rimes_processed/train2011-40/batch_6058.png,/home/lorenzo/Documenti/GitHub/HandVerify/datasets/processed-handwritten/rimes_processed/train2011-40/mosaic_003.png,genuine,0.6146922707557678,0.7360067367553711,-0.12131446599960327,false_reject
/home/lorenzo/Documenti/GitHub/HandVerify/datasets/processed-handwritten/rimes_processed/train2011-1357/batch_3022.png,/home/lorenzo/Documenti/GitHub/HandVerify/datasets/processed-handwritten/rimes_processed/train2011-47/batch_6576.png,impostor,0.9312269687652588,0.7360067367553711,0.1952202320098877,false_accept
/home/lorenzo/Documenti/GitHub/HandVerify/datasets/processed-handwritten/rimes_processed/train2011-1122/batch_1468.png,/home/lorenzo/Documenti/GitHub/HandVerify/datasets/processed-handwritten/rimes_processed/train2011-451/batch_6383.png,impostor,0.7830390930175781,0.7360067367553711,0.04703235626220703,false_accept
/home/lorenzo/Documenti/GitHub/HandVerify/datasets/processed-handwritten/rimes_processed/train2011-1377/batch_3139.png,/home/lorenzo/Documenti/GitHub/HandVerify/datasets/processed-handwritten/rimes_processed/train2011-740/batch_8407.png,impostor,0.9660849571228027,0.7360067367553711,0.23007822036743164,false_accept
/home/lorenzo/Documenti/GitHub/HandVerify/datasets/processed-handwritten/rimes_processed/train2011-1366/mosaic_000.png,/home/lorenzo/Documenti/GitHub/HandVerify/datasets/processed-handwritten/rimes_processed/train2011-695/mosaic_000.png,impostor,0.8063028454780579,0.7360067367553711,0.07029610872268677,false_accept
/home/lorenzo/Documenti/GitHub/HandVerify/datasets/processed-handwritten/rimes_processed/train2011-1449/batch_3641.png,/home/lorenzo/Documenti/GitHub/HandVerify/datasets/processed-handwritten/rimes_processed/train2011-850/mosaic_001.png,impostor,0.810888409614563,0.7360067367553711,0.0748816728591919,false_accept
/home/lorenzo/Documenti/GitHub/HandVerify/datasets/processed-handwritten/rimes_processed/eval2011-33/batch_188.png,/home/lorenzo/Documenti/GitHub/HandVerify/datasets/processed-handwritten/rimes_processed/train2011-475/batch_6546.png,impostor,0.9611829519271851,0.7360067367553711,0.22517621517181396,false_accept
/home/lorenzo/Documenti/GitHub/HandVerify/datasets/processed-handwritten/rimes_processed/eval2011-74/batch_468.png,/home/lorenzo/Documenti/GitHub/HandVerify/datasets/processed-handwritten/rimes_processed/train2011-492/batch_6687.png,impostor,0.9489355087280273,0.7360067367553711,0.21292877197265625,false_accept
/home/lorenzo/Documenti/GitHub/HandVerify/datasets/processed-handwritten/rimes_processed/train2011-1075/batch_1134.png,/home/lorenzo/Documenti/GitHub/HandVerify/datasets/processed-handwritten/rimes_processed/train2011-836/batch_9077.png,impostor,0.8117021322250366,0.7360067367553711,0.07569539546966553,false_accept
/home/lorenzo/Documenti/GitHub/HandVerify/datasets/processed-handwritten/rimes_processed/train2011-1304/batch_2697.png,/home/lorenzo/Documenti/GitHub/HandVerify/datasets/processed-handwritten/rimes_processed/train2011-879/mosaic_002.png,impostor,0.7504547834396362,0.7360067367553711,0.014448046684265137,false_accept
/home/lorenzo/Documenti/GitHub/HandVerify/datasets/processed-handwritten/rimes_processed/eval2011-53/batch_328.png,/home/lorenzo/Documenti/GitHub/HandVerify/datasets/processed-handwritten/rimes_processed/eval2011-78/batch_500.png,impostor,0.9243268966674805,0.7360067367553711,0.18832015991210938,false_accept
/home/lorenzo/Documenti/GitHub/HandVerify/datasets/processed-handwritten/rimes_processed/train2011-1278/mosaic_000.png,/home/lorenzo/Documenti/GitHub/HandVerify/datasets/processed-handwritten/rimes_processed/train2011-1396/batch_3267.png,impostor,0.8819968104362488,0.7360067367553711,0.14599007368087769,false_accept
/home/lorenzo/Documenti/GitHub/HandVerify/datasets/processed-handwritten/rimes_processed/train2011-491/mosaic_002.png,/home/lorenzo/Documenti/GitHub/HandVerify/datasets/processed-handwritten/rimes_processed/train2011-526/mosaic_001.png,impostor,0.8817821741104126,0.7360067367553711,0.1457754373550415,false_accept
/home/lorenzo/Documenti/GitHub/HandVerify/datasets/processed-handwritten/rimes_processed/train2011-1314/mosaic_000.png,/home/lorenzo/Documenti/GitHub/HandVerify/datasets/processed-handwritten/rimes_processed/train2011-668/batch_7899.png,impostor,0.8478581309318542,0.7360067367553711,0.11185139417648315,false_accept
/home/lorenzo/Documenti/GitHub/HandVerify/datasets/processed-handwritten/rimes_processed/train2011-486/batch_6624.png,/home/lorenzo/Documenti/GitHub/HandVerify/datasets/processed-handwritten/rimes_processed/train2011-907/batch_9495.png,impostor,0.8621835708618164,0.7360067367553711,0.1261768341064453,false_accept
/home/lorenzo/Documenti/GitHub/HandVerify/datasets/processed-handwritten/rimes_processed/eval2011-14/batch_034.png,/home/lorenzo/Documenti/GitHub/HandVerify/datasets/processed-handwritten/rimes_processed/eval2011-41/batch_240.png,impostor,0.9248719215393066,0.7360067367553711,0.18886518478393555,false_accept
/home/lorenzo/Documenti/GitHub/HandVerify/datasets/processed-handwritten/rimes_processed/train2011-1322/batch_2849.png,/home/lorenzo/Documenti/GitHub/HandVerify/datasets/processed-handwritten/rimes_processed/train2011-964/batch_9827.png,impostor,0.9225916266441345,0.7360067367553711,0.18658488988876343,false_accept
/home/lorenzo/Documenti/GitHub/HandVerify/datasets/processed-handwritten/rimes_processed/train2011-1159/batch_1712.png,/home/lorenzo/Documenti/GitHub/HandVerify/datasets/processed-handwritten/rimes_processed/train2011-798/batch_8833.png,impostor,0.7658531665802002,0.7360067367553711,0.0298464298248291,false_accept
/home/lorenzo/Documenti/GitHub/HandVerify/datasets/processed-handwritten/rimes_processed/train2011-1461/batch_3737.png,/home/lorenzo/Documenti/GitHub/HandVerify/datasets/processed-handwritten/rimes_processed/train2011-683/mosaic_002.png,impostor,0.7630901336669922,0.7360067367553711,0.027083396911621094,false_accept
/home/lorenzo/Documenti/GitHub/HandVerify/datasets/processed-handwritten/rimes_processed/eval2011-62/batch_380.png,/home/lorenzo/Documenti/GitHub/HandVerify/datasets/processed-handwritten/rimes_processed/train2011-180/batch_4252.png,impostor,0.8603501319885254,0.7360067367553711,0.1243433952331543,false_accept
/home/lorenzo/Documenti/GitHub/HandVerify/datasets/processed-handwritten/rimes_processed/train2011-48/mosaic_001.png,/home/lorenzo/Documenti/GitHub/HandVerify/datasets/processed-handwritten/rimes_processed/train2011-551/batch_7091.png,impostor,0.7709324359893799,0.7360067367553711,0.03492569923400879,false_accept
/home/lorenzo/Documenti/GitHub/HandVerify/datasets/processed-handwritten/rimes_processed/train2011-1357/batch_3022.png,/home/lorenzo/Documenti/GitHub/HandVerify/datasets/processed-handwritten/rimes_processed/train2011-607/mosaic_001.png,impostor,0.8471221923828125,0.7360067367553711,0.1111154556274414,false_accept
/home/lorenzo/Documenti/GitHub/HandVerify/datasets/processed-handwritten/rimes_processed/train2011-417/batch_6125.png,/home/lorenzo/Documenti/GitHub/HandVerify/datasets/processed-handwritten/rimes_processed/train2011-417/mosaic_001.png,genuine,0.6709761023521423,0.7360067367553711,-0.06503063440322876,false_reject
/home/lorenzo/Documenti/GitHub/HandVerify/datasets/processed-handwritten/rimes_processed/train2011-158/batch_4094.png,/home/lorenzo/Documenti/GitHub/HandVerify/datasets/processed-handwritten/rimes_processed/train2011-403/batch_6007.png,impostor,0.9328796863555908,0.7360067367553711,0.19687294960021973,false_accept
/home/lorenzo/Documenti/GitHub/HandVerify/datasets/processed-handwritten/rimes_processed/train2011-1496/batch_4005.png,/home/lorenzo/Documenti/GitHub/HandVerify/datasets/processed-handwritten/rimes_processed/train2011-21/batch_4534.png,impostor,0.9249927401542664,0.7360067367553711,0.18898600339889526,false_accept
/home/lorenzo/Documenti/GitHub/HandVerify/datasets/processed-handwritten/rimes_processed/train2011-1040/batch_907.png,/home/lorenzo/Documenti/GitHub/HandVerify/datasets/processed-handwritten/rimes_processed/train2011-695/mosaic_001.png,impostor,0.7467820644378662,0.7360067367553711,0.010775327682495117,false_accept
/home/lorenzo/Documenti/GitHub/HandVerify/datasets/processed-handwritten/rimes_processed/train2011-1315/batch_2790.png,/home/lorenzo/Documenti/GitHub/HandVerify/datasets/processed-handwritten/rimes_processed/train2011-200/batch_4399.png,impostor,0.9439866542816162,0.7360067367553711,0.20797991752624512,false_accept
/home/lorenzo/Documenti/GitHub/HandVerify/datasets/processed-handwritten/rimes_processed/train2011-679/batch_7985.png,/home/lorenzo/Documenti/GitHub/HandVerify/datasets/processed-handwritten/rimes_processed/train2011-679/mosaic_001.png,genuine,0.48425427079200745,0.7360067367553711,-0.25175246596336365,false_reject
/home/lorenzo/Documenti/GitHub/HandVerify/datasets/processed-handwritten/rimes_processed/train2011-542/batch_7025.png,/home/lorenzo/Documenti/GitHub/HandVerify/datasets/processed-handwritten/rimes_processed/train2011-542/mosaic_002.png,genuine,0.7028267979621887,0.7360067367553711,-0.03317993879318237,false_reject
/home/lorenzo/Documenti/GitHub/HandVerify/datasets/processed-handwritten/rimes_processed/train2011-1378/batch_3144.png,/home/lorenzo/Documenti/GitHub/HandVerify/datasets/processed-handwritten/rimes_processed/train2011-781/batch_8720.png,impostor,0.7996740341186523,0.7360067367553711,0.06366729736328125,false_accept
/home/lorenzo/Documenti/GitHub/HandVerify/datasets/processed-handwritten/rimes_processed/train2011-254/batch_4814.png,/home/lorenzo/Documenti/GitHub/HandVerify/datasets/processed-handwritten/rimes_processed/train2011-658/mosaic_001.png,impostor,0.8322184085845947,0.7360067367553711,0.09621167182922363,false_accept
/home/lorenzo/Documenti/GitHub/HandVerify/datasets/processed-handwritten/rimes_processed/train2011-249/batch_4781.png,/home/lorenzo/Documenti/GitHub/HandVerify/datasets/processed-handwritten/rimes_processed/train2011-249/batch_4776.png,genuine,0.4860704839229584,0.7360067367553711,-0.24993625283241272,false_reject
/home/lorenzo/Documenti/GitHub/HandVerify/datasets/processed-handwritten/rimes_processed/train2011-801/batch_8869.png,/home/lorenzo/Documenti/GitHub/HandVerify/datasets/processed-handwritten/rimes_processed/train2011-801/batch_8868.png,genuine,0.7030185461044312,0.7360067367553711,-0.03298819065093994,false_reject
/home/lorenzo/Documenti/GitHub/HandVerify/datasets/processed-handwritten/rimes_processed/train2011-278/batch_5001.png,/home/lorenzo/Documenti/GitHub/HandVerify/datasets/processed-handwritten/rimes_processed/train2011-278/mosaic_002.png,genuine,0.2778775691986084,0.7360067367553711,-0.4581291675567627,false_reject
/home/lorenzo/Documenti/GitHub/HandVerify/datasets/processed-handwritten/rimes_processed/train2011-1010/batch_712.png,/home/lorenzo/Documenti/GitHub/HandVerify/datasets/processed-handwritten/rimes_processed/train2011-1381/batch_3174.png,impostor,0.8154410123825073,0.7360067367553711,0.07943427562713623,false_accept
/home/lorenzo/Documenti/GitHub/HandVerify/datasets/processed-handwritten/rimes_processed/eval2011-23/batch_097.png,/home/lorenzo/Documenti/GitHub/HandVerify/datasets/processed-handwritten/rimes_processed/eval2011-23/mosaic_000.png,genuine,0.7134809494018555,0.7360067367553711,-0.022525787353515625,false_reject
/home/lorenzo/Documenti/GitHub/HandVerify/datasets/processed-handwritten/rimes_processed/train2011-540/mosaic_002.png,/home/lorenzo/Documenti/GitHub/HandVerify/datasets/processed-handwritten/rimes_processed/train2011-684/batch_8033.png,impostor,0.7783311605453491,0.7360067367553711,0.04232442378997803,false_accept
/home/lorenzo/Documenti/GitHub/HandVerify/datasets/processed-handwritten/rimes_processed/eval2011-97/batch_630.png,/home/lorenzo/Documenti/GitHub/HandVerify/datasets/processed-handwritten/rimes_processed/train2011-373/batch_5765.png,impostor,0.9818186163902283,0.7360067367553711,0.24581187963485718,false_accept
/home/lorenzo/Documenti/GitHub/HandVerify/datasets/processed-handwritten/rimes_processed/train2011-320/mosaic_000.png,/home/lorenzo/Documenti/GitHub/HandVerify/datasets/processed-handwritten/rimes_processed/train2011-320/batch_5292.png,genuine,0.6350915431976318,0.7360067367553711,-0.10091519355773926,false_reject
/home/lorenzo/Documenti/GitHub/HandVerify/datasets/processed-handwritten/rimes_processed/train2011-1474/batch_3861.png,/home/lorenzo/Documenti/GitHub/HandVerify/datasets/processed-handwritten/rimes_processed/train2011-610/batch_7483.png,impostor,0.831750214099884,0.7360067367553711,0.09574347734451294,false_accept
/home/lorenzo/Documenti/GitHub/HandVerify/datasets/processed-handwritten/rimes_processed/train2011-570/batch_7207.png,/home/lorenzo/Documenti/GitHub/HandVerify/datasets/processed-handwritten/rimes_processed/train2011-671/batch_7928.png,impostor,0.8352914452552795,0.7360067367553711,0.09928470849990845,false_accept
/home/lorenzo/Documenti/GitHub/HandVerify/datasets/processed-handwritten/rimes_processed/train2011-745/mosaic_000.png,/home/lorenzo/Documenti/GitHub/HandVerify/datasets/processed-handwritten/rimes_processed/train2011-745/batch_8448.png,genuine,0.7198117971420288,0.7360067367553711,-0.016194939613342285,false_reject
/home/lorenzo/Documenti/GitHub/HandVerify/datasets/processed-handwritten/rimes_processed/train2011-32/batch_5367.png,/home/lorenzo/Documenti/GitHub/HandVerify/datasets/processed-handwritten/rimes_processed/train2011-959/mosaic_001.png,impostor,0.8253073692321777,0.7360067367553711,0.08930063247680664,false_accept
/home/lorenzo/Documenti/GitHub/HandVerify/datasets/processed-handwritten/rimes_processed/train2011-517/batch_6852.png,/home/lorenzo/Documenti/GitHub/HandVerify/datasets/processed-handwritten/rimes_processed/train2011-579/batch_7262.png,impostor,0.9595487713813782,0.7360067367553711,0.22354203462600708,false_accept
/home/lorenzo/Documenti/GitHub/HandVerify/datasets/processed-handwritten/rimes_processed/train2011-1122/batch_1469.png,/home/lorenzo/Documenti/GitHub/HandVerify/datasets/processed-handwritten/rimes_processed/train2011-876/batch_9305.png,impostor,0.9033231735229492,0.7360067367553711,0.16731643676757812,false_accept
/home/lorenzo/Documenti/GitHub/HandVerify/datasets/processed-handwritten/rimes_processed/train2011-554/batch_7111.png,/home/lorenzo/Documenti/GitHub/HandVerify/datasets/processed-handwritten/rimes_processed/train2011-811/batch_8928.png,impostor,0.8000821471214294,0.7360067367553711,0.06407541036605835,false_accept
/home/lorenzo/Documenti/GitHub/HandVerify/datasets/processed-handwritten/rimes_processed/eval2011-0/mosaic_002.png,/home/lorenzo/Documenti/GitHub/HandVerify/datasets/processed-handwritten/rimes_processed/train2011-1219/batch_2131.png,impostor,0.7973915338516235,0.7360067367553711,0.06138479709625244,false_accept
/home/lorenzo/Documenti/GitHub/HandVerify/datasets/processed-handwritten/rimes_processed/train2011-1472/batch_3838.png,/home/lorenzo/Documenti/GitHub/HandVerify/datasets/processed-handwritten/rimes_processed/train2011-647/batch_7746.png,impostor,0.7995069622993469,0.7360067367553711,0.06350022554397583,false_accept
/home/lorenzo/Documenti/GitHub/HandVerify/datasets/processed-handwritten/rimes_processed/train2011-1135/batch_1536.png,/home/lorenzo/Documenti/GitHub/HandVerify/datasets/processed-handwritten/rimes_processed/train2011-114/batch_1653.png,impostor,0.9487664103507996,0.7360067367553711,0.21275967359542847,false_accept
/home/lorenzo/Documenti/GitHub/HandVerify/datasets/processed-handwritten/rimes_processed/train2011-1050/batch_979.png,/home/lorenzo/Documenti/GitHub/HandVerify/datasets/processed-handwritten/rimes_processed/train2011-1113/batch_1415.png,impostor,0.9912444949150085,0.7360067367553711,0.25523775815963745,false_accept
/home/lorenzo/Documenti/GitHub/HandVerify/datasets/processed-handwritten/rimes_processed/train2011-1291/batch_2614.png,/home/lorenzo/Documenti/GitHub/HandVerify/datasets/processed-handwritten/rimes_processed/train2011-501/batch_6745.png,impostor,0.9591546058654785,0.7360067367553711,0.22314786911010742,false_accept
/home/lorenzo/Documenti/GitHub/HandVerify/datasets/processed-handwritten/rimes_processed/train2011-312/batch_5224.png,/home/lorenzo/Documenti/GitHub/HandVerify/datasets/processed-handwritten/rimes_processed/train2011-554/batch_7107.png,impostor,0.9636305570602417,0.7360067367553711,0.2276238203048706,false_accept
/home/lorenzo/Documenti/GitHub/HandVerify/datasets/processed-handwritten/rimes_processed/train2011-278/batch_5001.png,/home/lorenzo/Documenti/GitHub/HandVerify/datasets/processed-handwritten/rimes_processed/train2011-278/batch_4995.png,genuine,0.11253102123737335,0.7360067367553711,-0.6234757155179977,false_reject
/home/lorenzo/Documenti/GitHub/HandVerify/datasets/processed-handwritten/rimes_processed/train2011-252/batch_4802.png,/home/lorenzo/Documenti/GitHub/HandVerify/datasets/processed-handwritten/rimes_processed/train2011-803/batch_8877.png,impostor,0.9736133813858032,0.7360067367553711,0.23760664463043213,false_accept
/home/lorenzo/Documenti/GitHub/HandVerify/datasets/processed-handwritten/rimes_processed/train2011-1003/batch_679.png,/home/lorenzo/Documenti/GitHub/HandVerify/datasets/processed-handwritten/rimes_processed/train2011-868/batch_9251.png,impostor,0.9127652645111084,0.7360067367553711,0.1767585277557373,false_accept
/home/lorenzo/Documenti/GitHub/HandVerify/datasets/processed-handwritten/rimes_processed/train2011-901/batch_9474.png,/home/lorenzo/Documenti/GitHub/HandVerify/datasets/processed-handwritten/rimes_processed/train2011-901/batch_9472.png,genuine,0.6223629713058472,0.7360067367553711,-0.11364376544952393,false_reject
/home/lorenzo/Documenti/GitHub/HandVerify/datasets/processed-handwritten/rimes_processed/train2011-1189/batch_1923.png,/home/lorenzo/Documenti/GitHub/HandVerify/datasets/processed-handwritten/rimes_processed/train2011-1192/batch_1962.png,impostor,0.9405364394187927,0.7360067367553711,0.20452970266342163,false_accept
/home/lorenzo/Documenti/GitHub/HandVerify/datasets/processed-handwritten/rimes_processed/train2011-1333/batch_2909.png,/home/lorenzo/Documenti/GitHub/HandVerify/datasets/processed-handwritten/rimes_processed/train2011-1333/mosaic_001.png,genuine,0.7284966707229614,0.7360067367553711,-0.007510066032409668,false_reject
/home/lorenzo/Documenti/GitHub/HandVerify/datasets/processed-handwritten/rimes_processed/train2011-62/mosaic_000.png,/home/lorenzo/Documenti/GitHub/HandVerify/datasets/processed-handwritten/rimes_processed/train2011-721/batch_8295.png,impostor,0.748668372631073,0.7360067367553711,0.012661635875701904,false_accept
/home/lorenzo/Documenti/GitHub/HandVerify/datasets/processed-handwritten/rimes_processed/train2011-1241/batch_2275.png,/home/lorenzo/Documenti/GitHub/HandVerify/datasets/processed-handwritten/rimes_processed/train2011-1245/batch_2326.png,impostor,0.8693236708641052,0.7360067367553711,0.13331693410873413,false_accept
/home/lorenzo/Documenti/GitHub/HandVerify/datasets/processed-handwritten/rimes_processed/train2011-1463/mosaic_001.png,/home/lorenzo/Documenti/GitHub/HandVerify/datasets/processed-handwritten/rimes_processed/train2011-1463/batch_3756.png,genuine,0.685016393661499,0.7360067367553711,-0.05099034309387207,false_reject
/home/lorenzo/Documenti/GitHub/HandVerify/datasets/processed-handwritten/rimes_processed/train2011-1182/mosaic_000.png,/home/lorenzo/Documenti/GitHub/HandVerify/datasets/processed-handwritten/rimes_processed/train2011-1182/batch_1876.png,genuine,0.6809625625610352,0.7360067367553711,-0.05504417419433594,false_reject
/home/lorenzo/Documenti/GitHub/HandVerify/datasets/processed-handwritten/rimes_processed/train2011-123/batch_2269.png,/home/lorenzo/Documenti/GitHub/HandVerify/datasets/processed-handwritten/rimes_processed/train2011-665/batch_7880.png,impostor,0.9100739359855652,0.7360067367553711,0.1740671992301941,false_accept
/home/lorenzo/Documenti/GitHub/HandVerify/datasets/processed-handwritten/rimes_processed/train2011-1051/mosaic_000.png,/home/lorenzo/Documenti/GitHub/HandVerify/datasets/processed-handwritten/rimes_processed/train2011-39/batch_5969.png,impostor,0.8264591693878174,0.7360067367553711,0.09045243263244629,false_accept
/home/lorenzo/Documenti/GitHub/HandVerify/datasets/processed-handwritten/rimes_processed/train2011-1098/batch_1300.png,/home/lorenzo/Documenti/GitHub/HandVerify/datasets/processed-handwritten/rimes_processed/train2011-371/batch_5751.png,impostor,0.8738582134246826,0.7360067367553711,0.13785147666931152,false_accept
/home/lorenzo/Documenti/GitHub/HandVerify/datasets/processed-handwritten/rimes_processed/eval2011-65/batch_397.png,/home/lorenzo/Documenti/GitHub/HandVerify/datasets/processed-handwritten/rimes_processed/train2011-941/batch_9696.png,impostor,0.9496132731437683,0.7360067367553711,0.21360653638839722,false_accept
/home/lorenzo/Documenti/GitHub/HandVerify/datasets/processed-handwritten/rimes_processed/train2011-475/batch_6544.png,/home/lorenzo/Documenti/GitHub/HandVerify/datasets/processed-handwritten/rimes_processed/train2011-795/batch_8811.png,impostor,0.8395960927009583,0.7360067367553711,0.10358935594558716,false_accept
/home/lorenzo/Documenti/GitHub/HandVerify/datasets/processed-handwritten/rimes_processed/train2011-1050/mosaic_001.png,/home/lorenzo/Documenti/GitHub/HandVerify/datasets/processed-handwritten/rimes_processed/train2011-545/batch_7045.png,impostor,0.9099569916725159,0.7360067367553711,0.17395025491714478,false_accept
/home/lorenzo/Documenti/GitHub/HandVerify/datasets/processed-handwritten/rimes_processed/train2011-1162/batch_1742.png,/home/lorenzo/Documenti/GitHub/HandVerify/datasets/processed-handwritten/rimes_processed/train2011-1162/batch_1730.png,genuine,0.7076720595359802,0.7360067367553711,-0.02833467721939087,false_reject
/home/lorenzo/Documenti/GitHub/HandVerify/datasets/processed-handwritten/rimes_processed/train2011-1050/batch_981.png,/home/lorenzo/Documenti/GitHub/HandVerify/datasets/processed-handwritten/rimes_processed/train2011-939/batch_9685.png,impostor,0.9829527139663696,0.7360067367553711,0.24694597721099854,false_accept
/home/lorenzo/Documenti/GitHub/HandVerify/datasets/processed-handwritten/rimes_processed/train2011-166/mosaic_000.png,/home/lorenzo/Documenti/GitHub/HandVerify/datasets/processed-handwritten/rimes_processed/train2011-840/mosaic_002.png,impostor,0.9459280967712402,0.7360067367553711,0.20992136001586914,false_accept
/home/lorenzo/Documenti/GitHub/HandVerify/datasets/processed-handwritten/rimes_processed/train2011-1483/batch_3920.png,/home/lorenzo/Documenti/GitHub/HandVerify/datasets/processed-handwritten/rimes_processed/train2011-44/batch_6367.png,impostor,0.869279146194458,0.7360067367553711,0.13327240943908691,false_accept
/home/lorenzo/Documenti/GitHub/HandVerify/datasets/processed-handwritten/rimes_processed/train2011-1245/batch_2319.png,/home/lorenzo/Documenti/GitHub/HandVerify/datasets/processed-handwritten/rimes_processed/train2011-76/batch_8638.png,impostor,0.9018609523773193,0.7360067367553711,0.16585421562194824,false_accept
/home/lorenzo/Documenti/GitHub/HandVerify/datasets/processed-handwritten/rimes_processed/train2011-307/batch_5188.png,/home/lorenzo/Documenti/GitHub/HandVerify/datasets/processed-handwritten/rimes_processed/train2011-351/batch_5563.png,impostor,0.7968706488609314,0.7360067367553711,0.0608639121055603,false_accept
/home/lorenzo/Documenti/GitHub/HandVerify/datasets/processed-handwritten/rimes_processed/train2011-1410/batch_3359.png,/home/lorenzo/Documenti/GitHub/HandVerify/datasets/processed-handwritten/rimes_processed/train2011-923/batch_9588.png,impostor,0.9626842737197876,0.7360067367553711,0.2266775369644165,false_accept
/home/lorenzo/Documenti/GitHub/HandVerify/datasets/processed-handwritten/rimes_processed/train2011-285/mosaic_000.png,/home/lorenzo/Documenti/GitHub/HandVerify/datasets/processed-handwritten/rimes_processed/train2011-747/mosaic_001.png,impostor,0.7774981260299683,0.7360067367553711,0.04149138927459717,false_accept
/home/lorenzo/Documenti/GitHub/HandVerify/datasets/processed-handwritten/rimes_processed/train2011-1046/batch_952.png,/home/lorenzo/Documenti/GitHub/HandVerify/datasets/processed-handwritten/rimes_processed/train2011-812/batch_8931.png,impostor,0.8416954278945923,0.7360067367553711,0.10568869113922119,false_accept
/home/lorenzo/Documenti/GitHub/HandVerify/datasets/processed-handwritten/rimes_processed/train2011-1168/batch_1784.png,/home/lorenzo/Documenti/GitHub/HandVerify/datasets/processed-handwritten/rimes_processed/train2011-143/batch_3570.png,impostor,0.9237978458404541,0.7360067367553711,0.187791109085083,false_accept
/home/lorenzo/Documenti/GitHub/HandVerify/datasets/processed-handwritten/rimes_processed/train2011-1336/mosaic_001.png,/home/lorenzo/Documenti/GitHub/HandVerify/datasets/processed-handwritten/rimes_processed/train2011-443/batch_6329.png,impostor,0.8033927083015442,0.7360067367553711,0.0673859715461731,false_accept
/home/lorenzo/Documenti/GitHub/HandVerify/datasets/processed-handwritten/rimes_processed/train2011-378/batch_5800.png,/home/lorenzo/Documenti/GitHub/HandVerify/datasets/processed-handwritten/rimes_processed/train2011-623/batch_7563.png,impostor,0.9160848259925842,0.7360067367553711,0.18007808923721313,false_accept
/home/lorenzo/Documenti/GitHub/HandVerify/datasets/processed-handwritten/rimes_processed/eval2011-93/batch_603.png,/home/lorenzo/Documenti/GitHub/HandVerify/datasets/processed-handwritten/rimes_processed/train2011-840/batch_9095.png,impostor,0.8546581864356995,0.7360067367553711,0.11865144968032837,false_accept
/home/lorenzo/Documenti/GitHub/HandVerify/datasets/processed-handwritten/rimes_processed/train2011-461/batch_6444.png,/home/lorenzo/Documenti/GitHub/HandVerify/datasets/processed-handwritten/rimes_processed/train2011-558/batch_7133.png,impostor,0.9359410405158997,0.7360067367553711,0.19993430376052856,false_accept
/home/lorenzo/Documenti/GitHub/HandVerify/datasets/processed-handwritten/rimes_processed/train2011-1/mosaic_000.png,/home/lorenzo/Documenti/GitHub/HandVerify/datasets/processed-handwritten/rimes_processed/train2011-1/batch_4388.png,genuine,0.6798886060714722,0.7360067367553711,-0.056118130683898926,false_reject
/home/lorenzo/Documenti/GitHub/HandVerify/datasets/processed-handwritten/rimes_processed/train2011-330/batch_5375.png,/home/lorenzo/Documenti/GitHub/HandVerify/datasets/processed-handwritten/rimes_processed/train2011-779/batch_8702.png,impostor,0.9483480453491211,0.7360067367553711,0.21234130859375,false_accept
/home/lorenzo/Documenti/GitHub/HandVerify/datasets/processed-handwritten/rimes_processed/train2011-691/batch_8074.png,/home/lorenzo/Documenti/GitHub/HandVerify/datasets/processed-handwritten/rimes_processed/train2011-716/batch_8257.png,impostor,0.7514042258262634,0.7360067367553711,0.015397489070892334,false_accept
/home/lorenzo/Documenti/GitHub/HandVerify/datasets/processed-handwritten/rimes_processed/train2011-521/batch_6883.png,/home/lorenzo/Documenti/GitHub/HandVerify/datasets/processed-handwritten/rimes_processed/train2011-970/batch_9868.png,impostor,0.9057546257972717,0.7360067367553711,0.16974788904190063,false_accept
/home/lorenzo/Documenti/GitHub/HandVerify/datasets/processed-handwritten/rimes_processed/train2011-249/mosaic_000.png,/home/lorenzo/Documenti/GitHub/HandVerify/datasets/processed-handwritten/rimes_processed/train2011-249/batch_4780.png,genuine,0.5293700695037842,0.7360067367553711,-0.20663666725158691,false_reject
/home/lorenzo/Documenti/GitHub/HandVerify/datasets/processed-handwritten/rimes_processed/train2011-1096/batch_1287.png,/home/lorenzo/Documenti/GitHub/HandVerify/datasets/processed-handwritten/rimes_processed/train2011-715/batch_8249.png,impostor,0.9403192400932312,0.7360067367553711,0.2043125033378601,false_accept
/home/lorenzo/Documenti/GitHub/HandVerify/datasets/processed-handwritten/rimes_processed/train2011-1363/mosaic_001.png,/home/lorenzo/Documenti/GitHub/HandVerify/datasets/processed-handwritten/rimes_processed/train2011-740/batch_8408.png,impostor,0.8326789736747742,0.7360067367553711,0.09667223691940308,false_accept
/home/lorenzo/Documenti/GitHub/HandVerify/datasets/processed-handwritten/rimes_processed/train2011-421/batch_6151.png,/home/lorenzo/Documenti/GitHub/HandVerify/datasets/processed-handwritten/rimes_processed/train2011-430/batch_6218.png,impostor,0.9152749180793762,0.7360067367553711,0.17926818132400513,false_accept
/home/lorenzo/Documenti/GitHub/HandVerify/datasets/processed-handwritten/rimes_processed/train2011-1304/batch_2697.png,/home/lorenzo/Documenti/GitHub/HandVerify/datasets/processed-handwritten/rimes_processed/train2011-613/batch_7509.png,impostor,0.8049999475479126,0.7360067367553711,0.0689932107925415,false_accept
/home/lorenzo/Documenti/GitHub/HandVerify/datasets/processed-handwritten/rimes_processed/train2011-1335/batch_2925.png,/home/lorenzo/Documenti/GitHub/HandVerify/datasets/processed-handwritten/rimes_processed/train2011-744/batch_8440.png,impostor,0.7703167796134949,0.7360067367553711,0.03431004285812378,false_accept
/home/lorenzo/Documenti/GitHub/HandVerify/datasets/processed-handwritten/rimes_processed/train2011-33/batch_5462.png,/home/lorenzo/Documenti/GitHub/HandVerify/datasets/processed-handwritten/rimes_processed/train2011-96/batch_9866.png,impostor,0.7881032228469849,0.7360067367553711,0.05209648609161377,false_accept
/home/lorenzo/Documenti/GitHub/HandVerify/datasets/processed-handwritten/rimes_processed/train2011-1188/batch_1918.png,/home/lorenzo/Documenti/GitHub/HandVerify/datasets/processed-handwritten/rimes_processed/train2011-1287/batch_2589.png,impostor,0.9328464269638062,0.7360067367553711,0.19683969020843506,false_accept
/home/lorenzo/Documenti/GitHub/HandVerify/datasets/processed-handwritten/rimes_processed/train2011-1044/batch_936.png,/home/lorenzo/Documenti/GitHub/HandVerify/datasets/processed-handwritten/rimes_processed/train2011-585/batch_7300.png,impostor,0.9247392416000366,0.7360067367553711,0.18873250484466553,false_accept
/home/lorenzo/Documenti/GitHub/HandVerify/datasets/processed-handwritten/rimes_processed/train2011-1382/mosaic_000.png,/home/lorenzo/Documenti/GitHub/HandVerify/datasets/processed-handwritten/rimes_processed/train2011-429/batch_6203.png,impostor,0.8755047917366028,0.7360067367553711,0.1394980549812317,false_accept
/home/lorenzo/Documenti/GitHub/HandVerify/datasets/processed-handwritten/rimes_processed/train2011-379/batch_5808.png,/home/lorenzo/Documenti/GitHub/HandVerify/datasets/processed-handwritten/rimes_processed/train2011-956/batch_9775.png,impostor,0.8319684267044067,0.7360067367553711,0.09596168994903564,false_accept
/home/lorenzo/Documenti/GitHub/HandVerify/datasets/processed-handwritten/rimes_processed/train2011-148/batch_3963.png,/home/lorenzo/Documenti/GitHub/HandVerify/datasets/processed-handwritten/rimes_processed/train2011-353/batch_5588.png,impostor,0.9573791027069092,0.7360067367553711,0.22137236595153809,false_accept
/home/lorenzo/Documenti/GitHub/HandVerify/datasets/processed-handwritten/rimes_processed/train2011-301/mosaic_001.png,/home/lorenzo/Documenti/GitHub/HandVerify/datasets/processed-handwritten/rimes_processed/train2011-749/batch_8478.png,impostor,0.7943145036697388,0.7360067367553711,0.058307766914367676,false_accept
/home/lorenzo/Documenti/GitHub/HandVerify/datasets/processed-handwritten/rimes_processed/train2011-914/batch_9546.png,/home/lorenzo/Documenti/GitHub/HandVerify/datasets/processed-handwritten/rimes_processed/train2011-914/batch_9548.png,genuine,0.443631112575531,0.7360067367553711,-0.2923756241798401,false_reject
/home/lorenzo/Documenti/GitHub/HandVerify/datasets/processed-handwritten/rimes_processed/train2011-324/batch_5323.png,/home/lorenzo/Documenti/GitHub/HandVerify/datasets/processed-handwritten/rimes_processed/train2011-48/batch_6664.png,impostor,0.9722309708595276,0.7360067367553711,0.2362242341041565,false_accept
/home/lorenzo/Documenti/GitHub/HandVerify/datasets/processed-handwritten/rimes_processed/train2011-1242/batch_2297.png,/home/lorenzo/Documenti/GitHub/HandVerify/datasets/processed-handwritten/rimes_processed/train2011-571/batch_7216.png,impostor,0.7852139472961426,0.7360067367553711,0.049207210540771484,false_accept
/home/lorenzo/Documenti/GitHub/HandVerify/datasets/processed-handwritten/rimes_processed/train2011-165/batch_4143.png,/home/lorenzo/Documenti/GitHub/HandVerify/datasets/processed-handwritten/rimes_processed/train2011-548/batch_7065.png,impostor,0.8320774435997009,0.7360067367553711,0.09607070684432983,false_accept
/home/lorenzo/Documenti/GitHub/HandVerify/datasets/processed-handwritten/rimes_processed/train2011-551/batch_7090.png,/home/lorenzo/Documenti/GitHub/HandVerify/datasets/processed-handwritten/rimes_processed/train2011-600/batch_7412.png,impostor,0.9250672459602356,0.7360067367553711,0.1890605092048645,false_accept
/home/lorenzo/Documenti/GitHub/HandVerify/datasets/processed-handwritten/rimes_processed/train2011-1183/batch_1887.png,/home/lorenzo/Documenti/GitHub/HandVerify/datasets/processed-handwritten/rimes_processed/train2011-203/batch_4417.png,impostor,0.925204336643219,0.7360067367553711,0.1891975998878479,false_accept
/home/lorenzo/Documenti/GitHub/HandVerify/datasets/processed-handwritten/rimes_processed/train2011-338/batch_5431.png,/home/lorenzo/Documenti/GitHub/HandVerify/datasets/processed-handwritten/rimes_processed/train2011-554/batch_7107.png,impostor,0.9164118766784668,0.7360067367553711,0.1804051399230957,false_accept
/home/lorenzo/Documenti/GitHub/HandVerify/datasets/processed-handwritten/rimes_processed/train2011-545/batch_7049.png,/home/lorenzo/Documenti/GitHub/HandVerify/datasets/processed-handwritten/rimes_processed/train2011-631/batch_7633.png,impostor,0.7763186693191528,0.7360067367553711,0.04031193256378174,false_accept
/home/lorenzo/Documenti/GitHub/HandVerify/datasets/processed-handwritten/rimes_processed/train2011-1359/batch_3036.png,/home/lorenzo/Documenti/GitHub/HandVerify/datasets/processed-handwritten/rimes_processed/train2011-242/batch_4744.png,impostor,0.7935194969177246,0.7360067367553711,0.057512760162353516,false_accept
/home/lorenzo/Documenti/GitHub/HandVerify/datasets/processed-handwritten/rimes_processed/train2011-232/batch_4630.png,/home/lorenzo/Documenti/GitHub/HandVerify/datasets/processed-handwritten/rimes_processed/train2011-869/mosaic_000.png,impostor,0.8382326364517212,0.7360067367553711,0.1022258996963501,false_accept
/home/lorenzo/Documenti/GitHub/HandVerify/datasets/processed-handwritten/rimes_processed/train2011-625/batch_7582.png,/home/lorenzo/Documenti/GitHub/HandVerify/datasets/processed-handwritten/rimes_processed/train2011-639/mosaic_003.png,impostor,0.8143114447593689,0.7360067367553711,0.0783047080039978,false_accept
/home/lorenzo/Documenti/GitHub/HandVerify/datasets/processed-handwritten/rimes_processed/train2011-1075/batch_1131.png,/home/lorenzo/Documenti/GitHub/HandVerify/datasets/processed-handwritten/rimes_processed/train2011-730/batch_8357.png,impostor,0.9849013090133667,0.7360067367553711,0.2488945722579956,false_accept
/home/lorenzo/Documenti/GitHub/HandVerify/datasets/processed-handwritten/rimes_processed/train2011-451/mosaic_000.png,/home/lorenzo/Documenti/GitHub/HandVerify/datasets/processed-handwritten/rimes_processed/train2011-451/batch_6383.png,genuine,0.5409116148948669,0.7360067367553711,-0.19509512186050415,false_reject
/home/lorenzo/Documenti/GitHub/HandVerify/datasets/processed-handwritten/rimes_processed/train2011-456/mosaic_000.png,/home/lorenzo/Documenti/GitHub/HandVerify/datasets/processed-handwritten/rimes_processed/train2011-817/batch_8973.png,impostor,0.8236897587776184,0.7360067367553711,0.08768302202224731,false_accept
/home/lorenzo/Documenti/GitHub/HandVerify/datasets/processed-handwritten/rimes_processed/train2011-1271/batch_2487.png,/home/lorenzo/Documenti/GitHub/HandVerify/datasets/processed-handwritten/rimes_processed/train2011-947/batch_9732.png,impostor,0.8765963912010193,0.7360067367553711,0.1405896544456482,false_accept
/home/lorenzo/Documenti/GitHub/HandVerify/datasets/processed-handwritten/rimes_processed/train2011-1395/batch_3264.png,/home/lorenzo/Documenti/GitHub/HandVerify/datasets/processed-handwritten/rimes_processed/train2011-590/batch_7342.png,impostor,0.9168469905853271,0.7360067367553711,0.18084025382995605,false_accept
/home/lorenzo/Documenti/GitHub/HandVerify/datasets/processed-handwritten/rimes_processed/train2011-425/batch_6178.png,/home/lorenzo/Documenti/GitHub/HandVerify/datasets/processed-handwritten/rimes_processed/train2011-566/batch_7183.png,impostor,0.896945595741272,0.7360067367553711,0.16093885898590088,false_accept
/home/lorenzo/Documenti/GitHub/HandVerify/datasets/processed-handwritten/rimes_processed/train2011-933/batch_9646.png,/home/lorenzo/Documenti/GitHub/HandVerify/datasets/processed-handwritten/rimes_processed/train2011-933/batch_9643.png,genuine,0.6139744520187378,0.7360067367553711,-0.1220322847366333,false_reject
/home/lorenzo/Documenti/GitHub/HandVerify/datasets/processed-handwritten/rimes_processed/train2011-1387/batch_3216.png,/home/lorenzo/Documenti/GitHub/HandVerify/datasets/processed-handwritten/rimes_processed/train2011-1387/mosaic_000.png,genuine,0.5913106799125671,0.7360067367553711,-0.14469605684280396,false_reject
/home/lorenzo/Documenti/GitHub/HandVerify/datasets/processed-handwritten/rimes_processed/train2011-1400/batch_3297.png,/home/lorenzo/Documenti/GitHub/HandVerify/datasets/processed-handwritten/rimes_processed/train2011-848/batch_9133.png,impostor,0.9177729487419128,0.7360067367553711,0.18176621198654175,false_accept
/home/lorenzo/Documenti/GitHub/HandVerify/datasets/processed-handwritten/rimes_processed/train2011-431/batch_6225.png,/home/lorenzo/Documenti/GitHub/HandVerify/datasets/processed-handwritten/rimes_processed/train2011-907/batch_9495.png,impostor,0.7987405061721802,0.7360067367553711,0.06273376941680908,false_accept
/home/lorenzo/Documenti/GitHub/HandVerify/datasets/processed-handwritten/rimes_processed/train2011-365/batch_5694.png,/home/lorenzo/Documenti/GitHub/HandVerify/datasets/processed-handwritten/rimes_processed/train2011-625/batch_7578.png,impostor,0.9061473608016968,0.7360067367553711,0.17014062404632568,false_accept
/home/lorenzo/Documenti/GitHub/HandVerify/datasets/processed-handwritten/rimes_processed/train2011-1212/mosaic_002.png,/home/lorenzo/Documenti/GitHub/HandVerify/datasets/processed-handwritten/rimes_processed/train2011-1356/batch_3017.png,impostor,0.7385443449020386,0.7360067367553711,0.0025376081466674805,false_accept
/home/lorenzo/Documenti/GitHub/HandVerify/datasets/processed-handwritten/rimes_processed/eval2011-47/batch_288.png,/home/lorenzo/Documenti/GitHub/HandVerify/datasets/processed-handwritten/rimes_processed/train2011-157/batch_4088.png,impostor,0.8407148718833923,0.7360067367553711,0.10470813512802124,false_accept
/home/lorenzo/Documenti/GitHub/HandVerify/datasets/processed-handwritten/rimes_processed/train2011-325/mosaic_000.png,/home/lorenzo/Documenti/GitHub/HandVerify/datasets/processed-handwritten/rimes_processed/train2011-862/mosaic_000.png,impostor,0.8943580389022827,0.7360067367553711,0.15835130214691162,false_accept
/home/lorenzo/Documenti/GitHub/HandVerify/datasets/processed-handwritten/rimes_processed/train2011-749/batch_8479.png,/home/lorenzo/Documenti/GitHub/HandVerify/datasets/processed-handwritten/rimes_processed/train2011-882/batch_9345.png,impostor,0.8713183999061584,0.7360067367553711,0.13531166315078735,false_accept
/home/lorenzo/Documenti/GitHub/HandVerify/datasets/processed-handwritten/rimes_processed/eval2011-23/batch_096.png,/home/lorenzo/Documenti/GitHub/HandVerify/datasets/processed-handwritten/rimes_processed/train2011-1207/batch_2048.png,impostor,0.9276965856552124,0.7360067367553711,0.1916898488998413,false_accept
/home/lorenzo/Documenti/GitHub/HandVerify/datasets/processed-handwritten/rimes_processed/train2011-359/batch_5637.png,/home/lorenzo/Documenti/GitHub/HandVerify/datasets/processed-handwritten/rimes_processed/train2011-39/batch_5963.png,impostor,0.9219878315925598,0.7360067367553711,0.18598109483718872,false_accept
/home/lorenzo/Documenti/GitHub/HandVerify/datasets/processed-handwritten/rimes_processed/train2011-296/batch_5108.png,/home/lorenzo/Documenti/GitHub/HandVerify/datasets/processed-handwritten/rimes_processed/train2011-883/batch_9350.png,impostor,0.9717426896095276,0.7360067367553711,0.2357359528541565,false_accept
/home/lorenzo/Documenti/GitHub/HandVerify/datasets/processed-handwritten/rimes_processed/train2011-631/batch_7633.png,/home/lorenzo/Documenti/GitHub/HandVerify/datasets/processed-handwritten/rimes_processed/train2011-978/batch_9912.png,impostor,0.8813735842704773,0.7360067367553711,0.1453668475151062,false_accept
/home/lorenzo/Documenti/GitHub/HandVerify/datasets/processed-handwritten/rimes_processed/train2011-640/mosaic_000.png,/home/lorenzo/Documenti/GitHub/HandVerify/datasets/processed-handwritten/rimes_processed/train2011-640/batch_7702.png,genuine,0.5021752119064331,0.7360067367553711,-0.233831524848938,false_reject
/home/lorenzo/Documenti/GitHub/HandVerify/datasets/processed-handwritten/rimes_processed/train2011-1224/batch_2173.png,/home/lorenzo/Documenti/GitHub/HandVerify/datasets/processed-handwritten/rimes_processed/train2011-413/batch_6094.png,impostor,0.8120746612548828,0.7360067367553711,0.07606792449951172,false_accept
/home/lorenzo/Documenti/GitHub/HandVerify/datasets/processed-handwritten/rimes_processed/train2011-428/mosaic_000.png,/home/lorenzo/Documenti/GitHub/HandVerify/datasets/processed-handwritten/rimes_processed/train2011-440/mosaic_000.png,impostor,0.858975350856781,0.7360067367553711,0.12296861410140991,false_accept
/home/lorenzo/Documenti/GitHub/HandVerify/datasets/processed-handwritten/rimes_processed/train2011-33/batch_5447.png,/home/lorenzo/Documenti/GitHub/HandVerify/datasets/processed-handwritten/rimes_processed/train2011-33/batch_5461.png,genuine,0.7161834239959717,0.7360067367553711,-0.019823312759399414,false_reject
/home/lorenzo/Documenti/GitHub/HandVerify/datasets/processed-handwritten/rimes_processed/train2011-11/batch_2012.png,/home/lorenzo/Documenti/GitHub/HandVerify/datasets/processed-handwritten/rimes_processed/train2011-721/batch_8299.png,impostor,0.9266588091850281,0.7360067367553711,0.19065207242965698,false_accept
/home/lorenzo/Documenti/GitHub/HandVerify/datasets/processed-handwritten/rimes_processed/train2011-213/batch_4477.png,/home/lorenzo/Documenti/GitHub/HandVerify/datasets/processed-handwritten/rimes_processed/train2011-48/batch_6656.png,impostor,0.9299373030662537,0.7360067367553711,0.19393056631088257,false_accept
/home/lorenzo/Documenti/GitHub/HandVerify/datasets/processed-handwritten/rimes_processed/train2011-886/batch_9361.png,/home/lorenzo/Documenti/GitHub/HandVerify/datasets/processed-handwritten/rimes_processed/train2011-886/mosaic_001.png,genuine,0.45306211709976196,0.7360067367553711,-0.28294461965560913,false_reject
/home/lorenzo/Documenti/GitHub/HandVerify/datasets/processed-handwritten/rimes_processed/train2011-1261/batch_2437.png,/home/lorenzo/Documenti/GitHub/HandVerify/datasets/processed-handwritten/rimes_processed/train2011-813/batch_8942.png,impostor,0.9166157841682434,0.7360067367553711,0.18060904741287231,false_accept
/home/lorenzo/Documenti/GitHub/HandVerify/datasets/processed-handwritten/rimes_processed/train2011-371/batch_5748.png,/home/lorenzo/Documenti/GitHub/HandVerify/datasets/processed-handwritten/rimes_processed/train2011-740/batch_8407.png,impostor,0.8081091642379761,0.7360067367553711,0.07210242748260498,false_accept
/home/lorenzo/Documenti/GitHub/HandVerify/datasets/processed-handwritten/rimes_processed/train2011-1187/mosaic_003.png,/home/lorenzo/Documenti/GitHub/HandVerify/datasets/processed-handwritten/rimes_processed/train2011-1307/batch_2714.png,impostor,0.8629847764968872,0.7360067367553711,0.1269780397415161,false_accept
/home/lorenzo/Documenti/GitHub/HandVerify/datasets/processed-handwritten/rimes_processed/train2011-1431/mosaic_001.png,/home/lorenzo/Documenti/GitHub/HandVerify/datasets/processed-handwritten/rimes_processed/train2011-48/batch_6665.png,impostor,0.7677903771400452,0.7360067367553711,0.03178364038467407,false_accept
/home/lorenzo/Documenti/GitHub/HandVerify/datasets/processed-handwritten/rimes_processed/train2011-494/batch_6693.png,/home/lorenzo/Documenti/GitHub/HandVerify/datasets/processed-handwritten/rimes_processed/train2011-728/batch_8344.png,impostor,0.9350411295890808,0.7360067367553711,0.19903439283370972,false_accept
/home/lorenzo/Documenti/GitHub/HandVerify/datasets/processed-handwritten/rimes_processed/train2011-1087/batch_1214.png,/home/lorenzo/Documenti/GitHub/HandVerify/datasets/processed-handwritten/rimes_processed/train2011-1301/batch_2682.png,impostor,0.8761826157569885,0.7360067367553711,0.14017587900161743,false_accept
/home/lorenzo/Documenti/GitHub/HandVerify/datasets/processed-handwritten/rimes_processed/train2011-1161/batch_1726.png,/home/lorenzo/Documenti/GitHub/HandVerify/datasets/processed-handwritten/rimes_processed/train2011-1457/batch_3695.png,impostor,0.9081456065177917,0.7360067367553711,0.17213886976242065,false_accept
/home/lorenzo/Documenti/GitHub/HandVerify/datasets/processed-handwritten/rimes_processed/train2011-1467/batch_3794.png,/home/lorenzo/Documenti/GitHub/HandVerify/datasets/processed-handwritten/rimes_processed/train2011-1467/mosaic_002.png,genuine,0.7093839049339294,0.7360067367553711,-0.02662283182144165,false_reject
/home/lorenzo/Documenti/GitHub/HandVerify/datasets/processed-handwritten/rimes_processed/train2011-357/mosaic_001.png,/home/lorenzo/Documenti/GitHub/HandVerify/datasets/processed-handwritten/rimes_processed/train2011-357/batch_5614.png,genuine,0.592330276966095,0.7360067367553711,-0.14367645978927612,false_reject
/home/lorenzo/Documenti/GitHub/HandVerify/datasets/processed-handwritten/rimes_processed/eval2011-36/batch_201.png,/home/lorenzo/Documenti/GitHub/HandVerify/datasets/processed-handwritten/rimes_processed/train2011-1182/batch_1884.png,impostor,0.850858747959137,0.7360067367553711,0.11485201120376587,false_accept
/home/lorenzo/Documenti/GitHub/HandVerify/datasets/processed-handwritten/rimes_processed/eval2011-50/batch_314.png,/home/lorenzo/Documenti/GitHub/HandVerify/datasets/processed-handwritten/rimes_processed/train2011-1491/batch_3978.png,impostor,0.8763507008552551,0.7360067367553711,0.14034396409988403,false_accept
/home/lorenzo/Documenti/GitHub/HandVerify/datasets/processed-handwritten/rimes_processed/train2011-1117/batch_1433.png,/home/lorenzo/Documenti/GitHub/HandVerify/datasets/processed-handwritten/rimes_processed/train2011-998/batch_10048.png,impostor,0.848627507686615,0.7360067367553711,0.1126207709312439,false_accept
/home/lorenzo/Documenti/GitHub/HandVerify/datasets/processed-handwritten/rimes_processed/train2011-411/batch_6074.png,/home/lorenzo/Documenti/GitHub/HandVerify/datasets/processed-handwritten/rimes_processed/train2011-432/batch_6242.png,impostor,0.9207973480224609,0.7360067367553711,0.18479061126708984,false_accept
/home/lorenzo/Documenti/GitHub/HandVerify/datasets/processed-handwritten/rimes_processed/train2011-157/mosaic_001.png,/home/lorenzo/Documenti/GitHub/HandVerify/datasets/processed-handwritten/rimes_processed/train2011-200/mosaic_000.png,impostor,0.965655505657196,0.7360067367553711,0.22964876890182495,false_accept
/home/lorenzo/Documenti/GitHub/HandVerify/datasets/processed-handwritten/rimes_processed/train2011-322/mosaic_000.png,/home/lorenzo/Documenti/GitHub/HandVerify/datasets/processed-handwritten/rimes_processed/train2011-338/mosaic_001.png,impostor,0.9456241130828857,0.7360067367553711,0.20961737632751465,false_accept
/home/lorenzo/Documenti/GitHub/HandVerify/datasets/processed-handwritten/rimes_processed/eval2011-53/mosaic_001.png,/home/lorenzo/Documenti/GitHub/HandVerify/datasets/processed-handwritten/rimes_processed/eval2011-69/batch_427.png,impostor,0.7526761293411255,0.7360067367553711,0.016669392585754395,false_accept
/home/lorenzo/Documenti/GitHub/HandVerify/datasets/processed-handwritten/rimes_processed/train2011-1493/batch_3984.png,/home/lorenzo/Documenti/GitHub/HandVerify/datasets/processed-handwritten/rimes_processed/train2011-2/batch_5132.png,impostor,0.8848365545272827,0.7360067367553711,0.14882981777191162,false_accept
/home/lorenzo/Documenti/GitHub/HandVerify/datasets/processed-handwritten/rimes_processed/train2011-1419/batch_3422.png,/home/lorenzo/Documenti/GitHub/HandVerify/datasets/processed-handwritten/rimes_processed/train2011-413/batch_6094.png,impostor,0.8798461556434631,0.7360067367553711,0.14383941888809204,false_accept
/home/lorenzo/Documenti/GitHub/HandVerify/datasets/processed-handwritten/rimes_processed/train2011-802/batch_8871.png,/home/lorenzo/Documenti/GitHub/HandVerify/datasets/processed-handwritten/rimes_processed/train2011-813/batch_8935.png,impostor,0.9569980502128601,0.7360067367553711,0.220991313457489,false_accept
/home/lorenzo/Documenti/GitHub/HandVerify/datasets/processed-handwritten/rimes_processed/train2011-498/mosaic_001.png,/home/lorenzo/Documenti/GitHub/HandVerify/datasets/processed-handwritten/rimes_processed/train2011-557/batch_7129.png,impostor,0.817560076713562,0.7360067367553711,0.08155333995819092,false_accept
/home/lorenzo/Documenti/GitHub/HandVerify/datasets/processed-handwritten/rimes_processed/train2011-186/batch_4302.png,/home/lorenzo/Documenti/GitHub/HandVerify/datasets/processed-handwritten/rimes_processed/train2011-401/mosaic_001.png,impostor,0.785550594329834,0.7360067367553711,0.04954385757446289,false_accept
/home/lorenzo/Documenti/GitHub/HandVerify/datasets/processed-handwritten/rimes_processed/train2011-150/mosaic_000.png,/home/lorenzo/Documenti/GitHub/HandVerify/datasets/processed-handwritten/rimes_processed/train2011-275/batch_4959.png,impostor,0.7632250785827637,0.7360067367553711,0.027218341827392578,false_accept
/home/lorenzo/Documenti/GitHub/HandVerify/datasets/processed-handwritten/rimes_processed/eval2011-47/batch_282.png,/home/lorenzo/Documenti/GitHub/HandVerify/datasets/processed-handwritten/rimes_processed/train2011-660/batch_7858.png,impostor,0.8999287486076355,0.7360067367553711,0.1639220118522644,false_accept
/home/lorenzo/Documenti/GitHub/HandVerify/datasets/processed-handwritten/rimes_processed/train2011-1277/batch_2523.png,/home/lorenzo/Documenti/GitHub/HandVerify/datasets/processed-handwritten/rimes_processed/train2011-741/mosaic_001.png,impostor,0.7824148535728455,0.7360067367553711,0.046408116817474365,false_accept
/home/lorenzo/Documenti/GitHub/HandVerify/datasets/processed-handwritten/rimes_processed/train2011-1255/batch_2384.png,/home/lorenzo/Documenti/GitHub/HandVerify/datasets/processed-handwritten/rimes_processed/train2011-255/batch_4820.png,impostor,0.8947369456291199,0.7360067367553711,0.15873020887374878,false_accept
/home/lorenzo/Documenti/GitHub/HandVerify/datasets/processed-handwritten/rimes_processed/train2011-1209/batch_2067.png,/home/lorenzo/Documenti/GitHub/HandVerify/datasets/processed-handwritten/rimes_processed/train2011-1209/mosaic_000.png,genuine,0.38554319739341736,0.7360067367553711,-0.35046353936195374,false_reject
/home/lorenzo/Documenti/GitHub/HandVerify/datasets/processed-handwritten/rimes_processed/eval2011-43/batch_256.png,/home/lorenzo/Documenti/GitHub/HandVerify/datasets/processed-handwritten/rimes_processed/train2011-1461/batch_3722.png,impostor,0.9137555956840515,0.7360067367553711,0.17774885892868042,false_accept
/home/lorenzo/Documenti/GitHub/HandVerify/datasets/processed-handwritten/rimes_processed/train2011-108/batch_1230.png,/home/lorenzo/Documenti/GitHub/HandVerify/datasets/processed-handwritten/rimes_processed/train2011-1145/mosaic_000.png,impostor,0.7952399253845215,0.7360067367553711,0.05923318862915039,false_accept
/home/lorenzo/Documenti/GitHub/HandVerify/datasets/processed-handwritten/rimes_processed/train2011-40/batch_6063.png,/home/lorenzo/Documenti/GitHub/HandVerify/datasets/processed-handwritten/rimes_processed/train2011-40/mosaic_003.png,genuine,0.5401288270950317,0.7360067367553711,-0.19587790966033936,false_reject
/home/lorenzo/Documenti/GitHub/HandVerify/datasets/processed-handwritten/rimes_processed/train2011-45/batch_6428.png,/home/lorenzo/Documenti/GitHub/HandVerify/datasets/processed-handwritten/rimes_processed/train2011-605/batch_7445.png,impostor,0.9417023658752441,0.7360067367553711,0.20569562911987305,false_accept
/home/lorenzo/Documenti/GitHub/HandVerify/datasets/processed-handwritten/rimes_processed/train2011-399/batch_5948.png,/home/lorenzo/Documenti/GitHub/HandVerify/datasets/processed-handwritten/rimes_processed/train2011-657/mosaic_001.png,impostor,0.7441489696502686,0.7360067367553711,0.008142232894897461,false_accept
/home/lorenzo/Documenti/GitHub/HandVerify/datasets/processed-handwritten/rimes_processed/eval2011-47/batch_288.png,/home/lorenzo/Documenti/GitHub/HandVerify/datasets/processed-handwritten/rimes_processed/train2011-48/batch_6654.png,impostor,0.8629496097564697,0.7360067367553711,0.12694287300109863,false_accept
/home/lorenzo/Documenti/GitHub/HandVerify/datasets/processed-handwritten/rimes_processed/eval2011-66/batch_401.png,/home/lorenzo/Documenti/GitHub/HandVerify/datasets/processed-handwritten/rimes_processed/train2011-747/batch_8468.png,impostor,0.7694233655929565,0.7360067367553711,0.03341662883758545,false_accept
/home/lorenzo/Documenti/GitHub/HandVerify/datasets/processed-handwritten/rimes_processed/train2011-416/mosaic_000.png,/home/lorenzo/Documenti/GitHub/HandVerify/datasets/processed-handwritten/rimes_processed/train2011-416/batch_6115.png,genuine,0.49562421441078186,0.7360067367553711,-0.24038252234458923,false_reject
/home/lorenzo/Documenti/GitHub/HandVerify/datasets/processed-handwritten/rimes_processed/train2011-1129/batch_1504.png,/home/lorenzo/Documenti/GitHub/HandVerify/datasets/processed-handwritten/rimes_processed/train2011-906/batch_9492.png,impostor,0.7823113203048706,0.7360067367553711,0.04630458354949951,false_accept
/home/lorenzo/Documenti/GitHub/HandVerify/datasets/processed-handwritten/rimes_processed/train2011-1058/batch_1014.png,/home/lorenzo/Documenti/GitHub/HandVerify/datasets/processed-handwritten/rimes_processed/train2011-1302/batch_2688.png,impostor,0.847673773765564,0.7360067367553711,0.11166703701019287,false_accept
/home/lorenzo/Documenti/GitHub/HandVerify/datasets/processed-handwritten/rimes_processed/train2011-1015/batch_745.png,/home/lorenzo/Documenti/GitHub/HandVerify/datasets/processed-handwritten/rimes_processed/train2011-691/batch_8074.png,impostor,0.8997823596000671,0.7360067367553711,0.16377562284469604,false_accept
/home/lorenzo/Documenti/GitHub/HandVerify/datasets/processed-handwritten/rimes_processed/train2011-193/batch_4336.png,/home/lorenzo/Documenti/GitHub/HandVerify/datasets/processed-handwritten/rimes_processed/train2011-429/batch_6207.png,impostor,0.7994754314422607,0.7360067367553711,0.06346869468688965,false_accept
/home/lorenzo/Documenti/GitHub/HandVerify/datasets/processed-handwritten/rimes_processed/train2011-268/mosaic_001.png,/home/lorenzo/Documenti/GitHub/HandVerify/datasets/processed-handwritten/rimes_processed/train2011-355/batch_5599.png,impostor,0.8265691995620728,0.7360067367553711,0.09056246280670166,false_accept
/home/lorenzo/Documenti/GitHub/HandVerify/datasets/processed-handwritten/rimes_processed/train2011-1467/mosaic_000.png,/home/lorenzo/Documenti/GitHub/HandVerify/datasets/processed-handwritten/rimes_processed/train2011-1467/batch_3791.png,genuine,0.7250432372093201,0.7360067367553711,-0.010963499546051025,false_reject
/home/lorenzo/Documenti/GitHub/HandVerify/datasets/processed-handwritten/rimes_processed/train2011-822/batch_9000.png,/home/lorenzo/Documenti/GitHub/HandVerify/datasets/processed-handwritten/rimes_processed/train2011-822/mosaic_001.png,genuine,0.6227874159812927,0.7360067367553711,-0.11321932077407837,false_reject
/home/lorenzo/Documenti/GitHub/HandVerify/datasets/processed-handwritten/rimes_processed/train2011-1299/batch_2662.png,/home/lorenzo/Documenti/GitHub/HandVerify/datasets/processed-handwritten/rimes_processed/train2011-216/batch_4500.png,impostor,0.9709737300872803,0.7360067367553711,0.23496699333190918,false_accept
/home/lorenzo/Documenti/GitHub/HandVerify/datasets/processed-handwritten/rimes_processed/train2011-362/batch_5664.png,/home/lorenzo/Documenti/GitHub/HandVerify/datasets/processed-handwritten/rimes_processed/train2011-63/batch_7693.png,impostor,0.9155220985412598,0.7360067367553711,0.17951536178588867,false_accept
/home/lorenzo/Documenti/GitHub/HandVerify/datasets/processed-handwritten/rimes_processed/train2011-1164/batch_1746.png,/home/lorenzo/Documenti/GitHub/HandVerify/datasets/processed-handwritten/rimes_processed/train2011-1179/batch_1848.png,impostor,0.9783455729484558,0.7360067367553711,0.24233883619308472,false_accept
/home/lorenzo/Documenti/GitHub/HandVerify/datasets/processed-handwritten/rimes_processed/train2011-662/batch_7867.png,/home/lorenzo/Documenti/GitHub/HandVerify/datasets/processed-handwritten/rimes_processed/train2011-912/batch_9535.png,impostor,0.9322583079338074,0.7360067367553711,0.19625157117843628,false_accept
/home/lorenzo/Documenti/GitHub/HandVerify/datasets/processed-handwritten/rimes_processed/eval2011-83/mosaic_000.png,/home/lorenzo/Documenti/GitHub/HandVerify/datasets/processed-handwritten/rimes_processed/train2011-962/batch_9817.png,impostor,0.8134297132492065,0.7360067367553711,0.07742297649383545,false_accept
/home/lorenzo/Documenti/GitHub/HandVerify/datasets/processed-handwritten/rimes_processed/train2011-455/batch_6405.png,/home/lorenzo/Documenti/GitHub/HandVerify/datasets/processed-handwritten/rimes_processed/train2011-459/batch_6422.png,impostor,0.8824518322944641,0.7360067367553711,0.14644509553909302,false_accept
/home/lorenzo/Documenti/GitHub/HandVerify/datasets/processed-handwritten/rimes_processed/train2011-396/batch_5935.png,/home/lorenzo/Documenti/GitHub/HandVerify/datasets/processed-handwritten/rimes_processed/train2011-396/mosaic_000.png,genuine,0.636948823928833,0.7360067367553711,-0.09905791282653809,false_reject
/home/lorenzo/Documenti/GitHub/HandVerify/datasets/processed-handwritten/rimes_processed/train2011-1014/batch_738.png,/home/lorenzo/Documenti/GitHub/HandVerify/datasets/processed-handwritten/rimes_processed/train2011-1452/batch_3656.png,impostor,0.7839314937591553,0.7360067367553711,0.04792475700378418,false_accept
/home/lorenzo/Documenti/GitHub/HandVerify/datasets/processed-handwritten/rimes_processed/train2011-417/mosaic_001.png,/home/lorenzo/Documenti/GitHub/HandVerify/datasets/processed-handwritten/rimes_processed/train2011-494/batch_6694.png,impostor,0.7916392087936401,0.7360067367553711,0.05563247203826904,false_accept
/home/lorenzo/Documenti/GitHub/HandVerify/datasets/processed-handwritten/rimes_processed/train2011-754/mosaic_000.png,/home/lorenzo/Documenti/GitHub/HandVerify/datasets/processed-handwritten/rimes_processed/train2011-754/batch_8525.png,genuine,0.6783513426780701,0.7360067367553711,-0.057655394077301025,false_reject
/home/lorenzo/Documenti/GitHub/HandVerify/datasets/processed-handwritten/rimes_processed/train2011-593/batch_7355.png,/home/lorenzo/Documenti/GitHub/HandVerify/datasets/processed-handwritten/rimes_processed/train2011-78/batch_8780.png,impostor,0.9399930834770203,0.7360067367553711,0.20398634672164917,false_accept
/home/lorenzo/Documenti/GitHub/HandVerify/datasets/processed-handwritten/rimes_processed/train2011-148/batch_3962.png,/home/lorenzo/Documenti/GitHub/HandVerify/datasets/processed-handwritten/rimes_processed/train2011-853/batch_9171.png,impostor,0.9382312297821045,0.7360067367553711,0.2022244930267334,false_accept
/home/lorenzo/Documenti/GitHub/HandVerify/datasets/processed-handwritten/rimes_processed/train2011-1243/batch_2308.png,/home/lorenzo/Documenti/GitHub/HandVerify/datasets/processed-handwritten/rimes_processed/train2011-456/batch_6409.png,impostor,0.9502836465835571,0.7360067367553711,0.21427690982818604,false_accept
/home/lorenzo/Documenti/GitHub/HandVerify/datasets/processed-handwritten/rimes_processed/train2011-238/batch_4675.png,/home/lorenzo/Documenti/GitHub/HandVerify/datasets/processed-handwritten/rimes_processed/train2011-391/batch_5902.png,impostor,0.9048243165016174,0.7360067367553711,0.16881757974624634,false_accept
/home/lorenzo/Documenti/GitHub/HandVerify/datasets/processed-handwritten/rimes_processed/train2011-1495/batch_4000.png,/home/lorenzo/Documenti/GitHub/HandVerify/datasets/processed-handwritten/rimes_processed/train2011-751/batch_8503.png,impostor,0.7803273797035217,0.7360067367553711,0.044320642948150635,false_accept
/home/lorenzo/Documenti/GitHub/HandVerify/datasets/processed-handwritten/rimes_processed/train2011-1293/mosaic_000.png,/home/lorenzo/Documenti/GitHub/HandVerify/datasets/processed-handwritten/rimes_processed/train2011-1353/batch_3007.png,impostor,0.7998822927474976,0.7360067367553711,0.06387555599212646,false_accept
/home/lorenzo/Documenti/GitHub/HandVerify/datasets/processed-handwritten/rimes_processed/train2011-1064/batch_1065.png,/home/lorenzo/Documenti/GitHub/HandVerify/datasets/processed-handwritten/rimes_processed/train2011-181/batch_4264.png,impostor,0.9002326130867004,0.7360067367553711,0.16422587633132935,false_accept
/home/lorenzo/Documenti/GitHub/HandVerify/datasets/processed-handwritten/rimes_processed/train2011-1084/mosaic_002.png,/home/lorenzo/Documenti/GitHub/HandVerify/datasets/processed-handwritten/rimes_processed/train2011-1192/batch_1963.png,impostor,0.8335375189781189,0.7360067367553711,0.0975307822227478,false_accept
/home/lorenzo/Documenti/GitHub/HandVerify/datasets/processed-handwritten/rimes_processed/train2011-1177/batch_1839.png,/home/lorenzo/Documenti/GitHub/HandVerify/datasets/processed-handwritten/rimes_processed/train2011-1472/batch_3838.png,impostor,0.8582318425178528,0.7360067367553711,0.12222510576248169,false_accept
/home/lorenzo/Documenti/GitHub/HandVerify/datasets/processed-handwritten/rimes_processed/train2011-11/batch_2012.png,/home/lorenzo/Documenti/GitHub/HandVerify/datasets/processed-handwritten/rimes_processed/train2011-315/batch_5251.png,impostor,0.9336877465248108,0.7360067367553711,0.1976810097694397,false_accept
/home/lorenzo/Documenti/GitHub/HandVerify/datasets/processed-handwritten/rimes_processed/train2011-1211/batch_2081.png,/home/lorenzo/Documenti/GitHub/HandVerify/datasets/processed-handwritten/rimes_processed/train2011-227/batch_4587.png,impostor,0.824878990650177,0.7360067367553711,0.08887225389480591,false_accept
/home/lorenzo/Documenti/GitHub/HandVerify/datasets/processed-handwritten/rimes_processed/train2011-291/batch_5070.png,/home/lorenzo/Documenti/GitHub/HandVerify/datasets/processed-handwritten/rimes_processed/train2011-797/batch_8822.png,impostor,0.9350714087486267,0.7360067367553711,0.19906467199325562,false_accept
/home/lorenzo/Documenti/GitHub/HandVerify/datasets/processed-handwritten/rimes_processed/train2011-202/mosaic_000.png,/home/lorenzo/Documenti/GitHub/HandVerify/datasets/processed-handwritten/rimes_processed/train2011-876/mosaic_001.png,impostor,0.7545658349990845,0.7360067367553711,0.01855909824371338,false_accept
/home/lorenzo/Documenti/GitHub/HandVerify/datasets/processed-handwritten/rimes_processed/eval2011-5/batch_360.png,/home/lorenzo/Documenti/GitHub/HandVerify/datasets/processed-handwritten/rimes_processed/train2011-1018/batch_775.png,impostor,0.8413707613945007,0.7360067367553711,0.10536402463912964,false_accept
/home/lorenzo/Documenti/GitHub/HandVerify/datasets/processed-handwritten/rimes_processed/train2011-1221/mosaic_001.png,/home/lorenzo/Documenti/GitHub/HandVerify/datasets/processed-handwritten/rimes_processed/train2011-86/batch_9267.png,impostor,0.7831934094429016,0.7360067367553711,0.04718667268753052,false_accept
/home/lorenzo/Documenti/GitHub/HandVerify/datasets/processed-handwritten/rimes_processed/train2011-1084/batch_1185.png,/home/lorenzo/Documenti/GitHub/HandVerify/datasets/processed-handwritten/rimes_processed/train2011-871/batch_9280.png,impostor,0.9289178848266602,0.7360067367553711,0.19291114807128906,false_accept
/home/lorenzo/Documenti/GitHub/HandVerify/datasets/processed-handwritten/rimes_processed/eval2011-8/mosaic_001.png,/home/lorenzo/Documenti/GitHub/HandVerify/datasets/processed-handwritten/rimes_processed/train2011-195/batch_4357.png,impostor,0.8192514181137085,0.7360067367553711,0.0832446813583374,false_accept
/home/lorenzo/Documenti/GitHub/HandVerify/datasets/processed-handwritten/rimes_processed/train2011-753/mosaic_001.png,/home/lorenzo/Documenti/GitHub/HandVerify/datasets/processed-handwritten/rimes_processed/train2011-851/batch_9158.png,impostor,0.8259519338607788,0.7360067367553711,0.08994519710540771,false_accept
/home/lorenzo/Documenti/GitHub/HandVerify/datasets/processed-handwritten/rimes_processed/train2011-1467/batch_3788.png,/home/lorenzo/Documenti/GitHub/HandVerify/datasets/processed-handwritten/rimes_processed/train2011-825/batch_9014.png,impostor,0.9285342693328857,0.7360067367553711,0.19252753257751465,false_accept
/home/lorenzo/Documenti/GitHub/HandVerify/datasets/processed-handwritten/rimes_processed/train2011-1483/batch_3921.png,/home/lorenzo/Documenti/GitHub/HandVerify/datasets/processed-handwritten/rimes_processed/train2011-696/batch_8129.png,impostor,0.8566075563430786,0.7360067367553711,0.12060081958770752,false_accept
/home/lorenzo/Documenti/GitHub/HandVerify/datasets/processed-handwritten/rimes_processed/train2011-1109/batch_1371.png,/home/lorenzo/Documenti/GitHub/HandVerify/datasets/processed-handwritten/rimes_processed/train2011-814/batch_8947.png,impostor,0.799528956413269,0.7360067367553711,0.06352221965789795,false_accept
/home/lorenzo/Documenti/GitHub/HandVerify/datasets/processed-handwritten/rimes_processed/train2011-379/batch_5805.png,/home/lorenzo/Documenti/GitHub/HandVerify/datasets/processed-handwritten/rimes_processed/train2011-805/batch_8895.png,impostor,0.8892810940742493,0.7360067367553711,0.15327435731887817,false_accept
/home/lorenzo/Documenti/GitHub/HandVerify/datasets/processed-handwritten/rimes_processed/train2011-1106/mosaic_000.png,/home/lorenzo/Documenti/GitHub/HandVerify/datasets/processed-handwritten/rimes_processed/train2011-1106/batch_1357.png,genuine,0.54570472240448,0.7360067367553711,-0.1903020143508911,false_reject
/home/lorenzo/Documenti/GitHub/HandVerify/datasets/processed-handwritten/rimes_processed/train2011-849/batch_9137.png,/home/lorenzo/Documenti/GitHub/HandVerify/datasets/processed-handwritten/rimes_processed/train2011-964/mosaic_000.png,impostor,0.8910622596740723,0.7360067367553711,0.15505552291870117,false_accept
/home/lorenzo/Documenti/GitHub/HandVerify/datasets/processed-handwritten/rimes_processed/train2011-1245/batch_2323.png,/home/lorenzo/Documenti/GitHub/HandVerify/datasets/processed-handwritten/rimes_processed/train2011-1245/mosaic_002.png,genuine,0.7157042026519775,0.7360067367553711,-0.020302534103393555,false_reject
/home/lorenzo/Documenti/GitHub/HandVerify/datasets/processed-handwritten/rimes_processed/train2011-242/batch_4739.png,/home/lorenzo/Documenti/GitHub/HandVerify/datasets/processed-handwritten/rimes_processed/train2011-502/mosaic_001.png,impostor,0.7409988045692444,0.7360067367553711,0.004992067813873291,false_accept
/home/lorenzo/Documenti/GitHub/HandVerify/datasets/processed-handwritten/rimes_processed/train2011-1007/batch_697.png,/home/lorenzo/Documenti/GitHub/HandVerify/datasets/processed-handwritten/rimes_processed/train2011-1111/batch_1400.png,impostor,0.9268497824668884,0.7360067367553711,0.19084304571151733,false_accept
/home/lorenzo/Documenti/GitHub/HandVerify/datasets/processed-handwritten/rimes_processed/train2011-262/batch_4867.png,/home/lorenzo/Documenti/GitHub/HandVerify/datasets/processed-handwritten/rimes_processed/train2011-331/batch_5384.png,impostor,0.9199885129928589,0.7360067367553711,0.1839817762374878,false_accept
/home/lorenzo/Documenti/GitHub/HandVerify/datasets/processed-handwritten/rimes_processed/train2011-326/mosaic_000.png,/home/lorenzo/Documenti/GitHub/HandVerify/datasets/processed-handwritten/rimes_processed/train2011-737/batch_8386.png,impostor,0.8851118683815002,0.7360067367553711,0.14910513162612915,false_accept
/home/lorenzo/Documenti/GitHub/HandVerify/datasets/processed-handwritten/rimes_processed/train2011-579/batch_7260.png,/home/lorenzo/Documenti/GitHub/HandVerify/datasets/processed-handwritten/rimes_processed/train2011-741/mosaic_001.png,impostor,0.7770306468009949,0.7360067367553711,0.04102391004562378,false_accept
/home/lorenzo/Documenti/GitHub/HandVerify/datasets/processed-handwritten/rimes_processed/train2011-1018/batch_767.png,/home/lorenzo/Documenti/GitHub/HandVerify/datasets/processed-handwritten/rimes_processed/train2011-858/batch_9201.png,impostor,0.765358030796051,0.7360067367553711,0.02935129404067993,false_accept
/home/lorenzo/Documenti/GitHub/HandVerify/datasets/processed-handwritten/rimes_processed/train2011-1283/batch_2569.png,/home/lorenzo/Documenti/GitHub/HandVerify/datasets/processed-handwritten/rimes_processed/train2011-1300/batch_2676.png,impostor,0.9369590282440186,0.7360067367553711,0.20095229148864746,false_accept
/home/lorenzo/Documenti/GitHub/HandVerify/datasets/processed-handwritten/rimes_processed/train2011-351/batch_5563.png,/home/lorenzo/Documenti/GitHub/HandVerify/datasets/processed-handwritten/rimes_processed/train2011-556/batch_7126.png,impostor,0.9204427003860474,0.7360067367553711,0.18443596363067627,false_accept
/home/lorenzo/Documenti/GitHub/HandVerify/datasets/processed-handwritten/rimes_processed/eval2011-85/batch_545.png,/home/lorenzo/Documenti/GitHub/HandVerify/datasets/processed-handwritten/rimes_processed/train2011-1268/mosaic_000.png,impostor,0.8477384448051453,0.7360067367553711,0.11173170804977417,false_accept
/home/lorenzo/Documenti/GitHub/HandVerify/datasets/processed-handwritten/rimes_processed/train2011-765/batch_8607.png,/home/lorenzo/Documenti/GitHub/HandVerify/datasets/processed-handwritten/rimes_processed/train2011-779/batch_8704.png,impostor,0.8736567497253418,0.7360067367553711,0.1376500129699707,false_accept
/home/lorenzo/Documenti/GitHub/HandVerify/datasets/processed-handwritten/rimes_processed/train2011-1165/batch_1756.png,/home/lorenzo/Documenti/GitHub/HandVerify/datasets/processed-handwritten/rimes_processed/train2011-579/batch_7264.png,impostor,0.8533044457435608,0.7360067367553711,0.1172977089881897,false_accept
/home/lorenzo/Documenti/GitHub/HandVerify/datasets/processed-handwritten/rimes_processed/train2011-1164/batch_1747.png,/home/lorenzo/Documenti/GitHub/HandVerify/datasets/processed-handwritten/rimes_processed/train2011-327/batch_5345.png,impostor,0.9089558124542236,0.7360067367553711,0.17294907569885254,false_accept
/home/lorenzo/Documenti/GitHub/HandVerify/datasets/processed-handwritten/rimes_processed/train2011-33/batch_5450.png,/home/lorenzo/Documenti/GitHub/HandVerify/datasets/processed-handwritten/rimes_processed/train2011-33/mosaic_000.png,genuine,0.6099409461021423,0.7360067367553711,-0.12606579065322876,false_reject
/home/lorenzo/Documenti/GitHub/HandVerify/datasets/processed-handwritten/rimes_processed/train2011-1147/batch_1634.png,/home/lorenzo/Documenti/GitHub/HandVerify/datasets/processed-handwritten/rimes_processed/train2011-97/batch_9930.png,impostor,0.8768780827522278,0.7360067367553711,0.1408713459968567,false_accept
/home/lorenzo/Documenti/GitHub/HandVerify/datasets/processed-handwritten/rimes_processed/train2011-425/mosaic_000.png,/home/lorenzo/Documenti/GitHub/HandVerify/datasets/processed-handwritten/rimes_processed/train2011-759/batch_8556.png,impostor,0.8660739064216614,0.7360067367553711,0.13006716966629028,false_accept
/home/lorenzo/Documenti/GitHub/HandVerify/datasets/processed-handwritten/rimes_processed/eval2011-40/batch_229.png,/home/lorenzo/Documenti/GitHub/HandVerify/datasets/processed-handwritten/rimes_processed/train2011-390/batch_5900.png,impostor,0.9121999144554138,0.7360067367553711,0.17619317770004272,false_accept
/home/lorenzo/Documenti/GitHub/HandVerify/datasets/processed-handwritten/rimes_processed/train2011-1303/batch_2690.png,/home/lorenzo/Documenti/GitHub/HandVerify/datasets/processed-handwritten/rimes_processed/train2011-54/batch_7078.png,impostor,0.8917932510375977,0.7360067367553711,0.15578651428222656,false_accept
/home/lorenzo/Documenti/GitHub/HandVerify/datasets/processed-handwritten/rimes_processed/train2011-1103/batch_1337.png,/home/lorenzo/Documenti/GitHub/HandVerify/datasets/processed-handwritten/rimes_processed/train2011-1411/batch_3365.png,impostor,0.9689121246337891,0.7360067367553711,0.23290538787841797,false_accept
/home/lorenzo/Documenti/GitHub/HandVerify/datasets/processed-handwritten/rimes_processed/eval2011-33/batch_184.png,/home/lorenzo/Documenti/GitHub/HandVerify/datasets/processed-handwritten/rimes_processed/train2011-426/mosaic_001.png,impostor,0.7887415885925293,0.7360067367553711,0.0527348518371582,false_accept
/home/lorenzo/Documenti/GitHub/HandVerify/datasets/processed-handwritten/rimes_processed/train2011-1247/batch_2332.png,/home/lorenzo/Documenti/GitHub/HandVerify/datasets/processed-handwritten/rimes_processed/train2011-347/batch_5522.png,impostor,0.9344830513000488,0.7360067367553711,0.19847631454467773,false_accept
/home/lorenzo/Documenti/GitHub/HandVerify/datasets/processed-handwritten/rimes_processed/train2011-1200/batch_2020.png,/home/lorenzo/Documenti/GitHub/HandVerify/datasets/processed-handwritten/rimes_processed/train2011-523/batch_6891.png,impostor,0.7785310745239258,0.7360067367553711,0.04252433776855469,false_accept
/home/lorenzo/Documenti/GitHub/HandVerify/datasets/processed-handwritten/rimes_processed/train2011-1162/batch_1741.png,/home/lorenzo/Documenti/GitHub/HandVerify/datasets/processed-handwritten/rimes_processed/train2011-1308/batch_2725.png,impostor,0.8787157535552979,0.7360067367553711,0.14270901679992676,false_accept
/home/lorenzo/Documenti/GitHub/HandVerify/datasets/processed-handwritten/rimes_processed/train2011-32/batch_5367.png,/home/lorenzo/Documenti/GitHub/HandVerify/datasets/processed-handwritten/rimes_processed/train2011-646/batch_7736.png,impostor,0.9330472350120544,0.7360067367553711,0.19704049825668335,false_accept
/home/lorenzo/Documenti/GitHub/HandVerify/datasets/processed-handwritten/rimes_processed/train2011-702/batch_8176.png,/home/lorenzo/Documenti/GitHub/HandVerify/datasets/processed-handwritten/rimes_processed/train2011-940/batch_9694.png,impostor,0.9046850800514221,0.7360067367553711,0.16867834329605103,false_accept
/home/lorenzo/Documenti/GitHub/HandVerify/datasets/processed-handwritten/rimes_processed/train2011-1398/batch_3273.png,/home/lorenzo/Documenti/GitHub/HandVerify/datasets/processed-handwritten/rimes_processed/train2011-177/batch_4227.png,impostor,0.8252593278884888,0.7360067367553711,0.08925259113311768,false_accept
/home/lorenzo/Documenti/GitHub/HandVerify/datasets/processed-handwritten/rimes_processed/train2011-483/batch_6607.png,/home/lorenzo/Documenti/GitHub/HandVerify/datasets/processed-handwritten/rimes_processed/train2011-577/batch_7250.png,impostor,0.947869062423706,0.7360067367553711,0.21186232566833496,false_accept
/home/lorenzo/Documenti/GitHub/HandVerify/datasets/processed-handwritten/rimes_processed/train2011-1480/batch_3904.png,/home/lorenzo/Documenti/GitHub/HandVerify/datasets/processed-handwritten/rimes_processed/train2011-274/batch_4946.png,impostor,0.9923730492591858,0.7360067367553711,0.2563663125038147,false_accept
/home/lorenzo/Documenti/GitHub/HandVerify/datasets/processed-handwritten/rimes_processed/train2011-1177/mosaic_000.png,/home/lorenzo/Documenti/GitHub/HandVerify/datasets/processed-handwritten/rimes_processed/train2011-1180/batch_1870.png,impostor,0.882027804851532,0.7360067367553711,0.1460210680961609,false_accept
/home/lorenzo/Documenti/GitHub/HandVerify/datasets/processed-handwritten/rimes_processed/train2011-1266/mosaic_000.png,/home/lorenzo/Documenti/GitHub/HandVerify/datasets/processed-handwritten/rimes_processed/train2011-834/batch_9066.png,impostor,0.8851147294044495,0.7360067367553711,0.14910799264907837,false_accept
/home/lorenzo/Documenti/GitHub/HandVerify/datasets/processed-handwritten/rimes_processed/train2011-106/batch_1108.png,/home/lorenzo/Documenti/GitHub/HandVerify/datasets/processed-handwritten/rimes_processed/train2011-1245/mosaic_002.png,impostor,0.8806989789009094,0.7360067367553711,0.14469224214553833,false_accept
/home/lorenzo/Documenti/GitHub/HandVerify/datasets/processed-handwritten/rimes_processed/train2011-646/batch_7734.png,/home/lorenzo/Documenti/GitHub/HandVerify/datasets/processed-handwritten/rimes_processed/train2011-753/batch_8518.png,impostor,0.8832565546035767,0.7360067367553711,0.14724981784820557,false_accept
/home/lorenzo/Documenti/GitHub/HandVerify/datasets/processed-handwritten/rimes_processed/train2011-1332/batch_2899.png,/home/lorenzo/Documenti/GitHub/HandVerify/datasets/processed-handwritten/rimes_processed/train2011-326/batch_5330.png,impostor,0.7401840686798096,0.7360067367553711,0.0041773319244384766,false_accept
/home/lorenzo/Documenti/GitHub/HandVerify/datasets/processed-handwritten/rimes_processed/train2011-1302/mosaic_000.png,/home/lorenzo/Documenti/GitHub/HandVerify/datasets/processed-handwritten/rimes_processed/train2011-1325/mosaic_001.png,impostor,0.8235896229743958,0.7360067367553711,0.08758288621902466,false_accept
/home/lorenzo/Documenti/GitHub/HandVerify/datasets/processed-handwritten/rimes_processed/train2011-1262/mosaic_001.png,/home/lorenzo/Documenti/GitHub/HandVerify/datasets/processed-handwritten/rimes_processed/train2011-1262/batch_2440.png,genuine,0.6795176863670349,0.7360067367553711,-0.05648905038833618,false_reject
/home/lorenzo/Documenti/GitHub/HandVerify/datasets/processed-handwritten/rimes_processed/train2011-571/batch_7223.png,/home/lorenzo/Documenti/GitHub/HandVerify/datasets/processed-handwritten/rimes_processed/train2011-991/batch_10009.png,impostor,0.9721984267234802,0.7360067367553711,0.23619168996810913,false_accept
/home/lorenzo/Documenti/GitHub/HandVerify/datasets/processed-handwritten/rimes_processed/train2011-1042/batch_928.png,/home/lorenzo/Documenti/GitHub/HandVerify/datasets/processed-handwritten/rimes_processed/train2011-583/mosaic_000.png,impostor,0.8167875409126282,0.7360067367553711,0.08078080415725708,false_accept
/home/lorenzo/Documenti/GitHub/HandVerify/datasets/processed-handwritten/rimes_processed/train2011-1452/mosaic_001.png,/home/lorenzo/Documenti/GitHub/HandVerify/datasets/processed-handwritten/rimes_processed/train2011-1452/batch_3662.png,genuine,0.28545162081718445,0.7360067367553711,-0.45055511593818665,false_reject
/home/lorenzo/Documenti/GitHub/HandVerify/datasets/processed-handwritten/rimes_processed/train2011-1357/batch_3026.png,/home/lorenzo/Documenti/GitHub/HandVerify/datasets/processed-handwritten/rimes_processed/train2011-929/batch_9627.png,impostor,0.9163495302200317,0.7360067367553711,0.18034279346466064,false_accept
/home/lorenzo/Documenti/GitHub/HandVerify/datasets/processed-handwritten/rimes_processed/train2011-1457/batch_3690.png,/home/lorenzo/Documenti/GitHub/HandVerify/datasets/processed-handwritten/rimes_processed/train2011-8/batch_9460.png,impostor,0.7923529744148254,0.7360067367553711,0.056346237659454346,false_accept
/home/lorenzo/Documenti/GitHub/HandVerify/datasets/processed-handwritten/rimes_processed/train2011-1029/batch_839.png,/home/lorenzo/Documenti/GitHub/HandVerify/datasets/processed-handwritten/rimes_processed/train2011-1287/batch_2586.png,impostor,0.866315484046936,0.7360067367553711,0.13030874729156494,false_accept
/home/lorenzo/Documenti/GitHub/HandVerify/datasets/processed-handwritten/rimes_processed/train2011-1225/mosaic_000.png,/home/lorenzo/Documenti/GitHub/HandVerify/datasets/processed-handwritten/rimes_processed/train2011-696/batch_8130.png,impostor,0.8988205194473267,0.7360067367553711,0.16281378269195557,false_accept
/home/lorenzo/Documenti/GitHub/HandVerify/datasets/processed-handwritten/rimes_processed/train2011-1072/mosaic_000.png,/home/lorenzo/Documenti/GitHub/HandVerify/datasets/processed-handwritten/rimes_processed/train2011-900/batch_9466.png,impostor,0.796471357345581,0.7360067367553711,0.06046462059020996,false_accept
/home/lorenzo/Documenti/GitHub/HandVerify/datasets/processed-handwritten/rimes_processed/train2011-453/batch_6395.png,/home/lorenzo/Documenti/GitHub/HandVerify/datasets/processed-handwritten/rimes_processed/train2011-774/batch_8667.png,impostor,0.869205892086029,0.7360067367553711,0.13319915533065796,false_accept
/home/lorenzo/Documenti/GitHub/HandVerify/datasets/processed-handwritten/rimes_processed/train2011-1221/mosaic_002.png,/home/lorenzo/Documenti/GitHub/HandVerify/datasets/processed-handwritten/rimes_processed/train2011-157/batch_4090.png,impostor,0.7526678442955017,0.7360067367553711,0.016661107540130615,false_accept
/home/lorenzo/Documenti/GitHub/HandVerify/datasets/processed-handwritten/rimes_processed/train2011-1436/mosaic_001.png,/home/lorenzo/Documenti/GitHub/HandVerify/datasets/processed-handwritten/rimes_processed/train2011-667/batch_7891.png,impostor,0.780424952507019,0.7360067367553711,0.04441821575164795,false_accept
/home/lorenzo/Documenti/GitHub/HandVerify/datasets/processed-handwritten/rimes_processed/train2011-1165/batch_1757.png,/home/lorenzo/Documenti/GitHub/HandVerify/datasets/processed-handwritten/rimes_processed/train2011-512/batch_6827.png,impostor,0.8154395222663879,0.7360067367553711,0.07943278551101685,false_accept
/home/lorenzo/Documenti/GitHub/HandVerify/datasets/processed-handwritten/rimes_processed/eval2011-76/batch_482.png,/home/lorenzo/Documenti/GitHub/HandVerify/datasets/processed-handwritten/rimes_processed/train2011-1458/batch_3706.png,impostor,0.8871914744377136,0.7360067367553711,0.15118473768234253,false_accept
/home/lorenzo/Documenti/GitHub/HandVerify/datasets/processed-handwritten/rimes_processed/eval2011-42/batch_244.png,/home/lorenzo/Documenti/GitHub/HandVerify/datasets/processed-handwritten/rimes_processed/train2011-814/batch_8957.png,impostor,0.9290153980255127,0.7360067367553711,0.1930086612701416,false_accept
/home/lorenzo/Documenti/GitHub/HandVerify/datasets/processed-handwritten/rimes_processed/train2011-1/batch_4393.png,/home/lorenzo/Documenti/GitHub/HandVerify/datasets/processed-handwritten/rimes_processed/train2011-29/batch_5129.png,impostor,0.8856103420257568,0.7360067367553711,0.14960360527038574,false_accept
/home/lorenzo/Documenti/GitHub/HandVerify/datasets/processed-handwritten/rimes_processed/train2011-1098/mosaic_000.png,/home/lorenzo/Documenti/GitHub/HandVerify/datasets/processed-handwritten/rimes_processed/train2011-1333/batch_2909.png,impostor,0.801218569278717,0.7360067367553711,0.06521183252334595,false_accept
/home/lorenzo/Documenti/GitHub/HandVerify/datasets/processed-handwritten/rimes_processed/train2011-45/batch_6429.png,/home/lorenzo/Documenti/GitHub/HandVerify/datasets/processed-handwritten/rimes_processed/train2011-798/batch_8831.png,impostor,0.9146432876586914,0.7360067367553711,0.1786365509033203,false_accept
/home/lorenzo/Documenti/GitHub/HandVerify/datasets/processed-handwritten/rimes_processed/train2011-485/batch_6619.png,/home/lorenzo/Documenti/GitHub/HandVerify/datasets/processed-handwritten/rimes_processed/train2011-796/batch_8817.png,impostor,0.9061575531959534,0.7360067367553711,0.17015081644058228,false_accept
/home/lorenzo/Documenti/GitHub/HandVerify/datasets/processed-handwritten/rimes_processed/train2011-595/batch_7364.png,/home/lorenzo/Documenti/GitHub/HandVerify/datasets/processed-handwritten/rimes_processed/train2011-947/batch_9736.png,impostor,0.9828054904937744,0.7360067367553711,0.24679875373840332,false_accept
/home/lorenzo/Documenti/GitHub/HandVerify/datasets/processed-handwritten/rimes_processed/train2011-1121/batch_1459.png,/home/lorenzo/Documenti/GitHub/HandVerify/datasets/processed-handwritten/rimes_processed/train2011-331/mosaic_000.png,impostor,0.8153198957443237,0.7360067367553711,0.07931315898895264,false_accept
/home/lorenzo/Documenti/GitHub/HandVerify/datasets/processed-handwritten/rimes_processed/train2011-157/batch_4092.png,/home/lorenzo/Documenti/GitHub/HandVerify/datasets/processed-handwritten/rimes_processed/train2011-864/batch_9230.png,impostor,0.898539125919342,0.7360067367553711,0.16253238916397095,false_accept
/home/lorenzo/Documenti/GitHub/HandVerify/datasets/processed-handwritten/rimes_processed/train2011-380/batch_5824.png,/home/lorenzo/Documenti/GitHub/HandVerify/datasets/processed-handwritten/rimes_processed/train2011-380/mosaic_001.png,genuine,0.6408319473266602,0.7360067367553711,-0.09517478942871094,false_reject
/home/lorenzo/Documenti/GitHub/HandVerify/datasets/processed-handwritten/rimes_processed/eval2011-3/mosaic_002.png,/home/lorenzo/Documenti/GitHub/HandVerify/datasets/processed-handwritten/rimes_processed/train2011-66/batch_7910.png,impostor,0.8648667931556702,0.7360067367553711,0.12886005640029907,false_accept
/home/lorenzo/Documenti/GitHub/HandVerify/datasets/processed-handwritten/rimes_processed/train2011-1458/batch_3705.png,/home/lorenzo/Documenti/GitHub/HandVerify/datasets/processed-handwritten/rimes_processed/train2011-96/batch_9864.png,impostor,0.9343867301940918,0.7360067367553711,0.1983799934387207,false_accept
/home/lorenzo/Documenti/GitHub/HandVerify/datasets/processed-handwritten/rimes_processed/eval2011-58/batch_348.png,/home/lorenzo/Documenti/GitHub/HandVerify/datasets/processed-handwritten/rimes_processed/train2011-686/batch_8046.png,impostor,0.9460629820823669,0.7360067367553711,0.21005624532699585,false_accept
/home/lorenzo/Documenti/GitHub/HandVerify/datasets/processed-handwritten/rimes_processed/train2011-228/batch_4596.png,/home/lorenzo/Documenti/GitHub/HandVerify/datasets/processed-handwritten/rimes_processed/train2011-771/batch_8651.png,impostor,0.8078701496124268,0.7360067367553711,0.07186341285705566,false_accept
/home/lorenzo/Documenti/GitHub/HandVerify/datasets/processed-handwritten/rimes_processed/train2011-1/batch_4389.png,/home/lorenzo/Documenti/GitHub/HandVerify/datasets/processed-handwritten/rimes_processed/train2011-162/batch_4122.png,impostor,0.8084378838539124,0.7360067367553711,0.07243114709854126,false_accept
/home/lorenzo/Documenti/GitHub/HandVerify/datasets/processed-handwritten/rimes_processed/train2011-263/batch_4869.png,/home/lorenzo/Documenti/GitHub/HandVerify/datasets/processed-handwritten/rimes_processed/train2011-559/batch_7142.png,impostor,0.8914979696273804,0.7360067367553711,0.15549123287200928,false_accept
/home/lorenzo/Documenti/GitHub/HandVerify/datasets/processed-handwritten/rimes_processed/train2011-1346/mosaic_000.png,/home/lorenzo/Documenti/GitHub/HandVerify/datasets/processed-handwritten/rimes_processed/train2011-351/mosaic_002.png,impostor,0.9149079918861389,0.7360067367553711,0.17890125513076782,false_accept
/home/lorenzo/Documenti/GitHub/HandVerify/datasets/processed-handwritten/rimes_processed/train2011-68/mosaic_000.png,/home/lorenzo/Documenti/GitHub/HandVerify/datasets/processed-handwritten/rimes_processed/train2011-753/mosaic_002.png,impostor,0.9348267316818237,0.7360067367553711,0.19881999492645264,false_accept
/home/lorenzo/Documenti/GitHub/HandVerify/datasets/processed-handwritten/rimes_processed/train2011-417/batch_6121.png,/home/lorenzo/Documenti/GitHub/HandVerify/datasets/processed-handwritten/rimes_processed/train2011-625/batch_7585.png,impostor,0.9598490595817566,0.7360067367553711,0.2238423228263855,false_accept
/home/lorenzo/Documenti/GitHub/HandVerify/datasets/processed-handwritten/rimes_processed/eval2011-32/batch_168.png,/home/lorenzo/Documenti/GitHub/HandVerify/datasets/processed-handwritten/rimes_processed/train2011-443/mosaic_001.png,impostor,0.8417274355888367,0.7360067367553711,0.10572069883346558,false_accept
/home/lorenzo/Documenti/GitHub/HandVerify/datasets/processed-handwritten/rimes_processed/eval2011-38/mosaic_000.png,/home/lorenzo/Documenti/GitHub/HandVerify/datasets/processed-handwritten/rimes_processed/train2011-138/batch_3231.png,impostor,0.794906735420227,0.7360067367553711,0.05889999866485596,false_accept
/home/lorenzo/Documenti/GitHub/HandVerify/datasets/processed-handwritten/rimes_processed/train2011-28/batch_5061.png,/home/lorenzo/Documenti/GitHub/HandVerify/datasets/processed-handwritten/rimes_processed/train2011-5/batch_7411.png,impostor,0.9503055810928345,0.7360067367553711,0.21429884433746338,false_accept
/home/lorenzo/Documenti/GitHub/HandVerify/datasets/processed-handwritten/rimes_processed/train2011-757/mosaic_000.png,/home/lorenzo/Documenti/GitHub/HandVerify/datasets/processed-handwritten/rimes_processed/train2011-827/mosaic_000.png,impostor,0.9251377582550049,0.7360067367553711,0.1891310214996338,false_accept
/home/lorenzo/Documenti/GitHub/HandVerify/datasets/processed-handwritten/rimes_processed/eval2011-40/batch_231.png,/home/lorenzo/Documenti/GitHub/HandVerify/datasets/processed-handwritten/rimes_processed/train2011-1457/batch_3689.png,impostor,0.8611196875572205,0.7360067367553711,0.12511295080184937,false_accept
/home/lorenzo/Documenti/GitHub/HandVerify/datasets/processed-handwritten/rimes_processed/train2011-593/mosaic_000.png,/home/lorenzo/Documenti/GitHub/HandVerify/datasets/processed-handwritten/rimes_processed/train2011-655/batch_7804.png,impostor,0.7469208240509033,0.7360067367553711,0.010914087295532227,false_accept
/home/lorenzo/Documenti/GitHub/HandVerify/datasets/processed-handwritten/rimes_processed/train2011-268/batch_4899.png,/home/lorenzo/Documenti/GitHub/HandVerify/datasets/processed-handwritten/rimes_processed/train2011-582/batch_7277.png,impostor,0.8831952214241028,0.7360067367553711,0.1471884846687317,false_accept
/home/lorenzo/Documenti/GitHub/HandVerify/datasets/processed-handwritten/rimes_processed/eval2011-99/batch_645.png,/home/lorenzo/Documenti/GitHub/HandVerify/datasets/processed-handwritten/rimes_processed/train2011-364/mosaic_001.png,impostor,0.8739339113235474,0.7360067367553711,0.13792717456817627,false_accept
/home/lorenzo/Documenti/GitHub/HandVerify/datasets/processed-handwritten/rimes_processed/train2011-344/batch_5500.png,/home/lorenzo/Documenti/GitHub/HandVerify/datasets/processed-handwritten/rimes_processed/train2011-568/mosaic_000.png,impostor,0.7804017066955566,0.7360067367553711,0.04439496994018555,false_accept
/home/lorenzo/Documenti/GitHub/HandVerify/datasets/processed-handwritten/rimes_processed/train2011-462/batch_6456.png,/home/lorenzo/Documenti/GitHub/HandVerify/datasets/processed-handwritten/rimes_processed/train2011-981/mosaic_001.png,impostor,0.7806573510169983,0.7360067367553711,0.0446506142616272,false_accept
/home/lorenzo/Documenti/GitHub/HandVerify/datasets/processed-handwritten/rimes_processed/train2011-139/batch_3285.png,/home/lorenzo/Documenti/GitHub/HandVerify/datasets/processed-handwritten/rimes_processed/train2011-139/mosaic_002.png,genuine,0.6935667991638184,0.7360067367553711,-0.042439937591552734,false_reject
/home/lorenzo/Documenti/GitHub/HandVerify/datasets/processed-handwritten/rimes_processed/train2011-1143/batch_1596.png,/home/lorenzo/Documenti/GitHub/HandVerify/datasets/processed-handwritten/rimes_processed/train2011-318/mosaic_001.png,impostor,0.8786279559135437,0.7360067367553711,0.1426212191581726,false_accept
/home/lorenzo/Documenti/GitHub/HandVerify/datasets/processed-handwritten/rimes_processed/train2011-487/batch_6640.png,/home/lorenzo/Documenti/GitHub/HandVerify/datasets/processed-handwritten/rimes_processed/train2011-500/mosaic_002.png,impostor,0.8730527758598328,0.7360067367553711,0.13704603910446167,false_accept
/home/lorenzo/Documenti/GitHub/HandVerify/datasets/processed-handwritten/rimes_processed/train2011-1460/batch_3717.png,/home/lorenzo/Documenti/GitHub/HandVerify/datasets/processed-handwritten/rimes_processed/train2011-1460/batch_3721.png,genuine,0.4224082827568054,0.7360067367553711,-0.3135984539985657,false_reject
/home/lorenzo/Documenti/GitHub/HandVerify/datasets/processed-handwritten/rimes_processed/train2011-295/batch_5094.png,/home/lorenzo/Documenti/GitHub/HandVerify/datasets/processed-handwritten/rimes_processed/train2011-783/batch_8739.png,impostor,0.9312400817871094,0.7360067367553711,0.19523334503173828,false_accept
/home/lorenzo/Documenti/GitHub/HandVerify/datasets/processed-handwritten/rimes_processed/train2011-204/batch_4425.png,/home/lorenzo/Documenti/GitHub/HandVerify/datasets/processed-handwritten/rimes_processed/train2011-318/batch_5265.png,impostor,0.8268839120864868,0.7360067367553711,0.09087717533111572,false_accept
/home/lorenzo/Documenti/GitHub/HandVerify/datasets/processed-handwritten/rimes_processed/eval2011-2/batch_156.png,/home/lorenzo/Documenti/GitHub/HandVerify/datasets/processed-handwritten/rimes_processed/train2011-1464/batch_3763.png,impostor,0.7983421087265015,0.7360067367553711,0.06233537197113037,false_accept
/home/lorenzo/Documenti/GitHub/HandVerify/datasets/processed-handwritten/rimes_processed/train2011-1082/mosaic_000.png,/home/lorenzo/Documenti/GitHub/HandVerify/datasets/processed-handwritten/rimes_processed/train2011-218/mosaic_001.png,impostor,0.9211408495903015,0.7360067367553711,0.18513411283493042,false_accept
/home/lorenzo/Documenti/GitHub/HandVerify/datasets/processed-handwritten/rimes_processed/train2011-1304/batch_2696.png,/home/lorenzo/Documenti/GitHub/HandVerify/datasets/processed-handwritten/rimes_processed/train2011-401/batch_5994.png,impostor,0.8616135716438293,0.7360067367553711,0.12560683488845825,false_accept
/home/lorenzo/Documenti/GitHub/HandVerify/datasets/processed-handwritten/rimes_processed/train2011-139/batch_3287.png,/home/lorenzo/Documenti/GitHub/HandVerify/datasets/processed-handwritten/rimes_processed/train2011-698/batch_8143.png,impostor,0.9350581169128418,0.7360067367553711,0.1990513801574707,false_accept
/home/lorenzo/Documenti/GitHub/HandVerify/datasets/processed-handwritten/rimes_processed/train2011-433/mosaic_000.png,/home/lorenzo/Documenti/GitHub/HandVerify/datasets/processed-handwritten/rimes_processed/train2011-433/batch_6252.png,genuine,0.6700829863548279,0.7360067367553711,-0.06592375040054321,false_reject
/home/lorenzo/Documenti/GitHub/HandVerify/datasets/processed-handwritten/rimes_processed/train2011-1306/mosaic_001.png,/home/lorenzo/Documenti/GitHub/HandVerify/datasets/processed-handwritten/rimes_processed/train2011-324/batch_5319.png,impostor,0.8019261956214905,0.7360067367553711,0.06591945886611938,false_accept
/home/lorenzo/Documenti/GitHub/HandVerify/datasets/processed-handwritten/rimes_processed/train2011-1430/batch_3513.png,/home/lorenzo/Documenti/GitHub/HandVerify/datasets/processed-handwritten/rimes_processed/train2011-1430/mosaic_000.png,genuine,0.6253348588943481,0.7360067367553711,-0.11067187786102295,false_reject
/home/lorenzo/Documenti/GitHub/HandVerify/datasets/processed-handwritten/rimes_processed/train2011-1113/batch_1415.png,/home/lorenzo/Documenti/GitHub/HandVerify/datasets/processed-handwritten/rimes_processed/train2011-892/batch_9404.png,impostor,0.9529570937156677,0.7360067367553711,0.21695035696029663,false_accept
/home/lorenzo/Documenti/GitHub/HandVerify/datasets/processed-handwritten/rimes_processed/train2011-487/batch_6642.png,/home/lorenzo/Documenti/GitHub/HandVerify/datasets/processed-handwritten/rimes_processed/train2011-487/mosaic_000.png,genuine,0.5482795834541321,0.7360067367553711,-0.187727153301239,false_reject
/home/lorenzo/Documenti/GitHub/HandVerify/datasets/processed-handwritten/rimes_processed/train2011-1314/batch_2787.png,/home/lorenzo/Documenti/GitHub/HandVerify/datasets/processed-handwritten/rimes_processed/train2011-1457/mosaic_002.png,impostor,0.8463451266288757,0.7360067367553711,0.11033838987350464,false_accept
/home/lorenzo/Documenti/GitHub/HandVerify/datasets/processed-handwritten/rimes_processed/train2011-1257/mosaic_001.png,/home/lorenzo/Documenti/GitHub/HandVerify/datasets/processed-handwritten/rimes_processed/train2011-1314/batch_2782.png,impostor,0.7575345635414124,0.7360067367553711,0.02152782678604126,false_accept
/home/lorenzo/Documenti/GitHub/HandVerify/datasets/processed-handwritten/rimes_processed/eval2011-12/batch_024.png,/home/lorenzo/Documenti/GitHub/HandVerify/datasets/processed-handwritten/rimes_processed/eval2011-73/batch_462.png,impostor,0.9600837230682373,0.7360067367553711,0.2240769863128662,false_accept
/home/lorenzo/Documenti/GitHub/HandVerify/datasets/processed-handwritten/rimes_processed/train2011-307/mosaic_001.png,/home/lorenzo/Documenti/GitHub/HandVerify/datasets/processed-handwritten/rimes_processed/train2011-403/batch_6006.png,impostor,0.7713879346847534,0.7360067367553711,0.035381197929382324,false_accept
/home/lorenzo/Documenti/GitHub/HandVerify/datasets/processed-handwritten/rimes_processed/train2011-1194/batch_1973.png,/home/lorenzo/Documenti/GitHub/HandVerify/datasets/processed-handwritten/rimes_processed/train2011-276/batch_4979.png,impostor,0.9823991060256958,0.7360067367553711,0.2463923692703247,false_accept
/home/lorenzo/Documenti/GitHub/HandVerify/datasets/processed-handwritten/rimes_processed/train2011-160/batch_4113.png,/home/lorenzo/Documenti/GitHub/HandVerify/datasets/processed-handwritten/rimes_processed/train2011-668/batch_7901.png,impostor,0.8007735013961792,0.7360067367553711,0.0647667646408081,false_accept
/home/lorenzo/Documenti/GitHub/HandVerify/datasets/processed-handwritten/rimes_processed/train2011-1053/batch_993.png,/home/lorenzo/Documenti/GitHub/HandVerify/datasets/processed-handwritten/rimes_processed/train2011-915/batch_9549.png,impostor,0.8134828805923462,0.7360067367553711,0.0774761438369751,false_accept
/home/lorenzo/Documenti/GitHub/HandVerify/datasets/processed-handwritten/rimes_processed/train2011-1090/batch_1238.png,/home/lorenzo/Documenti/GitHub/HandVerify/datasets/processed-handwritten/rimes_processed/train2011-692/batch_8083.png,impostor,0.9337400794029236,0.7360067367553711,0.1977333426475525,false_accept
/home/lorenzo/Documenti/GitHub/HandVerify/datasets/processed-handwritten/rimes_processed/eval2011-73/batch_457.png,/home/lorenzo/Documenti/GitHub/HandVerify/datasets/processed-handwritten/rimes_processed/train2011-364/batch_5677.png,impostor,0.9711975455284119,0.7360067367553711,0.23519080877304077,false_accept
/home/lorenzo/Documenti/GitHub/HandVerify/datasets/processed-handwritten/rimes_processed/train2011-973/batch_9883.png,/home/lorenzo/Documenti/GitHub/HandVerify/datasets/processed-handwritten/rimes_processed/train2011-973/batch_9879.png,genuine,0.6147701740264893,0.7360067367553711,-0.12123656272888184,false_reject
/home/lorenzo/Documenti/GitHub/HandVerify/datasets/processed-handwritten/rimes_processed/train2011-1119/batch_1441.png,/home/lorenzo/Documenti/GitHub/HandVerify/datasets/processed-handwritten/rimes_processed/train2011-1257/batch_2409.png,impostor,0.9409692883491516,0.7360067367553711,0.20496255159378052,false_accept
/home/lorenzo/Documenti/GitHub/HandVerify/datasets/processed-handwritten/rimes_processed/train2011-1292/batch_2617.png,/home/lorenzo/Documenti/GitHub/HandVerify/datasets/processed-handwritten/rimes_processed/train2011-985/batch_9965.png,impostor,0.7737126350402832,0.7360067367553711,0.03770589828491211,false_accept
/home/lorenzo/Documenti/GitHub/HandVerify/datasets/processed-handwritten/rimes_processed/train2011-1053/mosaic_000.png,/home/lorenzo/Documenti/GitHub/HandVerify/datasets/processed-handwritten/rimes_processed/train2011-361/mosaic_000.png,impostor,0.9292199611663818,0.7360067367553711,0.19321322441101074,false_accept
/home/lorenzo/Documenti/GitHub/HandVerify/datasets/processed-handwritten/rimes_processed/train2011-0/batch_660.png,/home/lorenzo/Documenti/GitHub/HandVerify/datasets/processed-handwritten/rimes_processed/train2011-195/batch_4356.png,impostor,0.9404496550559998,0.7360067367553711,0.20444291830062866,false_accept
/home/lorenzo/Documenti/GitHub/HandVerify/datasets/processed-handwritten/rimes_processed/train2011-471/batch_6521.png,/home/lorenzo/Documenti/GitHub/HandVerify/datasets/processed-handwritten/rimes_processed/train2011-471/batch_6519.png,genuine,0.43555715680122375,0.7360067367553711,-0.30044957995414734,false_reject
/home/lorenzo/Documenti/GitHub/HandVerify/datasets/processed-handwritten/rimes_processed/train2011-531/batch_6953.png,/home/lorenzo/Documenti/GitHub/HandVerify/datasets/processed-handwritten/rimes_processed/train2011-703/batch_8178.png,impostor,0.9776784181594849,0.7360067367553711,0.24167168140411377,false_accept
/home/lorenzo/Documenti/GitHub/HandVerify/datasets/processed-handwritten/rimes_processed/train2011-573/batch_7237.png,/home/lorenzo/Documenti/GitHub/HandVerify/datasets/processed-handwritten/rimes_processed/train2011-964/batch_9830.png,impostor,0.926358163356781,0.7360067367553711,0.1903514266014099,false_accept
/home/lorenzo/Documenti/GitHub/HandVerify/datasets/processed-handwritten/rimes_processed/train2011-264/batch_4875.png,/home/lorenzo/Documenti/GitHub/HandVerify/datasets/processed-handwritten/rimes_processed/train2011-66/batch_7910.png,impostor,0.84770667552948,0.7360067367553711,0.11169993877410889,false_accept
/home/lorenzo/Documenti/GitHub/HandVerify/datasets/processed-handwritten/rimes_processed/train2011-694/batch_8104.png,/home/lorenzo/Documenti/GitHub/HandVerify/datasets/processed-handwritten/rimes_processed/train2011-84/mosaic_000.png,impostor,0.7427018284797668,0.7360067367553711,0.006695091724395752,false_accept
/home/lorenzo/Documenti/GitHub/HandVerify/datasets/processed-handwritten/rimes_processed/train2011-759/batch_8554.png,/home/lorenzo/Documenti/GitHub/HandVerify/datasets/processed-handwritten/rimes_processed/train2011-913/batch_9537.png,impostor,0.7950116395950317,0.7360067367553711,0.059004902839660645,false_accept
/home/lorenzo/Documenti/GitHub/HandVerify/datasets/processed-handwritten/rimes_processed/train2011-1154/batch_1685.png,/home/lorenzo/Documenti/GitHub/HandVerify/datasets/processed-handwritten/rimes_processed/train2011-95/batch_9804.png,impostor,0.8808093070983887,0.7360067367553711,0.14480257034301758,false_accept
/home/lorenzo/Documenti/GitHub/HandVerify/datasets/processed-handwritten/rimes_processed/train2011-275/mosaic_001.png,/home/lorenzo/Documenti/GitHub/HandVerify/datasets/processed-handwritten/rimes_processed/train2011-275/batch_4957.png,genuine,0.6131058931350708,0.7360067367553711,-0.12290084362030029,false_reject
/home/lorenzo/Documenti/GitHub/HandVerify/datasets/processed-handwritten/rimes_processed/train2011-334/batch_5407.png,/home/lorenzo/Documenti/GitHub/HandVerify/datasets/processed-handwritten/rimes_processed/train2011-760/batch_8565.png,impostor,0.7882785797119141,0.7360067367553711,0.05227184295654297,false_accept
/home/lorenzo/Documenti/GitHub/HandVerify/datasets/processed-handwritten/rimes_processed/train2011-1144/batch_1606.png,/home/lorenzo/Documenti/GitHub/HandVerify/datasets/processed-handwritten/rimes_processed/train2011-850/batch_9152.png,impostor,0.9550197720527649,0.7360067367553711,0.2190130352973938,false_accept
/home/lorenzo/Documenti/GitHub/HandVerify/datasets/processed-handwritten/rimes_processed/train2011-255/batch_4823.png,/home/lorenzo/Documenti/GitHub/HandVerify/datasets/processed-handwritten/rimes_processed/train2011-255/mosaic_002.png,genuine,0.7268335819244385,0.7360067367553711,-0.009173154830932617,false_reject
/home/lorenzo/Documenti/GitHub/HandVerify/datasets/processed-handwritten/rimes_processed/train2011-1109/batch_1371.png,/home/lorenzo/Documenti/GitHub/HandVerify/datasets/processed-handwritten/rimes_processed/train2011-672/batch_7945.png,impostor,0.9746531844139099,0.7360067367553711,0.23864644765853882,false_accept
/home/lorenzo/Documenti/GitHub/HandVerify/datasets/processed-handwritten/rimes_processed/train2011-1144/mosaic_000.png,/home/lorenzo/Documenti/GitHub/HandVerify/datasets/processed-handwritten/rimes_processed/train2011-412/batch_6083.png,impostor,0.8568593859672546,0.7360067367553711,0.12085264921188354,false_accept
/home/lorenzo/Documenti/GitHub/HandVerify/datasets/processed-handwritten/rimes_processed/train2011-1165/batch_1763.png,/home/lorenzo/Documenti/GitHub/HandVerify/datasets/processed-handwritten/rimes_processed/train2011-143/mosaic_000.png,impostor,0.8896161913871765,0.7360067367553711,0.15360945463180542,false_accept
/home/lorenzo/Documenti/GitHub/HandVerify/datasets/processed-handwritten/rimes_processed/eval2011-36/batch_201.png,/home/lorenzo/Documenti/GitHub/HandVerify/datasets/processed-handwritten/rimes_processed/train2011-19/batch_4377.png,impostor,0.7932827472686768,0.7360067367553711,0.057276010513305664,false_accept
/home/lorenzo/Documenti/GitHub/HandVerify/datasets/processed-handwritten/rimes_processed/train2011-900/batch_9463.png,/home/lorenzo/Documenti/GitHub/HandVerify/datasets/processed-handwritten/rimes_processed/train2011-900/mosaic_000.png,genuine,0.6706094741821289,0.7360067367553711,-0.06539726257324219,false_reject
/home/lorenzo/Documenti/GitHub/HandVerify/datasets/processed-handwritten/rimes_processed/train2011-334/batch_5410.png,/home/lorenzo/Documenti/GitHub/HandVerify/datasets/processed-handwritten/rimes_processed/train2011-724/batch_8314.png,impostor,0.9030468463897705,0.7360067367553711,0.16704010963439941,false_accept
/home/lorenzo/Documenti/GitHub/HandVerify/datasets/processed-handwritten/rimes_processed/train2011-1098/mosaic_001.png,/home/lorenzo/Documenti/GitHub/HandVerify/datasets/processed-handwritten/rimes_processed/train2011-995/mosaic_000.png,impostor,0.9429104328155518,0.7360067367553711,0.20690369606018066,false_accept
/home/lorenzo/Documenti/GitHub/HandVerify/datasets/processed-handwritten/rimes_processed/eval2011-43/batch_257.png,/home/lorenzo/Documenti/GitHub/HandVerify/datasets/processed-handwritten/rimes_processed/train2011-1271/batch_2484.png,impostor,0.8010978698730469,0.7360067367553711,0.06509113311767578,false_accept
/home/lorenzo/Documenti/GitHub/HandVerify/datasets/processed-handwritten/rimes_processed/train2011-1084/batch_1186.png,/home/lorenzo/Documenti/GitHub/HandVerify/datasets/processed-handwritten/rimes_processed/train2011-1419/batch_3423.png,impostor,0.9674746990203857,0.7360067367553711,0.23146796226501465,false_accept
/home/lorenzo/Documenti/GitHub/HandVerify/datasets/processed-handwritten/rimes_processed/train2011-535/batch_6973.png,/home/lorenzo/Documenti/GitHub/HandVerify/datasets/processed-handwritten/rimes_processed/train2011-894/batch_9423.png,impostor,0.9230284690856934,0.7360067367553711,0.18702173233032227,false_accept
/home/lorenzo/Documenti/GitHub/HandVerify/datasets/processed-handwritten/rimes_processed/eval2011-93/batch_607.png,/home/lorenzo/Documenti/GitHub/HandVerify/datasets/processed-handwritten/rimes_processed/train2011-993/batch_10022.png,impostor,0.9287186861038208,0.7360067367553711,0.1927119493484497,false_accept
/home/lorenzo/Documenti/GitHub/HandVerify/datasets/processed-handwritten/rimes_processed/train2011-1493/batch_3987.png,/home/lorenzo/Documenti/GitHub/HandVerify/datasets/processed-handwritten/rimes_processed/train2011-879/batch_9320.png,impostor,0.9564502835273743,0.7360067367553711,0.22044354677200317,false_accept
/home/lorenzo/Documenti/GitHub/HandVerify/datasets/processed-handwritten/rimes_processed/train2011-265/batch_4879.png,/home/lorenzo/Documenti/GitHub/HandVerify/datasets/processed-handwritten/rimes_processed/train2011-799/batch_8842.png,impostor,0.8951989412307739,0.7360067367553711,0.15919220447540283,false_accept
/home/lorenzo/Documenti/GitHub/HandVerify/datasets/processed-handwritten/rimes_processed/train2011-928/batch_9623.png,/home/lorenzo/Documenti/GitHub/HandVerify/datasets/processed-handwritten/rimes_processed/train2011-928/batch_9618.png,genuine,0.6956579089164734,0.7360067367553711,-0.040348827838897705,false_reject
/home/lorenzo/Documenti/GitHub/HandVerify/datasets/processed-handwritten/rimes_processed/train2011-1306/batch_2706.png,/home/lorenzo/Documenti/GitHub/HandVerify/datasets/processed-handwritten/rimes_processed/train2011-973/batch_9884.png,impostor,0.9672296047210693,0.7360067367553711,0.23122286796569824,false_accept
/home/lorenzo/Documenti/GitHub/HandVerify/datasets/processed-handwritten/rimes_processed/train2011-612/batch_7495.png,/home/lorenzo/Documenti/GitHub/HandVerify/datasets/processed-handwritten/rimes_processed/train2011-702/batch_8176.png,impostor,0.8500170707702637,0.7360067367553711,0.11401033401489258,false_accept
/home/lorenzo/Documenti/GitHub/HandVerify/datasets/processed-handwritten/rimes_processed/train2011-1087/batch_1212.png,/home/lorenzo/Documenti/GitHub/HandVerify/datasets/processed-handwritten/rimes_processed/train2011-1111/batch_1393.png,impostor,0.9664381146430969,0.7360067367553711,0.23043137788772583,false_accept
/home/lorenzo/Documenti/GitHub/HandVerify/datasets/processed-handwritten/rimes_processed/train2011-902/batch_9477.png,/home/lorenzo/Documenti/GitHub/HandVerify/datasets/processed-handwritten/rimes_processed/train2011-96/batch_9859.png,impostor,0.9571343064308167,0.7360067367553711,0.22112756967544556,false_accept
/home/lorenzo/Documenti/GitHub/HandVerify/datasets/processed-handwritten/rimes_processed/train2011-307/mosaic_001.png,/home/lorenzo/Documenti/GitHub/HandVerify/datasets/processed-handwritten/rimes_processed/train2011-78/batch_8777.png,impostor,0.897795557975769,0.7360067367553711,0.16178882122039795,false_accept
/home/lorenzo/Documenti/GitHub/HandVerify/datasets/processed-handwritten/rimes_processed/train2011-1468/batch_3806.png,/home/lorenzo/Documenti/GitHub/HandVerify/datasets/processed-handwritten/rimes_processed/train2011-97/batch_9927.png,impostor,0.9700974225997925,0.7360067367553711,0.2340906858444214,false_accept
/home/lorenzo/Documenti/GitHub/HandVerify/datasets/processed-handwritten/rimes_processed/train2011-498/mosaic_000.png,/home/lorenzo/Documenti/GitHub/HandVerify/datasets/processed-handwritten/rimes_processed/train2011-571/mosaic_001.png,impostor,0.9396141171455383,0.7360067367553711,0.20360738039016724,false_accept
/home/lorenzo/Documenti/GitHub/HandVerify/datasets/processed-handwritten/rimes_processed/train2011-1213/batch_2097.png,/home/lorenzo/Documenti/GitHub/HandVerify/datasets/processed-handwritten/rimes_processed/train2011-1426/batch_3467.png,impostor,0.7646383047103882,0.7360067367553711,0.02863156795501709,false_accept
/home/lorenzo/Documenti/GitHub/HandVerify/datasets/processed-handwritten/rimes_processed/train2011-1467/batch_3787.png,/home/lorenzo/Documenti/GitHub/HandVerify/datasets/processed-handwritten/rimes_processed/train2011-559/batch_7140.png,impostor,0.9506178498268127,0.7360067367553711,0.21461111307144165,false_accept
/home/lorenzo/Documenti/GitHub/HandVerify/datasets/processed-handwritten/rimes_processed/train2011-1106/batch_1353.png,/home/lorenzo/Documenti/GitHub/HandVerify/datasets/processed-handwritten/rimes_processed/train2011-825/batch_9016.png,impostor,0.7728914618492126,0.7360067367553711,0.03688472509384155,false_accept
/home/lorenzo/Documenti/GitHub/HandVerify/datasets/processed-handwritten/rimes_processed/train2011-1382/batch_3177.png,/home/lorenzo/Documenti/GitHub/HandVerify/datasets/processed-handwritten/rimes_processed/train2011-381/batch_5830.png,impostor,0.9037651419639587,0.7360067367553711,0.16775840520858765,false_accept
/home/lorenzo/Documenti/GitHub/HandVerify/datasets/processed-handwritten/rimes_processed/train2011-854/batch_9177.png,/home/lorenzo/Documenti/GitHub/HandVerify/datasets/processed-handwritten/rimes_processed/train2011-921/batch_9577.png,impostor,0.9660366773605347,0.7360067367553711,0.23002994060516357,false_accept
/home/lorenzo/Documenti/GitHub/HandVerify/datasets/processed-handwritten/rimes_processed/train2011-1064/batch_1069.png,/home/lorenzo/Documenti/GitHub/HandVerify/datasets/processed-handwritten/rimes_processed/train2011-840/mosaic_000.png,impostor,0.772159993648529,0.7360067367553711,0.03615325689315796,false_accept
/home/lorenzo/Documenti/GitHub/HandVerify/datasets/processed-handwritten/rimes_processed/train2011-1045/batch_945.png,/home/lorenzo/Documenti/GitHub/HandVerify/datasets/processed-handwritten/rimes_processed/train2011-119/batch_2007.png,impostor,0.7476203441619873,0.7360067367553711,0.011613607406616211,false_accept
/home/lorenzo/Documenti/GitHub/HandVerify/datasets/processed-handwritten/rimes_processed/train2011-1162/batch_1741.png,/home/lorenzo/Documenti/GitHub/HandVerify/datasets/processed-handwritten/rimes_processed/train2011-1162/mosaic_000.png,genuine,0.7305580973625183,0.7360067367553711,-0.005448639392852783,false_reject
/home/lorenzo/Documenti/GitHub/HandVerify/datasets/processed-handwritten/rimes_processed/train2011-303/batch_5157.png,/home/lorenzo/Documenti/GitHub/HandVerify/datasets/processed-handwritten/rimes_processed/train2011-378/mosaic_000.png,impostor,0.81917405128479,0.7360067367553711,0.08316731452941895,false_accept
/home/lorenzo/Documenti/GitHub/HandVerify/datasets/processed-handwritten/rimes_processed/train2011-426/batch_6187.png,/home/lorenzo/Documenti/GitHub/HandVerify/datasets/processed-handwritten/rimes_processed/train2011-591/batch_7344.png,impostor,0.8753182291984558,0.7360067367553711,0.13931149244308472,false_accept
/home/lorenzo/Documenti/GitHub/HandVerify/datasets/processed-handwritten/rimes_processed/train2011-33/mosaic_001.png,/home/lorenzo/Documenti/GitHub/HandVerify/datasets/processed-handwritten/rimes_processed/train2011-88/mosaic_001.png,impostor,0.8474129438400269,0.7360067367553711,0.11140620708465576,false_accept
/home/lorenzo/Documenti/GitHub/HandVerify/datasets/processed-handwritten/rimes_processed/train2011-938/mosaic_001.png,/home/lorenzo/Documenti/GitHub/HandVerify/datasets/processed-handwritten/rimes_processed/train2011-938/batch_9684.png,genuine,0.48528820276260376,0.7360067367553711,-0.25071853399276733,false_reject
/home/lorenzo/Documenti/GitHub/HandVerify/datasets/processed-handwritten/rimes_processed/train2011-1122/batch_1475.png,/home/lorenzo/Documenti/GitHub/HandVerify/datasets/processed-handwritten/rimes_processed/train2011-319/batch_5279.png,impostor,0.9480373859405518,0.7360067367553711,0.21203064918518066,false_accept
/home/lorenzo/Documenti/GitHub/HandVerify/datasets/processed-handwritten/rimes_processed/train2011-874/batch_9294.png,/home/lorenzo/Documenti/GitHub/HandVerify/datasets/processed-handwritten/rimes_processed/train2011-96/batch_9863.png,impostor,0.8878004550933838,0.7360067367553711,0.1517937183380127,false_accept
/home/lorenzo/Documenti/GitHub/HandVerify/datasets/processed-handwritten/rimes_processed/eval2011-32/batch_177.png,/home/lorenzo/Documenti/GitHub/HandVerify/datasets/processed-handwritten/rimes_processed/train2011-558/batch_7136.png,impostor,0.9254770874977112,0.7360067367553711,0.1894703507423401,false_accept
/home/lorenzo/Documenti/GitHub/HandVerify/datasets/processed-handwritten/rimes_processed/train2011-218/batch_4520.png,/home/lorenzo/Documenti/GitHub/HandVerify/datasets/processed-handwritten/rimes_processed/train2011-80/batch_8921.png,impostor,0.9199008345603943,0.7360067367553711,0.1838940978050232,false_accept
/home/lorenzo/Documenti/GitHub/HandVerify/datasets/processed-handwritten/rimes_processed/train2011-291/batch_5069.png,/home/lorenzo/Documenti/GitHub/HandVerify/datasets/processed-handwritten/rimes_processed/train2011-561/mosaic_000.png,impostor,0.8739448189735413,0.7360067367553711,0.13793808221817017,false_accept
/home/lorenzo/Documenti/GitHub/HandVerify/datasets/processed-handwritten/rimes_processed/eval2011-33/batch_186.png,/home/lorenzo/Documenti/GitHub/HandVerify/datasets/processed-handwritten/rimes_processed/eval2011-99/mosaic_000.png,impostor,0.7370252013206482,0.7360067367553711,0.0010184645652770996,false_accept
/home/lorenzo/Documenti/GitHub/HandVerify/datasets/processed-handwritten/rimes_processed/train2011-33/mosaic_001.png,/home/lorenzo/Documenti/GitHub/HandVerify/datasets/processed-handwritten/rimes_processed/train2011-33/batch_5454.png,genuine,0.7167980670928955,0.7360067367553711,-0.019208669662475586,false_reject
/home/lorenzo/Documenti/GitHub/HandVerify/datasets/processed-handwritten/rimes_processed/train2011-345/batch_5508.png,/home/lorenzo/Documenti/GitHub/HandVerify/datasets/processed-handwritten/rimes_processed/train2011-957/mosaic_000.png,impostor,0.7480908632278442,0.7360067367553711,0.012084126472473145,false_accept
/home/lorenzo/Documenti/GitHub/HandVerify/datasets/processed-handwritten/rimes_processed/train2011-10/batch_1319.png,/home/lorenzo/Documenti/GitHub/HandVerify/datasets/processed-handwritten/rimes_processed/train2011-400/batch_5983.png,impostor,0.942541778087616,0.7360067367553711,0.20653504133224487,false_accept
/home/lorenzo/Documenti/GitHub/HandVerify/datasets/processed-handwritten/rimes_processed/train2011-639/batch_7680.png,/home/lorenzo/Documenti/GitHub/HandVerify/datasets/processed-handwritten/rimes_processed/train2011-797/batch_8822.png,impostor,0.8064456582069397,0.7360067367553711,0.0704389214515686,false_accept
/home/lorenzo/Documenti/GitHub/HandVerify/datasets/processed-handwritten/rimes_processed/train2011-1310/batch_2762.png,/home/lorenzo/Documenti/GitHub/HandVerify/datasets/processed-handwritten/rimes_processed/train2011-52/batch_6931.png,impostor,0.9584793448448181,0.7360067367553711,0.22247260808944702,false_accept
/home/lorenzo/Documenti/GitHub/HandVerify/datasets/processed-handwritten/rimes_processed/train2011-1005/batch_692.png,/home/lorenzo/Documenti/GitHub/HandVerify/datasets/processed-handwritten/rimes_processed/train2011-821/batch_8993.png,impostor,0.9426842927932739,0.7360067367553711,0.20667755603790283,false_accept
/home/lorenzo/Documenti/GitHub/HandVerify/datasets/processed-handwritten/rimes_processed/train2011-1063/batch_1054.png,/home/lorenzo/Documenti/GitHub/HandVerify/datasets/processed-handwritten/rimes_processed/train2011-1443/batch_3600.png,impostor,0.896662175655365,0.7360067367553711,0.1606554388999939,false_accept
/home/lorenzo/Documenti/GitHub/HandVerify/datasets/processed-handwritten/rimes_processed/train2011-1454/batch_3669.png,/home/lorenzo/Documenti/GitHub/HandVerify/datasets/processed-handwritten/rimes_processed/train2011-1454/batch_3671.png,genuine,0.6005280017852783,0.7360067367553711,-0.13547873497009277,false_reject
/home/lorenzo/Documenti/GitHub/HandVerify/datasets/processed-handwritten/rimes_processed/train2011-145/batch_3713.png,/home/lorenzo/Documenti/GitHub/HandVerify/datasets/processed-handwritten/rimes_processed/train2011-969/batch_9853.png,impostor,0.7409248352050781,0.7360067367553711,0.004918098449707031,false_accept
/home/lorenzo/Documenti/GitHub/HandVerify/datasets/processed-handwritten/rimes_processed/train2011-431/batch_6223.png,/home/lorenzo/Documenti/GitHub/HandVerify/datasets/processed-handwritten/rimes_processed/train2011-645/mosaic_000.png,impostor,0.7527148723602295,0.7360067367553711,0.0167081356048584,false_accept
/home/lorenzo/Documenti/GitHub/HandVerify/datasets/processed-handwritten/rimes_processed/eval2011-6/batch_436.png,/home/lorenzo/Documenti/GitHub/HandVerify/datasets/processed-handwritten/rimes_processed/train2011-1015/batch_746.png,impostor,0.9492422938346863,0.7360067367553711,0.21323555707931519,false_accept
/home/lorenzo/Documenti/GitHub/HandVerify/datasets/processed-handwritten/rimes_processed/train2011-1098/batch_1297.png,/home/lorenzo/Documenti/GitHub/HandVerify/datasets/processed-handwritten/rimes_processed/train2011-983/batch_9959.png,impostor,0.9641069769859314,0.7360067367553711,0.2281002402305603,false_accept
/home/lorenzo/Documenti/GitHub/HandVerify/datasets/processed-handwritten/rimes_processed/train2011-1014/batch_737.png,/home/lorenzo/Documenti/GitHub/HandVerify/datasets/processed-handwritten/rimes_processed/train2011-981/batch_9943.png,impostor,0.9060060977935791,0.7360067367553711,0.169999361038208,false_accept
/home/lorenzo/Documenti/GitHub/HandVerify/datasets/processed-handwritten/rimes_processed/train2011-1136/batch_1548.png,/home/lorenzo/Documenti/GitHub/HandVerify/datasets/processed-handwritten/rimes_processed/train2011-462/batch_6453.png,impostor,0.8290094137191772,0.7360067367553711,0.09300267696380615,false_accept
/home/lorenzo/Documenti/GitHub/HandVerify/datasets/processed-handwritten/rimes_processed/train2011-1017/batch_759.png,/home/lorenzo/Documenti/GitHub/HandVerify/datasets/processed-handwritten/rimes_processed/train2011-915/batch_9552.png,impostor,0.9067137241363525,0.7360067367553711,0.17070698738098145,false_accept
/home/lorenzo/Documenti/GitHub/HandVerify/datasets/processed-handwritten/rimes_processed/eval2011-71/batch_446.png,/home/lorenzo/Documenti/GitHub/HandVerify/datasets/processed-handwritten/rimes_processed/train2011-180/batch_4254.png,impostor,0.8639258146286011,0.7360067367553711,0.12791907787322998,false_accept
/home/lorenzo/Documenti/GitHub/HandVerify/datasets/processed-handwritten/rimes_processed/train2011-1431/batch_3514.png,/home/lorenzo/Documenti/GitHub/HandVerify/datasets/processed-handwritten/rimes_processed/train2011-17/batch_4250.png,impostor,0.8805944919586182,0.7360067367553711,0.14458775520324707,false_accept
/home/lorenzo/Documenti/GitHub/HandVerify/datasets/processed-handwritten/rimes_processed/train2011-651/batch_7777.png,/home/lorenzo/Documenti/GitHub/HandVerify/datasets/processed-handwritten/rimes_processed/train2011-900/batch_9464.png,impostor,0.7897728681564331,0.7360067367553711,0.05376613140106201,false_accept
/home/lorenzo/Documenti/GitHub/HandVerify/datasets/processed-handwritten/rimes_processed/eval2011-79/mosaic_001.png,/home/lorenzo/Documenti/GitHub/HandVerify/datasets/processed-handwritten/rimes_processed/eval2011-79/batch_507.png,genuine,0.27670979499816895,0.7360067367553711,-0.45929694175720215,false_reject
/home/lorenzo/Documenti/GitHub/HandVerify/datasets/processed-handwritten/rimes_processed/train2011-1244/batch_2318.png,/home/lorenzo/Documenti/GitHub/HandVerify/datasets/processed-handwritten/rimes_processed/train2011-1244/mosaic_000.png,genuine,0.5590913891792297,0.7360067367553711,-0.17691534757614136,false_reject
/home/lorenzo/Documenti/GitHub/HandVerify/datasets/processed-handwritten/rimes_processed/train2011-1392/batch_3247.png,/home/lorenzo/Documenti/GitHub/HandVerify/datasets/processed-handwritten/rimes_processed/train2011-877/batch_9309.png,impostor,0.781511127948761,0.7360067367553711,0.04550439119338989,false_accept
/home/lorenzo/Documenti/GitHub/HandVerify/datasets/processed-handwritten/rimes_processed/train2011-802/mosaic_000.png,/home/lorenzo/Documenti/GitHub/HandVerify/datasets/processed-handwritten/rimes_processed/train2011-802/batch_8876.png,genuine,0.6823939681053162,0.7360067367553711,-0.05361276865005493,false_reject
/home/lorenzo/Documenti/GitHub/HandVerify/datasets/processed-handwritten/rimes_processed/train2011-1233/mosaic_000.png,/home/lorenzo/Documenti/GitHub/HandVerify/datasets/processed-handwritten/rimes_processed/train2011-543/mosaic_001.png,impostor,0.8939794301986694,0.7360067367553711,0.15797269344329834,false_accept
/home/lorenzo/Documenti/GitHub/HandVerify/datasets/processed-handwritten/rimes_processed/train2011-662/batch_7869.png,/home/lorenzo/Documenti/GitHub/HandVerify/datasets/processed-handwritten/rimes_processed/train2011-662/batch_7868.png,genuine,0.7204994559288025,0.7360067367553711,-0.015507280826568604,false_reject
/home/lorenzo/Documenti/GitHub/HandVerify/datasets/processed-handwritten/rimes_processed/train2011-1207/mosaic_000.png,/home/lorenzo/Documenti/GitHub/HandVerify/datasets/processed-handwritten/rimes_processed/train2011-1207/batch_2052.png,genuine,0.6430081725120544,0.7360067367553711,-0.09299856424331665,false_reject
/home/lorenzo/Documenti/GitHub/HandVerify/datasets/processed-handwritten/rimes_processed/train2011-907/batch_9496.png,/home/lorenzo/Documenti/GitHub/HandVerify/datasets/processed-handwritten/rimes_processed/train2011-990/batch_10000.png,impostor,0.9732211232185364,0.7360067367553711,0.23721438646316528,false_accept
/home/lorenzo/Documenti/GitHub/HandVerify/datasets/processed-handwritten/rimes_processed/train2011-274/batch_4946.png,/home/lorenzo/Documenti/GitHub/HandVerify/datasets/processed-handwritten/rimes_processed/train2011-693/batch_8092.png,impostor,0.911604642868042,0.7360067367553711,0.1755979061126709,false_accept
/home/lorenzo/Documenti/GitHub/HandVerify/datasets/processed-handwritten/rimes_processed/train2011-831/batch_9056.png,/home/lorenzo/Documenti/GitHub/HandVerify/datasets/processed-handwritten/rimes_processed/train2011-831/mosaic_002.png,genuine,0.5953035354614258,0.7360067367553711,-0.1407032012939453,false_reject
/home/lorenzo/Documenti/GitHub/HandVerify/datasets/processed-handwritten/rimes_processed/train2011-1197/batch_1989.png,/home/lorenzo/Documenti/GitHub/HandVerify/datasets/processed-handwritten/rimes_processed/train2011-66/mosaic_003.png,impostor,0.7591480612754822,0.7360067367553711,0.023141324520111084,false_accept
/home/lorenzo/Documenti/GitHub/HandVerify/datasets/processed-handwritten/rimes_processed/train2011-1224/batch_2174.png,/home/lorenzo/Documenti/GitHub/HandVerify/datasets/processed-handwritten/rimes_processed/train2011-901/batch_9471.png,impostor,0.809104323387146,0.7360067367553711,0.0730975866317749,false_accept
/home/lorenzo/Documenti/GitHub/HandVerify/datasets/processed-handwritten/rimes_processed/train2011-184/batch_4284.png,/home/lorenzo/Documenti/GitHub/HandVerify/datasets/processed-handwritten/rimes_processed/train2011-613/batch_7506.png,impostor,0.8443857431411743,0.7360067367553711,0.10837900638580322,false_accept
/home/lorenzo/Documenti/GitHub/HandVerify/datasets/processed-handwritten/rimes_processed/train2011-409/mosaic_000.png,/home/lorenzo/Documenti/GitHub/HandVerify/datasets/processed-handwritten/rimes_processed/train2011-409/batch_6051.png,genuine,0.7231043577194214,0.7360067367553711,-0.012902379035949707,false_reject
/home/lorenzo/Documenti/GitHub/HandVerify/datasets/processed-handwritten/rimes_processed/train2011-501/batch_6753.png,/home/lorenzo/Documenti/GitHub/HandVerify/datasets/processed-handwritten/rimes_processed/train2011-501/mosaic_002.png,genuine,0.6023414731025696,0.7360067367553711,-0.1336652636528015,false_reject
/home/lorenzo/Documenti/GitHub/HandVerify/datasets/processed-handwritten/rimes_processed/train2011-392/batch_5910.png,/home/lorenzo/Documenti/GitHub/HandVerify/datasets/processed-handwritten/rimes_processed/train2011-524/batch_6895.png,impostor,0.8847453594207764,0.7360067367553711,0.14873862266540527,false_accept
/home/lorenzo/Documenti/GitHub/HandVerify/datasets/processed-handwritten/rimes_processed/train2011-47/batch_6577.png,/home/lorenzo/Documenti/GitHub/HandVerify/datasets/processed-handwritten/rimes_processed/train2011-966/batch_9837.png,impostor,0.8213108777999878,0.7360067367553711,0.0853041410446167,false_accept
/home/lorenzo/Documenti/GitHub/HandVerify/datasets/processed-handwritten/rimes_processed/train2011-1034/batch_874.png,/home/lorenzo/Documenti/GitHub/HandVerify/datasets/processed-handwritten/rimes_processed/train2011-1283/batch_2561.png,impostor,0.9409006237983704,0.7360067367553711,0.20489388704299927,false_accept
/home/lorenzo/Documenti/GitHub/HandVerify/datasets/processed-handwritten/rimes_processed/train2011-1179/batch_1853.png,/home/lorenzo/Documenti/GitHub/HandVerify/datasets/processed-handwritten/rimes_processed/train2011-867/batch_9250.png,impostor,0.7763054370880127,0.7360067367553711,0.0402987003326416,false_accept
/home/lorenzo/Documenti/GitHub/HandVerify/datasets/processed-handwritten/rimes_processed/train2011-847/batch_9131.png,/home/lorenzo/Documenti/GitHub/HandVerify/datasets/processed-handwritten/rimes_processed/train2011-849/batch_9135.png,impostor,0.8611522912979126,0.7360067367553711,0.1251455545425415,false_accept
/home/lorenzo/Documenti/GitHub/HandVerify/datasets/processed-handwritten/rimes_processed/train2011-565/batch_7174.png,/home/lorenzo/Documenti/GitHub/HandVerify/datasets/processed-handwritten/rimes_processed/train2011-95/mosaic_001.png,impostor,0.8048310279846191,0.7360067367553711,0.06882429122924805,false_accept
/home/lorenzo/Documenti/GitHub/HandVerify/datasets/processed-handwritten/rimes_processed/train2011-198/batch_4370.png,/home/lorenzo/Documenti/GitHub/HandVerify/datasets/processed-handwritten/rimes_processed/train2011-198/mosaic_000.png,genuine,0.730068027973175,0.7360067367553711,-0.005938708782196045,false_reject
/home/lorenzo/Documenti/GitHub/HandVerify/datasets/processed-handwritten/rimes_processed/train2011-1377/batch_3135.png,/home/lorenzo/Documenti/GitHub/HandVerify/datasets/processed-handwritten/rimes_processed/train2011-619/mosaic_000.png,impostor,0.7637740969657898,0.7360067367553711,0.0277673602104187,false_accept
/home/lorenzo/Documenti/GitHub/HandVerify/datasets/processed-handwritten/rimes_processed/eval2011-39/batch_211.png,/home/lorenzo/Documenti/GitHub/HandVerify/datasets/processed-handwritten/rimes_processed/train2011-63/batch_7693.png,impostor,0.9653356075286865,0.7360067367553711,0.22932887077331543,false_accept
/home/lorenzo/Documenti/GitHub/HandVerify/datasets/processed-handwritten/rimes_processed/eval2011-73/batch_461.png,/home/lorenzo/Documenti/GitHub/HandVerify/datasets/processed-handwritten/rimes_processed/train2011-73/batch_8403.png,impostor,0.9673437476158142,0.7360067367553711,0.23133701086044312,false_accept
/home/lorenzo/Documenti/GitHub/HandVerify/datasets/processed-handwritten/rimes_processed/train2011-166/batch_4147.png,/home/lorenzo/Documenti/GitHub/HandVerify/datasets/processed-handwritten/rimes_processed/train2011-408/batch_6040.png,impostor,0.8917049169540405,0.7360067367553711,0.15569818019866943,false_accept
/home/lorenzo/Documenti/GitHub/HandVerify/datasets/processed-handwritten/rimes_processed/train2011-170/batch_4177.png,/home/lorenzo/Documenti/GitHub/HandVerify/datasets/processed-handwritten/rimes_processed/train2011-489/batch_6649.png,impostor,0.9494838118553162,0.7360067367553711,0.21347707509994507,false_accept
/home/lorenzo/Documenti/GitHub/HandVerify/datasets/processed-handwritten/rimes_processed/train2011-182/batch_4277.png,/home/lorenzo/Documenti/GitHub/HandVerify/datasets/processed-handwritten/rimes_processed/train2011-766/mosaic_001.png,impostor,0.7706682682037354,0.7360067367553711,0.03466153144836426,false_accept
/home/lorenzo/Documenti/GitHub/HandVerify/datasets/processed-handwritten/rimes_processed/train2011-324/batch_5322.png,/home/lorenzo/Documenti/GitHub/HandVerify/datasets/processed-handwritten/rimes_processed/train2011-413/batch_6094.png,impostor,0.9774010181427002,0.7360067367553711,0.2413942813873291,false_accept
/home/lorenzo/Documenti/GitHub/HandVerify/datasets/processed-handwritten/rimes_processed/train2011-1422/batch_3448.png,/home/lorenzo/Documenti/GitHub/HandVerify/datasets/processed-handwritten/rimes_processed/train2011-1443/batch_3601.png,impostor,0.9308971166610718,0.7360067367553711,0.19489037990570068,false_accept
/home/lorenzo/Documenti/GitHub/HandVerify/datasets/processed-handwritten/rimes_processed/train2011-1488/batch_3953.png,/home/lorenzo/Documenti/GitHub/HandVerify/datasets/processed-handwritten/rimes_processed/train2011-606/batch_7448.png,impostor,0.7693473696708679,0.7360067367553711,0.033340632915496826,false_accept
/home/lorenzo/Documenti/GitHub/HandVerify/datasets/processed-handwritten/rimes_processed/eval2011-42/batch_249.png,/home/lorenzo/Documenti/GitHub/HandVerify/datasets/processed-handwritten/rimes_processed/train2011-1054/batch_995.png,impostor,0.9399888515472412,0.7360067367553711,0.20398211479187012,false_accept
/home/lorenzo/Documenti/GitHub/HandVerify/datasets/processed-handwritten/rimes_processed/train2011-233/mosaic_001.png,/home/lorenzo/Documenti/GitHub/HandVerify/datasets/processed-handwritten/rimes_processed/train2011-850/batch_9151.png,impostor,0.8104045391082764,0.7360067367553711,0.07439780235290527,false_accept
/home/lorenzo/Documenti/GitHub/HandVerify/datasets/processed-handwritten/rimes_processed/train2011-33/batch_5456.png,/home/lorenzo/Documenti/GitHub/HandVerify/datasets/processed-handwritten/rimes_processed/train2011-33/mosaic_002.png,genuine,0.4187084138393402,0.7360067367553711,-0.3172983229160309,false_reject
/home/lorenzo/Documenti/GitHub/HandVerify/datasets/processed-handwritten/rimes_processed/train2011-1127/batch_1499.png,/home/lorenzo/Documenti/GitHub/HandVerify/datasets/processed-handwritten/rimes_processed/train2011-99/batch_10059.png,impostor,0.9139655828475952,0.7360067367553711,0.17795884609222412,false_accept
/home/lorenzo/Documenti/GitHub/HandVerify/datasets/processed-handwritten/rimes_processed/eval2011-17/batch_052.png,/home/lorenzo/Documenti/GitHub/HandVerify/datasets/processed-handwritten/rimes_processed/train2011-1308/batch_2731.png,impostor,0.9169785976409912,0.7360067367553711,0.18097186088562012,false_accept
/home/lorenzo/Documenti/GitHub/HandVerify/datasets/processed-handwritten/rimes_processed/train2011-529/mosaic_001.png,/home/lorenzo/Documenti/GitHub/HandVerify/datasets/processed-handwritten/rimes_processed/train2011-529/batch_6928.png,genuine,0.534929096698761,0.7360067367553711,-0.2010776400566101,false_reject
/home/lorenzo/Documenti/GitHub/HandVerify/datasets/processed-handwritten/rimes_processed/train2011-337/batch_5425.png,/home/lorenzo/Documenti/GitHub/HandVerify/datasets/processed-handwritten/rimes_processed/train2011-545/batch_7042.png,impostor,0.9862053990364075,0.7360067367553711,0.2501986622810364,false_accept
/home/lorenzo/Documenti/GitHub/HandVerify/datasets/processed-handwritten/rimes_processed/train2011-1192/batch_1961.png,/home/lorenzo/Documenti/GitHub/HandVerify/datasets/processed-handwritten/rimes_processed/train2011-201/batch_4406.png,impostor,0.8774100542068481,0.7360067367553711,0.14140331745147705,false_accept
/home/lorenzo/Documenti/GitHub/HandVerify/datasets/processed-handwritten/rimes_processed/train2011-1451/batch_3653.png,/home/lorenzo/Documenti/GitHub/HandVerify/datasets/processed-handwritten/rimes_processed/train2011-695/batch_8120.png,impostor,0.9535930752754211,0.7360067367553711,0.21758633852005005,false_accept
/home/lorenzo/Documenti/GitHub/HandVerify/datasets/processed-handwritten/rimes_processed/train2011-1420/batch_3436.png,/home/lorenzo/Documenti/GitHub/HandVerify/datasets/processed-handwritten/rimes_processed/train2011-588/mosaic_000.png,impostor,0.812707781791687,0.7360067367553711,0.07670104503631592,false_accept
/home/lorenzo/Documenti/GitHub/HandVerify/datasets/processed-handwritten/rimes_processed/train2011-351/batch_5569.png,/home/lorenzo/Documenti/GitHub/HandVerify/datasets/processed-handwritten/rimes_processed/train2011-538/batch_6993.png,impostor,0.9514128565788269,0.7360067367553711,0.2154061198234558,false_accept
/home/lorenzo/Documenti/GitHub/HandVerify/datasets/processed-handwritten/rimes_processed/train2011-886/mosaic_001.png,/home/lorenzo/Documenti/GitHub/HandVerify/datasets/processed-handwritten/rimes_processed/train2011-886/batch_9363.png,genuine,0.4374942183494568,0.7360067367553711,-0.2985125184059143,false_reject
/home/lorenzo/Documenti/GitHub/HandVerify/datasets/processed-handwritten/rimes_processed/eval2011-38/batch_206.png,/home/lorenzo/Documenti/GitHub/HandVerify/datasets/processed-handwritten/rimes_processed/train2011-570/batch_7208.png,impostor,0.9182739853858948,0.7360067367553711,0.18226724863052368,false_accept
/home/lorenzo/Documenti/GitHub/HandVerify/datasets/processed-handwritten/rimes_processed/train2011-1354/batch_3008.png,/home/lorenzo/Documenti/GitHub/HandVerify/datasets/processed-handwritten/rimes_processed/train2011-143/mosaic_000.png,impostor,0.7378288507461548,0.7360067367553711,0.0018221139907836914,false_accept
/home/lorenzo/Documenti/GitHub/HandVerify/datasets/processed-handwritten/rimes_processed/train2011-397/batch_5943.png,/home/lorenzo/Documenti/GitHub/HandVerify/datasets/processed-handwritten/rimes_processed/train2011-540/batch_7014.png,impostor,0.7580438852310181,0.7360067367553711,0.022037148475646973,false_accept
/home/lorenzo/Documenti/GitHub/HandVerify/datasets/processed-handwritten/rimes_processed/train2011-1239/batch_2259.png,/home/lorenzo/Documenti/GitHub/HandVerify/datasets/processed-handwritten/rimes_processed/train2011-546/batch_7052.png,impostor,0.8483913540840149,0.7360067367553711,0.1123846173286438,false_accept
/home/lorenzo/Documenti/GitHub/HandVerify/datasets/processed-handwritten/rimes_processed/train2011-775/batch_8668.png,/home/lorenzo/Documenti/GitHub/HandVerify/datasets/processed-handwritten/rimes_processed/train2011-832/batch_9059.png,impostor,0.9212315678596497,0.7360067367553711,0.18522483110427856,false_accept
/home/lorenzo/Documenti/GitHub/HandVerify/datasets/processed-handwritten/rimes_processed/train2011-1349/batch_2990.png,/home/lorenzo/Documenti/GitHub/HandVerify/datasets/processed-handwritten/rimes_processed/train2011-560/batch_7151.png,impostor,0.8393470048904419,0.7360067367553711,0.1033402681350708,false_accept
/home/lorenzo/Documenti/GitHub/HandVerify/datasets/processed-handwritten/rimes_processed/train2011-1491/batch_3981.png,/home/lorenzo/Documenti/GitHub/HandVerify/datasets/processed-handwritten/rimes_processed/train2011-1495/batch_3999.png,impostor,0.7534229159355164,0.7360067367553711,0.017416179180145264,false_accept
/home/lorenzo/Documenti/GitHub/HandVerify/datasets/processed-handwritten/rimes_processed/train2011-1065/batch_1076.png,/home/lorenzo/Documenti/GitHub/HandVerify/datasets/processed-handwritten/rimes_processed/train2011-1065/mosaic_000.png,genuine,0.6036289930343628,0.7360067367553711,-0.1323777437210083,false_reject
/home/lorenzo/Documenti/GitHub/HandVerify/datasets/processed-handwritten/rimes_processed/train2011-662/batch_7867.png,/home/lorenzo/Documenti/GitHub/HandVerify/datasets/processed-handwritten/rimes_processed/train2011-662/mosaic_000.png,genuine,0.5767242312431335,0.7360067367553711,-0.15928250551223755,false_reject
/home/lorenzo/Documenti/GitHub/HandVerify/datasets/processed-handwritten/rimes_processed/train2011-1308/batch_2727.png,/home/lorenzo/Documenti/GitHub/HandVerify/datasets/processed-handwritten/rimes_processed/train2011-1406/batch_3333.png,impostor,0.9341562986373901,0.7360067367553711,0.19814956188201904,false_accept
/home/lorenzo/Documenti/GitHub/HandVerify/datasets/processed-handwritten/rimes_processed/train2011-307/mosaic_001.png,/home/lorenzo/Documenti/GitHub/HandVerify/datasets/processed-handwritten/rimes_processed/train2011-64/batch_7761.png,impostor,0.8162523508071899,0.7360067367553711,0.08024561405181885,false_accept
/home/lorenzo/Documenti/GitHub/HandVerify/datasets/processed-handwritten/rimes_processed/train2011-1465/batch_3779.png,/home/lorenzo/Documenti/GitHub/HandVerify/datasets/processed-handwritten/rimes_processed/train2011-885/batch_9354.png,impostor,0.7503798604011536,0.7360067367553711,0.01437312364578247,false_accept
/home/lorenzo/Documenti/GitHub/HandVerify/datasets/processed-handwritten/rimes_processed/train2011-1429/batch_3492.png,/home/lorenzo/Documenti/GitHub/HandVerify/datasets/processed-handwritten/rimes_processed/train2011-1429/batch_3490.png,genuine,0.5345025062561035,0.7360067367553711,-0.20150423049926758,false_reject
/home/lorenzo/Documenti/GitHub/HandVerify/datasets/processed-handwritten/rimes_processed/train2011-672/batch_7941.png,/home/lorenzo/Documenti/GitHub/HandVerify/datasets/processed-handwritten/rimes_processed/train2011-845/batch_9122.png,impostor,0.8823917508125305,0.7360067367553711,0.14638501405715942,false_accept
/home/lorenzo/Documenti/GitHub/HandVerify/datasets/processed-handwritten/rimes_processed/train2011-108/mosaic_002.png,/home/lorenzo/Documenti/GitHub/HandVerify/datasets/processed-handwritten/rimes_processed/train2011-892/batch_9403.png,impostor,0.8425129652023315,0.7360067367553711,0.10650622844696045,false_accept
/home/lorenzo/Documenti/GitHub/HandVerify/datasets/processed-handwritten/rimes_processed/train2011-1123/batch_1479.png,/home/lorenzo/Documenti/GitHub/HandVerify/datasets/processed-handwritten/rimes_processed/train2011-687/batch_8052.png,impostor,0.9504584670066833,0.7360067367553711,0.21445173025131226,false_accept
/home/lorenzo/Documenti/GitHub/HandVerify/datasets/processed-handwritten/rimes_processed/train2011-1370/batch_3100.png,/home/lorenzo/Documenti/GitHub/HandVerify/datasets/processed-handwritten/rimes_processed/train2011-295/batch_5094.png,impostor,0.8159900903701782,0.7360067367553711,0.07998335361480713,false_accept
/home/lorenzo/Documenti/GitHub/HandVerify/datasets/processed-handwritten/rimes_processed/train2011-651/batch_7780.png,/home/lorenzo/Documenti/GitHub/HandVerify/datasets/processed-handwritten/rimes_processed/train2011-792/batch_8800.png,impostor,0.8241022229194641,0.7360067367553711,0.08809548616409302,false_accept
/home/lorenzo/Documenti/GitHub/HandVerify/datasets/processed-handwritten/rimes_processed/eval2011-43/batch_256.png,/home/lorenzo/Documenti/GitHub/HandVerify/datasets/processed-handwritten/rimes_processed/eval2011-43/mosaic_000.png,genuine,0.6537571549415588,0.7360067367553711,-0.08224958181381226,false_reject
/home/lorenzo/Documenti/GitHub/HandVerify/datasets/processed-handwritten/rimes_processed/train2011-1112/batch_1411.png,/home/lorenzo/Documenti/GitHub/HandVerify/datasets/processed-handwritten/rimes_processed/train2011-373/batch_5768.png,impostor,0.9618157744407654,0.7360067367553711,0.2258090376853943,false_accept
/home/lorenzo/Documenti/GitHub/HandVerify/datasets/processed-handwritten/rimes_processed/eval2011-14/batch_034.png,/home/lorenzo/Documenti/GitHub/HandVerify/datasets/processed-handwritten/rimes_processed/train2011-782/batch_8729.png,impostor,0.7811744809150696,0.7360067367553711,0.045167744159698486,false_accept
/home/lorenzo/Documenti/GitHub/HandVerify/datasets/processed-handwritten/rimes_processed/train2011-757/mosaic_002.png,/home/lorenzo/Documenti/GitHub/HandVerify/datasets/processed-handwritten/rimes_processed/train2011-757/batch_8543.png,genuine,0.6801076531410217,0.7360067367553711,-0.055899083614349365,false_reject
/home/lorenzo/Documenti/GitHub/HandVerify/datasets/processed-handwritten/rimes_processed/train2011-294/batch_5085.png,/home/lorenzo/Documenti/GitHub/HandVerify/datasets/processed-handwritten/rimes_processed/train2011-756/batch_8533.png,impostor,0.9565845131874084,0.7360067367553711,0.22057777643203735,false_accept
/home/lorenzo/Documenti/GitHub/HandVerify/datasets/processed-handwritten/rimes_processed/train2011-719/mosaic_001.png,/home/lorenzo/Documenti/GitHub/HandVerify/datasets/processed-handwritten/rimes_processed/train2011-773/batch_8657.png,impostor,0.8619718551635742,0.7360067367553711,0.12596511840820312,false_accept
/home/lorenzo/Documenti/GitHub/HandVerify/datasets/processed-handwritten/rimes_processed/train2011-658/batch_7825.png,/home/lorenzo/Documenti/GitHub/HandVerify/datasets/processed-handwritten/rimes_processed/train2011-866/batch_9247.png,impostor,0.9460905194282532,0.7360067367553711,0.21008378267288208,false_accept
/home/lorenzo/Documenti/GitHub/HandVerify/datasets/processed-handwritten/rimes_processed/train2011-491/batch_6679.png,/home/lorenzo/Documenti/GitHub/HandVerify/datasets/processed-handwritten/rimes_processed/train2011-964/batch_9830.png,impostor,0.9696727991104126,0.7360067367553711,0.2336660623550415,false_accept
/home/lorenzo/Documenti/GitHub/HandVerify/datasets/processed-handwritten/rimes_processed/train2011-1205/batch_2037.png,/home/lorenzo/Documenti/GitHub/HandVerify/datasets/processed-handwritten/rimes_processed/train2011-435/batch_6268.png,impostor,0.9649195075035095,0.7360067367553711,0.22891277074813843,false_accept
/home/lorenzo/Documenti/GitHub/HandVerify/datasets/processed-handwritten/rimes_processed/train2011-1220/batch_2148.png,/home/lorenzo/Documenti/GitHub/HandVerify/datasets/processed-handwritten/rimes_processed/train2011-887/mosaic_000.png,impostor,0.7361594438552856,0.7360067367553711,0.00015270709991455078,false_accept
/home/lorenzo/Documenti/GitHub/HandVerify/datasets/processed-handwritten/rimes_processed/train2011-351/mosaic_003.png,/home/lorenzo/Documenti/GitHub/HandVerify/datasets/processed-handwritten/rimes_processed/train2011-675/batch_7961.png,impostor,0.8580130934715271,0.7360067367553711,0.122006356716156,false_accept
/home/lorenzo/Documenti/GitHub/HandVerify/datasets/processed-handwritten/rimes_processed/train2011-1277/batch_2526.png,/home/lorenzo/Documenti/GitHub/HandVerify/datasets/processed-handwritten/rimes_processed/train2011-609/batch_7473.png,impostor,0.8995826840400696,0.7360067367553711,0.1635759472846985,false_accept
/home/lorenzo/Documenti/GitHub/HandVerify/datasets/processed-handwritten/rimes_processed/train2011-156/batch_4084.png,/home/lorenzo/Documenti/GitHub/HandVerify/datasets/processed-handwritten/rimes_processed/train2011-890/batch_9390.png,impostor,0.7693669199943542,0.7360067367553711,0.033360183238983154,false_accept
/home/lorenzo/Documenti/GitHub/HandVerify/datasets/processed-handwritten/rimes_processed/train2011-514/mosaic_000.png,/home/lorenzo/Documenti/GitHub/HandVerify/datasets/processed-handwritten/rimes_processed/train2011-899/mosaic_001.png,impostor,0.8617517352104187,0.7360067367553711,0.1257449984550476,false_accept
/home/lorenzo/Documenti/GitHub/HandVerify/datasets/processed-handwritten/rimes_processed/train2011-501/batch_6751.png,/home/lorenzo/Documenti/GitHub/HandVerify/datasets/processed-handwritten/rimes_processed/train2011-501/mosaic_000.png,genuine,0.7134106159210205,0.7360067367553711,-0.022596120834350586,false_reject
/home/lorenzo/Documenti/GitHub/HandVerify/datasets/processed-handwritten/rimes_processed/train2011-1042/batch_927.png,/home/lorenzo/Documenti/GitHub/HandVerify/datasets/processed-handwritten/rimes_processed/train2011-751/batch_8497.png,impostor,0.9385743141174316,0.7360067367553711,0.20256757736206055,false_accept
/home/lorenzo/Documenti/GitHub/HandVerify/datasets/processed-handwritten/rimes_processed/train2011-471/batch_6519.png,/home/lorenzo/Documenti/GitHub/HandVerify/datasets/processed-handwritten/rimes_processed/train2011-715/batch_8249.png,impostor,0.9332732558250427,0.7360067367553711,0.19726651906967163,false_accept
/home/lorenzo/Documenti/GitHub/HandVerify/datasets/processed-handwritten/rimes_processed/train2011-420/batch_6146.png,/home/lorenzo/Documenti/GitHub/HandVerify/datasets/processed-handwritten/rimes_processed/train2011-505/batch_6786.png,impostor,0.9057407379150391,0.7360067367553711,0.16973400115966797,false_accept
/home/lorenzo/Documenti/GitHub/HandVerify/datasets/processed-handwritten/rimes_processed/train2011-1331/batch_2897.png,/home/lorenzo/Documenti/GitHub/HandVerify/datasets/processed-handwritten/rimes_processed/train2011-678/batch_7979.png,impostor,0.9292458295822144,0.7360067367553711,0.19323909282684326,false_accept
/home/lorenzo/Documenti/GitHub/HandVerify/datasets/processed-handwritten/rimes_processed/eval2011-49/batch_299.png,/home/lorenzo/Documenti/GitHub/HandVerify/datasets/processed-handwritten/rimes_processed/train2011-517/batch_6852.png,impostor,0.8819477558135986,0.7360067367553711,0.14594101905822754,false_accept
/home/lorenzo/Documenti/GitHub/HandVerify/datasets/processed-handwritten/rimes_processed/train2011-310/batch_5212.png,/home/lorenzo/Documenti/GitHub/HandVerify/datasets/processed-handwritten/rimes_processed/train2011-609/mosaic_000.png,impostor,0.7937586903572083,0.7360067367553711,0.05775195360183716,false_accept
/home/lorenzo/Documenti/GitHub/HandVerify/datasets/processed-handwritten/rimes_processed/train2011-218/batch_4526.png,/home/lorenzo/Documenti/GitHub/HandVerify/datasets/processed-handwritten/rimes_processed/train2011-63/batch_7691.png,impostor,0.8305798768997192,0.7360067367553711,0.09457314014434814,false_accept
/home/lorenzo/Documenti/GitHub/HandVerify/datasets/processed-handwritten/rimes_processed/train2011-1148/batch_1636.png,/home/lorenzo/Documenti/GitHub/HandVerify/datasets/processed-handwritten/rimes_processed/train2011-139/batch_3286.png,impostor,0.7839066982269287,0.7360067367553711,0.04789996147155762,false_accept
/home/lorenzo/Documenti/GitHub/HandVerify/datasets/processed-handwritten/rimes_processed/train2011-351/batch_5566.png,/home/lorenzo/Documenti/GitHub/HandVerify/datasets/processed-handwritten/rimes_processed/train2011-869/batch_9256.png,impostor,0.9535067677497864,0.7360067367553711,0.21750003099441528,false_accept
/home/lorenzo/Documenti/GitHub/HandVerify/datasets/processed-handwritten/rimes_processed/train2011-253/mosaic_000.png,/home/lorenzo/Documenti/GitHub/HandVerify/datasets/processed-handwritten/rimes_processed/train2011-330/batch_5381.png,impostor,0.8885155320167542,0.7360067367553711,0.15250879526138306,false_accept
/home/lorenzo/Documenti/GitHub/HandVerify/datasets/processed-handwritten/rimes_processed/train2011-1212/batch_2083.png,/home/lorenzo/Documenti/GitHub/HandVerify/datasets/processed-handwritten/rimes_processed/train2011-570/batch_7207.png,impostor,0.8301582336425781,0.7360067367553711,0.09415149688720703,false_accept
/home/lorenzo/Documenti/GitHub/HandVerify/datasets/processed-handwritten/rimes_processed/train2011-672/batch_7943.png,/home/lorenzo/Documenti/GitHub/HandVerify/datasets/processed-handwritten/rimes_processed/train2011-772/batch_8653.png,impostor,0.974188506603241,0.7360067367553711,0.23818176984786987,false_accept
/home/lorenzo/Documenti/GitHub/HandVerify/datasets/processed-handwritten/rimes_processed/train2011-1126/batch_1494.png,/home/lorenzo/Documenti/GitHub/HandVerify/datasets/processed-handwritten/rimes_processed/train2011-607/batch_7457.png,impostor,0.9415321946144104,0.7360067367553711,0.2055254578590393,false_accept
/home/lorenzo/Documenti/GitHub/HandVerify/datasets/processed-handwritten/rimes_processed/eval2011-76/batch_488.png,/home/lorenzo/Documenti/GitHub/HandVerify/datasets/processed-handwritten/rimes_processed/train2011-1489/batch_3960.png,impostor,0.8544798493385315,0.7360067367553711,0.1184731125831604,false_accept
/home/lorenzo/Documenti/GitHub/HandVerify/datasets/processed-handwritten/rimes_processed/train2011-276/batch_4975.png,/home/lorenzo/Documenti/GitHub/HandVerify/datasets/processed-handwritten/rimes_processed/train2011-80/batch_8918.png,impostor,0.9409354329109192,0.7360067367553711,0.2049286961555481,false_accept
/home/lorenzo/Documenti/GitHub/HandVerify/datasets/processed-handwritten/rimes_processed/eval2011-48/batch_289.png,/home/lorenzo/Documenti/GitHub/HandVerify/datasets/processed-handwritten/rimes_processed/train2011-347/batch_5523.png,impostor,0.9177184104919434,0.7360067367553711,0.18171167373657227,false_accept
/home/lorenzo/Documenti/GitHub/HandVerify/datasets/processed-handwritten/rimes_processed/train2011-1135/batch_1536.png,/home/lorenzo/Documenti/GitHub/HandVerify/datasets/processed-handwritten/rimes_processed/train2011-6/batch_8161.png,impostor,0.8093012571334839,0.7360067367553711,0.07329452037811279,false_accept
/home/lorenzo/Documenti/GitHub/HandVerify/datasets/processed-handwritten/rimes_processed/train2011-1304/batch_2695.png,/home/lorenzo/Documenti/GitHub/HandVerify/datasets/processed-handwritten/rimes_processed/train2011-550/batch_7083.png,impostor,0.8025836944580078,0.7360067367553711,0.06657695770263672,false_accept
/home/lorenzo/Documenti/GitHub/HandVerify/datasets/processed-handwritten/rimes_processed/train2011-158/mosaic_001.png,/home/lorenzo/Documenti/GitHub/HandVerify/datasets/processed-handwritten/rimes_processed/train2011-749/batch_8478.png,impostor,0.8214272260665894,0.7360067367553711,0.08542048931121826,false_accept
/home/lorenzo/Documenti/GitHub/HandVerify/datasets/processed-handwritten/rimes_processed/train2011-1449/batch_3635.png,/home/lorenzo/Documenti/GitHub/HandVerify/datasets/processed-handwritten/rimes_processed/train2011-307/batch_5193.png,impostor,0.7730251550674438,0.7360067367553711,0.037018418312072754,false_accept
/home/lorenzo/Documenti/GitHub/HandVerify/datasets/processed-handwritten/rimes_processed/train2011-110/mosaic_002.png,/home/lorenzo/Documenti/GitHub/HandVerify/datasets/processed-handwritten/rimes_processed/train2011-694/batch_8108.png,impostor,0.8972082138061523,0.7360067367553711,0.16120147705078125,false_accept
/home/lorenzo/Documenti/GitHub/HandVerify/datasets/processed-handwritten/rimes_processed/train2011-1482/batch_3917.png,/home/lorenzo/Documenti/GitHub/HandVerify/datasets/processed-handwritten/rimes_processed/train2011-510/batch_6816.png,impostor,0.9177358150482178,0.7360067367553711,0.18172907829284668,false_accept
/home/lorenzo/Documenti/GitHub/HandVerify/datasets/processed-handwritten/rimes_processed/train2011-1129/batch_1504.png,/home/lorenzo/Documenti/GitHub/HandVerify/datasets/processed-handwritten/rimes_processed/train2011-727/batch_8337.png,impostor,0.9216904044151306,0.7360067367553711,0.18568366765975952,false_accept
/home/lorenzo/Documenti/GitHub/HandVerify/datasets/processed-handwritten/rimes_processed/train2011-387/batch_5859.png,/home/lorenzo/Documenti/GitHub/HandVerify/datasets/processed-handwritten/rimes_processed/train2011-667/batch_7894.png,impostor,0.9564583897590637,0.7360067367553711,0.22045165300369263,false_accept
/home/lorenzo/Documenti/GitHub/HandVerify/datasets/processed-handwritten/rimes_processed/train2011-1438/batch_3560.png,/home/lorenzo/Documenti/GitHub/HandVerify/datasets/processed-handwritten/rimes_processed/train2011-698/batch_8143.png,impostor,0.9910666942596436,0.7360067367553711,0.25505995750427246,false_accept
/home/lorenzo/Documenti/GitHub/HandVerify/datasets/processed-handwritten/rimes_processed/train2011-1159/batch_1716.png,/home/lorenzo/Documenti/GitHub/HandVerify/datasets/processed-handwritten/rimes_processed/train2011-307/mosaic_001.png,impostor,0.8184154033660889,0.7360067367553711,0.08240866661071777,false_accept
/home/lorenzo/Documenti/GitHub/HandVerify/datasets/processed-handwritten/rimes_processed/train2011-1192/batch_1952.png,/home/lorenzo/Documenti/GitHub/HandVerify/datasets/processed-handwritten/rimes_processed/train2011-774/batch_8664.png,impostor,0.8647462129592896,0.7360067367553711,0.12873947620391846,false_accept
/home/lorenzo/Documenti/GitHub/HandVerify/datasets/processed-handwritten/rimes_processed/train2011-1022/batch_804.png,/home/lorenzo/Documenti/GitHub/HandVerify/datasets/processed-handwritten/rimes_processed/train2011-392/batch_5907.png,impostor,0.8268488049507141,0.7360067367553711,0.09084206819534302,false_accept
/home/lorenzo/Documenti/GitHub/HandVerify/datasets/processed-handwritten/rimes_processed/train2011-999/batch_10052.png,/home/lorenzo/Documenti/GitHub/HandVerify/datasets/processed-handwritten/rimes_processed/train2011-999/batch_10057.png,genuine,0.6936718225479126,0.7360067367553711,-0.042334914207458496,false_reject
/home/lorenzo/Documenti/GitHub/HandVerify/datasets/processed-handwritten/rimes_processed/train2011-1478/batch_3884.png,/home/lorenzo/Documenti/GitHub/HandVerify/datasets/processed-handwritten/rimes_processed/train2011-752/batch_8507.png,impostor,0.8286949396133423,0.7360067367553711,0.09268820285797119,false_accept
/home/lorenzo/Documenti/GitHub/HandVerify/datasets/processed-handwritten/rimes_processed/train2011-1431/batch_3517.png,/home/lorenzo/Documenti/GitHub/HandVerify/datasets/processed-handwritten/rimes_processed/train2011-78/batch_8783.png,impostor,0.8226771354675293,0.7360067367553711,0.0866703987121582,false_accept
/home/lorenzo/Documenti/GitHub/HandVerify/datasets/processed-handwritten/rimes_processed/train2011-1140/batch_1579.png,/home/lorenzo/Documenti/GitHub/HandVerify/datasets/processed-handwritten/rimes_processed/train2011-68/batch_8066.png,impostor,0.9289186000823975,0.7360067367553711,0.19291186332702637,false_accept
/home/lorenzo/Documenti/GitHub/HandVerify/datasets/processed-handwritten/rimes_processed/train2011-291/batch_5069.png,/home/lorenzo/Documenti/GitHub/HandVerify/datasets/processed-handwritten/rimes_processed/train2011-347/batch_5532.png,impostor,0.896040678024292,0.7360067367553711,0.1600339412689209,false_accept
/home/lorenzo/Documenti/GitHub/HandVerify/datasets/processed-handwritten/rimes_processed/train2011-130/batch_2748.png,/home/lorenzo/Documenti/GitHub/HandVerify/datasets/processed-handwritten/rimes_processed/train2011-802/batch_8870.png,impostor,0.9765501618385315,0.7360067367553711,0.2405434250831604,false_accept
/home/lorenzo/Documenti/GitHub/HandVerify/datasets/processed-handwritten/rimes_processed/train2011-249/mosaic_001.png,/home/lorenzo/Documenti/GitHub/HandVerify/datasets/processed-handwritten/rimes_processed/train2011-249/batch_4775.png,genuine,0.6687176823616028,0.7360067367553711,-0.06728905439376831,false_reject
/home/lorenzo/Documenti/GitHub/HandVerify/datasets/processed-handwritten/rimes_processed/train2011-1452/batch_3656.png,/home/lorenzo/Documenti/GitHub/HandVerify/datasets/processed-handwritten/rimes_processed/train2011-195/mosaic_004.png,impostor,0.7759261727333069,0.7360067367553711,0.03991943597793579,false_accept
/home/lorenzo/Documenti/GitHub/HandVerify/datasets/processed-handwritten/rimes_processed/train2011-1201/batch_2021.png,/home/lorenzo/Documenti/GitHub/HandVerify/datasets/processed-handwritten/rimes_processed/train2011-1243/mosaic_002.png,impostor,0.8328350782394409,0.7360067367553711,0.09682834148406982,false_accept
/home/lorenzo/Documenti/GitHub/HandVerify/datasets/processed-handwritten/rimes_processed/train2011-379/batch_5811.png,/home/lorenzo/Documenti/GitHub/HandVerify/datasets/processed-handwritten/rimes_processed/train2011-694/batch_8104.png,impostor,0.9238983988761902,0.7360067367553711,0.1878916621208191,false_accept
/home/lorenzo/Documenti/GitHub/HandVerify/datasets/processed-handwritten/rimes_processed/train2011-1138/batch_1563.png,/home/lorenzo/Documenti/GitHub/HandVerify/datasets/processed-handwritten/rimes_processed/train2011-1153/batch_1675.png,impostor,0.8763048052787781,0.7360067367553711,0.14029806852340698,false_accept
/home/lorenzo/Documenti/GitHub/HandVerify/datasets/processed-handwritten/rimes_processed/train2011-991/batch_10006.png,/home/lorenzo/Documenti/GitHub/HandVerify/datasets/processed-handwritten/rimes_processed/train2011-998/batch_10047.png,impostor,0.9561152458190918,0.7360067367553711,0.2201085090637207,false_accept
/home/lorenzo/Documenti/GitHub/HandVerify/datasets/processed-handwritten/rimes_processed/train2011-444/batch_6332.png,/home/lorenzo/Documenti/GitHub/HandVerify/datasets/processed-handwritten/rimes_processed/train2011-595/batch_7364.png,impostor,0.8442205190658569,0.7360067367553711,0.10821378231048584,false_accept
/home/lorenzo/Documenti/GitHub/HandVerify/datasets/processed-handwritten/rimes_processed/eval2011-73/batch_461.png,/home/lorenzo/Documenti/GitHub/HandVerify/datasets/processed-handwritten/rimes_processed/train2011-535/batch_6974.png,impostor,0.9465740919113159,0.7360067367553711,0.21056735515594482,false_accept
/home/lorenzo/Documenti/GitHub/HandVerify/datasets/processed-handwritten/rimes_processed/train2011-1380/mosaic_000.png,/home/lorenzo/Documenti/GitHub/HandVerify/datasets/processed-handwritten/rimes_processed/train2011-231/batch_4617.png,impostor,0.7476970553398132,0.7360067367553711,0.011690318584442139,false_accept
/home/lorenzo/Documenti/GitHub/HandVerify/datasets/processed-handwritten/rimes_processed/train2011-1080/mosaic_001.png,/home/lorenzo/Documenti/GitHub/HandVerify/datasets/processed-handwritten/rimes_processed/train2011-1080/batch_1168.png,genuine,0.28799664974212646,0.7360067367553711,-0.44801008701324463,false_reject
/home/lorenzo/Documenti/GitHub/HandVerify/datasets/processed-handwritten/rimes_processed/train2011-1314/batch_2781.png,/home/lorenzo/Documenti/GitHub/HandVerify/datasets/processed-handwritten/rimes_processed/train2011-832/batch_9059.png,impostor,0.8569895625114441,0.7360067367553711,0.120982825756073,false_accept
/home/lorenzo/Documenti/GitHub/HandVerify/datasets/processed-handwritten/rimes_processed/train2011-637/batch_7661.png,/home/lorenzo/Documenti/GitHub/HandVerify/datasets/processed-handwritten/rimes_processed/train2011-897/batch_9443.png,impostor,0.8361504077911377,0.7360067367553711,0.1001436710357666,false_accept
/home/lorenzo/Documenti/GitHub/HandVerify/datasets/processed-handwritten/rimes_processed/train2011-1139/batch_1569.png,/home/lorenzo/Documenti/GitHub/HandVerify/datasets/processed-handwritten/rimes_processed/train2011-201/batch_4406.png,impostor,0.9173930287361145,0.7360067367553711,0.1813862919807434,false_accept
/home/lorenzo/Documenti/GitHub/HandVerify/datasets/processed-handwritten/rimes_processed/train2011-100/batch_709.png,/home/lorenzo/Documenti/GitHub/HandVerify/datasets/processed-handwritten/rimes_processed/train2011-1162/batch_1738.png,impostor,0.907597541809082,0.7360067367553711,0.17159080505371094,false_accept
/home/lorenzo/Documenti/GitHub/HandVerify/datasets/processed-handwritten/rimes_processed/train2011-118/batch_1925.png,/home/lorenzo/Documenti/GitHub/HandVerify/datasets/processed-handwritten/rimes_processed/train2011-327/batch_5345.png,impostor,0.8917285203933716,0.7360067367553711,0.1557217836380005,false_accept
/home/lorenzo/Documenti/GitHub/HandVerify/datasets/processed-handwritten/rimes_processed/train2011-757/batch_8537.png,/home/lorenzo/Documenti/GitHub/HandVerify/datasets/processed-handwritten/rimes_processed/train2011-894/batch_9431.png,impostor,0.8868807554244995,0.7360067367553711,0.15087401866912842,false_accept
/home/lorenzo/Documenti/GitHub/HandVerify/datasets/processed-handwritten/rimes_processed/train2011-1079/batch_1156.png,/home/lorenzo/Documenti/GitHub/HandVerify/datasets/processed-handwritten/rimes_processed/train2011-1483/batch_3918.png,impostor,0.8996351957321167,0.7360067367553711,0.1636284589767456,false_accept
/home/lorenzo/Documenti/GitHub/HandVerify/datasets/processed-handwritten/rimes_processed/train2011-483/batch_6604.png,/home/lorenzo/Documenti/GitHub/HandVerify/datasets/processed-handwritten/rimes_processed/train2011-760/batch_8563.png,impostor,0.8450035452842712,0.7360067367553711,0.10899680852890015,false_accept
/home/lorenzo/Documenti/GitHub/HandVerify/datasets/processed-handwritten/rimes_processed/train2011-275/batch_4968.png,/home/lorenzo/Documenti/GitHub/HandVerify/datasets/processed-handwritten/rimes_processed/train2011-296/batch_5098.png,impostor,0.9465454816818237,0.7360067367553711,0.21053874492645264,false_accept
/home/lorenzo/Documenti/GitHub/HandVerify/datasets/processed-handwritten/rimes_processed/train2011-1033/batch_867.png,/home/lorenzo/Documenti/GitHub/HandVerify/datasets/processed-handwritten/rimes_processed/train2011-67/batch_7991.png,impostor,0.9101325869560242,0.7360067367553711,0.17412585020065308,false_accept
/home/lorenzo/Documenti/GitHub/HandVerify/datasets/processed-handwritten/rimes_processed/eval2011-1/mosaic_001.png,/home/lorenzo/Documenti/GitHub/HandVerify/datasets/processed-handwritten/rimes_processed/eval2011-50/mosaic_002.png,impostor,0.812836229801178,0.7360067367553711,0.07682949304580688,false_accept
/home/lorenzo/Documenti/GitHub/HandVerify/datasets/processed-handwritten/rimes_processed/eval2011-70/batch_441.png,/home/lorenzo/Documenti/GitHub/HandVerify/datasets/processed-handwritten/rimes_processed/train2011-482/batch_6595.png,impostor,0.8456835746765137,0.7360067367553711,0.10967683792114258,false_accept
/home/lorenzo/Documenti/GitHub/HandVerify/datasets/processed-handwritten/rimes_processed/train2011-275/mosaic_001.png,/home/lorenzo/Documenti/GitHub/HandVerify/datasets/processed-handwritten/rimes_processed/train2011-275/batch_4972.png,genuine,0.284702867269516,0.7360067367553711,-0.4513038694858551,false_reject
/home/lorenzo/Documenti/GitHub/HandVerify/datasets/processed-handwritten/rimes_processed/eval2011-33/mosaic_001.png,/home/lorenzo/Documenti/GitHub/HandVerify/datasets/processed-handwritten/rimes_processed/train2011-1274/batch_2508.png,impostor,0.7460644841194153,0.7360067367553711,0.01005774736404419,false_accept
/home/lorenzo/Documenti/GitHub/HandVerify/datasets/processed-handwritten/rimes_processed/train2011-666/mosaic_000.png,/home/lorenzo/Documenti/GitHub/HandVerify/datasets/processed-handwritten/rimes_processed/train2011-890/batch_9391.png,impostor,0.8762105703353882,0.7360067367553711,0.1402038335800171,false_accept
/home/lorenzo/Documenti/GitHub/HandVerify/datasets/processed-handwritten/rimes_processed/train2011-1244/mosaic_001.png,/home/lorenzo/Documenti/GitHub/HandVerify/datasets/processed-handwritten/rimes_processed/train2011-622/batch_7553.png,impostor,0.749761700630188,0.7360067367553711,0.013754963874816895,false_accept
/home/lorenzo/Documenti/GitHub/HandVerify/datasets/processed-handwritten/rimes_processed/train2011-1401/mosaic_000.png,/home/lorenzo/Documenti/GitHub/HandVerify/datasets/processed-handwritten/rimes_processed/train2011-1475/batch_3862.png,impostor,0.8768391013145447,0.7360067367553711,0.14083236455917358,false_accept
/home/lorenzo/Documenti/GitHub/HandVerify/datasets/processed-handwritten/rimes_processed/train2011-1162/batch_1739.png,/home/lorenzo/Documenti/GitHub/HandVerify/datasets/processed-handwritten/rimes_processed/train2011-625/batch_7577.png,impostor,0.9269389510154724,0.7360067367553711,0.19093221426010132,false_accept
/home/lorenzo/Documenti/GitHub/HandVerify/datasets/processed-handwritten/rimes_processed/train2011-1010/batch_715.png,/home/lorenzo/Documenti/GitHub/HandVerify/datasets/processed-handwritten/rimes_processed/train2011-779/batch_8698.png,impostor,0.791110098361969,0.7360067367553711,0.0551033616065979,false_accept
/home/lorenzo/Documenti/GitHub/HandVerify/datasets/processed-handwritten/rimes_processed/train2011-1111/batch_1394.png,/home/lorenzo/Documenti/GitHub/HandVerify/datasets/processed-handwritten/rimes_processed/train2011-1111/mosaic_002.png,genuine,0.4882461726665497,0.7360067367553711,-0.2477605640888214,false_reject
/home/lorenzo/Documenti/GitHub/HandVerify/datasets/processed-handwritten/rimes_processed/train2011-318/batch_5273.png,/home/lorenzo/Documenti/GitHub/HandVerify/datasets/processed-handwritten/rimes_processed/train2011-936/batch_9665.png,impostor,0.9586825966835022,0.7360067367553711,0.2226758599281311,false_accept
/home/lorenzo/Documenti/GitHub/HandVerify/datasets/processed-handwritten/rimes_processed/eval2011-38/batch_208.png,/home/lorenzo/Documenti/GitHub/HandVerify/datasets/processed-handwritten/rimes_processed/train2011-982/batch_9951.png,impostor,0.9536183476448059,0.7360067367553711,0.21761161088943481,false_accept
/home/lorenzo/Documenti/GitHub/HandVerify/datasets/processed-handwritten/rimes_processed/train2011-1477/batch_3877.png,/home/lorenzo/Documenti/GitHub/HandVerify/datasets/processed-handwritten/rimes_processed/train2011-694/batch_8106.png,impostor,0.9584968686103821,0.7360067367553711,0.222490131855011,false_accept
/home/lorenzo/Documenti/GitHub/HandVerify/datasets/processed-handwritten/rimes_processed/train2011-315/batch_5251.png,/home/lorenzo/Documenti/GitHub/HandVerify/datasets/processed-handwritten/rimes_processed/train2011-657/batch_7820.png,impostor,0.908674955368042,0.7360067367553711,0.1726682186126709,false_accept
/home/lorenzo/Documenti/GitHub/HandVerify/datasets/processed-handwritten/rimes_processed/train2011-1386/batch_3209.png,/home/lorenzo/Documenti/GitHub/HandVerify/datasets/processed-handwritten/rimes_processed/train2011-982/batch_9951.png,impostor,0.8949639797210693,0.7360067367553711,0.15895724296569824,false_accept
/home/lorenzo/Documenti/GitHub/HandVerify/datasets/processed-handwritten/rimes_processed/train2011-514/batch_6835.png,/home/lorenzo/Documenti/GitHub/HandVerify/datasets/processed-handwritten/rimes_processed/train2011-577/mosaic_000.png,impostor,0.7695318460464478,0.7360067367553711,0.03352510929107666,false_accept
/home/lorenzo/Documenti/GitHub/HandVerify/datasets/processed-handwritten/rimes_processed/eval2011-44/batch_267.png,/home/lorenzo/Documenti/GitHub/HandVerify/datasets/processed-handwritten/rimes_processed/eval2011-78/batch_499.png,impostor,0.9026272296905518,0.7360067367553711,0.16662049293518066,false_accept
/home/lorenzo/Documenti/GitHub/HandVerify/datasets/processed-handwritten/rimes_processed/train2011-1382/mosaic_001.png,/home/lorenzo/Documenti/GitHub/HandVerify/datasets/processed-handwritten/rimes_processed/train2011-1382/batch_3179.png,genuine,0.5772100687026978,0.7360067367553711,-0.15879666805267334,false_reject
/home/lorenzo/Documenti/GitHub/HandVerify/datasets/processed-handwritten/rimes_processed/eval2011-50/batch_312.png,/home/lorenzo/Documenti/GitHub/HandVerify/datasets/processed-handwritten/rimes_processed/eval2011-50/mosaic_000.png,genuine,0.6081166863441467,0.7360067367553711,-0.12789005041122437,false_reject
/home/lorenzo/Documenti/GitHub/HandVerify/datasets/processed-handwritten/rimes_processed/train2011-1105/batch_1349.png,/home/lorenzo/Documenti/GitHub/HandVerify/datasets/processed-handwritten/rimes_processed/train2011-233/batch_4638.png,impostor,0.7607614398002625,0.7360067367553711,0.024754703044891357,false_accept
/home/lorenzo/Documenti/GitHub/HandVerify/datasets/processed-handwritten/rimes_processed/train2011-1314/batch_2781.png,/home/lorenzo/Documenti/GitHub/HandVerify/datasets/processed-handwritten/rimes_processed/train2011-293/batch_5082.png,impostor,0.9408161640167236,0.7360067367553711,0.20480942726135254,false_accept
/home/lorenzo/Documenti/GitHub/HandVerify/datasets/processed-handwritten/rimes_processed/train2011-143/batch_3572.png,/home/lorenzo/Documenti/GitHub/HandVerify/datasets/processed-handwritten/rimes_processed/train2011-686/batch_8041.png,impostor,0.8931440114974976,0.7360067367553711,0.15713727474212646,false_accept
/home/lorenzo/Documenti/GitHub/HandVerify/datasets/processed-handwritten/rimes_processed/train2011-1139/batch_1569.png,/home/lorenzo/Documenti/GitHub/HandVerify/datasets/processed-handwritten/rimes_processed/train2011-501/batch_6749.png,impostor,0.9795168042182922,0.7360067367553711,0.24351006746292114,false_accept
/home/lorenzo/Documenti/GitHub/HandVerify/datasets/processed-handwritten/rimes_processed/train2011-859/batch_9207.png,/home/lorenzo/Documenti/GitHub/HandVerify/datasets/processed-handwritten/rimes_processed/train2011-979/batch_9923.png,impostor,0.8631870746612549,0.7360067367553711,0.1271803379058838,false_accept
/home/lorenzo/Documenti/GitHub/HandVerify/datasets/processed-handwritten/rimes_processed/train2011-191/batch_4328.png,/home/lorenzo/Documenti/GitHub/HandVerify/datasets/processed-handwritten/rimes_processed/train2011-982/batch_9953.png,impostor,0.8292452692985535,0.7360067367553711,0.09323853254318237,false_accept
/home/lorenzo/Documenti/GitHub/HandVerify/datasets/processed-handwritten/rimes_processed/train2011-353/batch_5585.png,/home/lorenzo/Documenti/GitHub/HandVerify/datasets/processed-handwritten/rimes_processed/train2011-368/batch_5720.png,impostor,0.8540814518928528,0.7360067367553711,0.11807471513748169,false_accept
/home/lorenzo/Documenti/GitHub/HandVerify/datasets/processed-handwritten/rimes_processed/train2011-247/mosaic_001.png,/home/lorenzo/Documenti/GitHub/HandVerify/datasets/processed-handwritten/rimes_processed/train2011-672/mosaic_001.png,impostor,0.9147661924362183,0.7360067367553711,0.17875945568084717,false_accept
/home/lorenzo/Documenti/GitHub/HandVerify/datasets/processed-handwritten/rimes_processed/train2011-655/mosaic_000.png,/home/lorenzo/Documenti/GitHub/HandVerify/datasets/processed-handwritten/rimes_processed/train2011-655/batch_7805.png,genuine,0.5729919075965881,0.7360067367553711,-0.16301482915878296,false_reject
/home/lorenzo/Documenti/GitHub/HandVerify/datasets/processed-handwritten/rimes_processed/train2011-195/mosaic_004.png,/home/lorenzo/Documenti/GitHub/HandVerify/datasets/processed-handwritten/rimes_processed/train2011-336/batch_5421.png,impostor,0.8164678812026978,0.7360067367553711,0.08046114444732666,false_accept
/home/lorenzo/Documenti/GitHub/HandVerify/datasets/processed-handwritten/rimes_processed/train2011-1388/batch_3222.png,/home/lorenzo/Documenti/GitHub/HandVerify/datasets/processed-handwritten/rimes_processed/train2011-373/batch_5765.png,impostor,0.971009373664856,0.7360067367553711,0.23500263690948486,false_accept
/home/lorenzo/Documenti/GitHub/HandVerify/datasets/processed-handwritten/rimes_processed/train2011-730/mosaic_001.png,/home/lorenzo/Documenti/GitHub/HandVerify/datasets/processed-handwritten/rimes_processed/train2011-730/batch_8361.png,genuine,0.7291128635406494,0.7360067367553711,-0.00689387321472168,false_reject
/home/lorenzo/Documenti/GitHub/HandVerify/datasets/processed-handwritten/rimes_processed/train2011-121/batch_2135.png,/home/lorenzo/Documenti/GitHub/HandVerify/datasets/processed-handwritten/rimes_processed/train2011-83/batch_9089.png,impostor,0.9351666569709778,0.7360067367553711,0.1991599202156067,false_accept
/home/lorenzo/Documenti/GitHub/HandVerify/datasets/processed-handwritten/rimes_processed/train2011-1369/batch_3089.png,/home/lorenzo/Documenti/GitHub/HandVerify/datasets/processed-handwritten/rimes_processed/train2011-201/batch_4407.png,impostor,0.9598571062088013,0.7360067367553711,0.22385036945343018,false_accept
/home/lorenzo/Documenti/GitHub/HandVerify/datasets/processed-handwritten/rimes_processed/train2011-1422/mosaic_000.png,/home/lorenzo/Documenti/GitHub/HandVerify/datasets/processed-handwritten/rimes_processed/train2011-975/mosaic_000.png,impostor,0.8442538976669312,0.7360067367553711,0.10824716091156006,false_accept
/home/lorenzo/Documenti/GitHub/HandVerify/datasets/processed-handwritten/rimes_processed/train2011-326/batch_5334.png,/home/lorenzo/Documenti/GitHub/HandVerify/datasets/processed-handwritten/rimes_processed/train2011-58/batch_7332.png,impostor,0.8664273619651794,0.7360067367553711,0.13042062520980835,false_accept
/home/lorenzo/Documenti/GitHub/HandVerify/datasets/processed-handwritten/rimes_processed/eval2011-18/batch_057.png,/home/lorenzo/Documenti/GitHub/HandVerify/datasets/processed-handwritten/rimes_processed/train2011-303/batch_5161.png,impostor,0.9696571230888367,0.7360067367553711,0.23365038633346558,false_accept
/home/lorenzo/Documenti/GitHub/HandVerify/datasets/processed-handwritten/rimes_processed/train2011-1441/batch_3594.png,/home/lorenzo/Documenti/GitHub/HandVerify/datasets/processed-handwritten/rimes_processed/train2011-752/batch_8512.png,impostor,0.8338419198989868,0.7360067367553711,0.09783518314361572,false_accept
/home/lorenzo/Documenti/GitHub/HandVerify/datasets/processed-handwritten/rimes_processed/train2011-6/batch_8166.png,/home/lorenzo/Documenti/GitHub/HandVerify/datasets/processed-handwritten/rimes_processed/train2011-628/batch_7609.png,impostor,0.8308525681495667,0.7360067367553711,0.09484583139419556,false_accept
/home/lorenzo/Documenti/GitHub/HandVerify/datasets/processed-handwritten/rimes_processed/train2011-183/batch_4279.png,/home/lorenzo/Documenti/GitHub/HandVerify/datasets/processed-handwritten/rimes_processed/train2011-930/batch_9634.png,impostor,0.9595550298690796,0.7360067367553711,0.2235482931137085,false_accept
/home/lorenzo/Documenti/GitHub/HandVerify/datasets/processed-handwritten/rimes_processed/train2011-228/mosaic_001.png,/home/lorenzo/Documenti/GitHub/HandVerify/datasets/processed-handwritten/rimes_processed/train2011-992/batch_10014.png,impostor,0.7901548147201538,0.7360067367553711,0.054148077964782715,false_accept
/home/lorenzo/Documenti/GitHub/HandVerify/datasets/processed-handwritten/rimes_processed/train2011-1050/mosaic_001.png,/home/lorenzo/Documenti/GitHub/HandVerify/datasets/processed-handwritten/rimes_processed/train2011-294/batch_5086.png,impostor,0.9599199295043945,0.7360067367553711,0.22391319274902344,false_accept
/home/lorenzo/Documenti/GitHub/HandVerify/datasets/processed-handwritten/rimes_processed/train2011-147/batch_3894.png,/home/lorenzo/Documenti/GitHub/HandVerify/datasets/processed-handwritten/rimes_processed/train2011-396/batch_5936.png,impostor,0.8025233149528503,0.7360067367553711,0.06651657819747925,false_accept
/home/lorenzo/Documenti/GitHub/HandVerify/datasets/processed-handwritten/rimes_processed/train2011-448/mosaic_001.png,/home/lorenzo/Documenti/GitHub/HandVerify/datasets/processed-handwritten/rimes_processed/train2011-658/batch_7824.png,impostor,0.747580885887146,0.7360067367553711,0.011574149131774902,false_accept
/home/lorenzo/Documenti/GitHub/HandVerify/datasets/processed-handwritten/rimes_processed/train2011-1457/batch_3693.png,/home/lorenzo/Documenti/GitHub/HandVerify/datasets/processed-handwritten/rimes_processed/train2011-827/batch_9026.png,impostor,0.8462131023406982,0.7360067367553711,0.11020636558532715,false_accept
/home/lorenzo/Documenti/GitHub/HandVerify/datasets/processed-handwritten/rimes_processed/train2011-433/batch_6252.png,/home/lorenzo/Documenti/GitHub/HandVerify/datasets/processed-handwritten/rimes_processed/train2011-774/batch_8665.png,impostor,0.8539350628852844,0.7360067367553711,0.11792832612991333,false_accept
/home/lorenzo/Documenti/GitHub/HandVerify/datasets/processed-handwritten/rimes_processed/train2011-1104/batch_1342.png,/home/lorenzo/Documenti/GitHub/HandVerify/datasets/processed-handwritten/rimes_processed/train2011-405/batch_6029.png,impostor,0.8878865242004395,0.7360067367553711,0.15187978744506836,false_accept
/home/lorenzo/Documenti/GitHub/HandVerify/datasets/processed-handwritten/rimes_processed/train2011-742/batch_8428.png,/home/lorenzo/Documenti/GitHub/HandVerify/datasets/processed-handwritten/rimes_processed/train2011-742/batch_8431.png,genuine,0.6739951968193054,0.7360067367553711,-0.062011539936065674,false_reject
/home/lorenzo/Documenti/GitHub/HandVerify/datasets/processed-handwritten/rimes_processed/train2011-1079/batch_1160.png,/home/lorenzo/Documenti/GitHub/HandVerify/datasets/processed-handwritten/rimes_processed/train2011-625/mosaic_005.png,impostor,0.7937772274017334,0.7360067367553711,0.057770490646362305,false_accept
/home/lorenzo/Documenti/GitHub/HandVerify/datasets/processed-handwritten/rimes_processed/train2011-645/batch_7726.png,/home/lorenzo/Documenti/GitHub/HandVerify/datasets/processed-handwritten/rimes_processed/train2011-836/batch_9077.png,impostor,0.7604956030845642,0.7360067367553711,0.024488866329193115,false_accept
/home/lorenzo/Documenti/GitHub/HandVerify/datasets/processed-handwritten/rimes_processed/train2011-1454/mosaic_000.png,/home/lorenzo/Documenti/GitHub/HandVerify/datasets/processed-handwritten/rimes_processed/train2011-255/mosaic_000.png,impostor,0.7465356588363647,0.7360067367553711,0.010528922080993652,false_accept
/home/lorenzo/Documenti/GitHub/HandVerify/datasets/processed-handwritten/rimes_processed/train2011-695/mosaic_002.png,/home/lorenzo/Documenti/GitHub/HandVerify/datasets/processed-handwritten/rimes_processed/train2011-987/batch_9975.png,impostor,0.7565627694129944,0.7360067367553711,0.02055603265762329,false_accept
/home/lorenzo/Documenti/GitHub/HandVerify/datasets/processed-handwritten/rimes_processed/train2011-1037/mosaic_000.png,/home/lorenzo/Documenti/GitHub/HandVerify/datasets/processed-handwritten/rimes_processed/train2011-595/mosaic_001.png,impostor,0.8870245218276978,0.7360067367553711,0.15101778507232666,false_accept
/home/lorenzo/Documenti/GitHub/HandVerify/datasets/processed-handwritten/rimes_processed/train2011-266/batch_4885.png,/home/lorenzo/Documenti/GitHub/HandVerify/datasets/processed-handwritten/rimes_processed/train2011-542/batch_7027.png,impostor,0.9389856457710266,0.7360067367553711,0.20297890901565552,false_accept
/home/lorenzo/Documenti/GitHub/HandVerify/datasets/processed-handwritten/rimes_processed/train2011-108/batch_1234.png,/home/lorenzo/Documenti/GitHub/HandVerify/datasets/processed-handwritten/rimes_processed/train2011-1247/batch_2332.png,impostor,0.9270424842834473,0.7360067367553711,0.19103574752807617,false_accept
/home/lorenzo/Documenti/GitHub/HandVerify/datasets/processed-handwritten/rimes_processed/train2011-1098/mosaic_001.png,/home/lorenzo/Documenti/GitHub/HandVerify/datasets/processed-handwritten/rimes_processed/train2011-669/batch_7905.png,impostor,0.8916862607002258,0.7360067367553711,0.15567952394485474,false_accept
/home/lorenzo/Documenti/GitHub/HandVerify/datasets/processed-handwritten/rimes_processed/train2011-1230/batch_2211.png,/home/lorenzo/Documenti/GitHub/HandVerify/datasets/processed-handwritten/rimes_processed/train2011-231/batch_4627.png,impostor,0.9140473008155823,0.7360067367553711,0.17804056406021118,false_accept
/home/lorenzo/Documenti/GitHub/HandVerify/datasets/processed-handwritten/rimes_processed/train2011-682/mosaic_001.png,/home/lorenzo/Documenti/GitHub/HandVerify/datasets/processed-handwritten/rimes_processed/train2011-682/batch_8017.png,genuine,0.7219374179840088,0.7360067367553711,-0.014069318771362305,false_reject
/home/lorenzo/Documenti/GitHub/HandVerify/datasets/processed-handwritten/rimes_processed/train2011-232/mosaic_001.png,/home/lorenzo/Documenti/GitHub/HandVerify/datasets/processed-handwritten/rimes_processed/train2011-232/batch_4631.png,genuine,0.6768062114715576,0.7360067367553711,-0.05920052528381348,false_reject
/home/lorenzo/Documenti/GitHub/HandVerify/datasets/processed-handwritten/rimes_processed/train2011-1437/batch_3554.png,/home/lorenzo/Documenti/GitHub/HandVerify/datasets/processed-handwritten/rimes_processed/train2011-588/batch_7317.png,impostor,0.8643733859062195,0.7360067367553711,0.1283666491508484,false_accept
/home/lorenzo/Documenti/GitHub/HandVerify/datasets/processed-handwritten/rimes_processed/eval2011-11/batch_018.png,/home/lorenzo/Documenti/GitHub/HandVerify/datasets/processed-handwritten/rimes_processed/train2011-743/batch_8435.png,impostor,0.9282371997833252,0.7360067367553711,0.1922304630279541,false_accept
/home/lorenzo/Documenti/GitHub/HandVerify/datasets/processed-handwritten/rimes_processed/train2011-1197/mosaic_000.png,/home/lorenzo/Documenti/GitHub/HandVerify/datasets/processed-handwritten/rimes_processed/train2011-40/batch_6065.png,impostor,0.8859630227088928,0.7360067367553711,0.14995628595352173,false_accept
/home/lorenzo/Documenti/GitHub/HandVerify/datasets/processed-handwritten/rimes_processed/train2011-1066/batch_1078.png,/home/lorenzo/Documenti/GitHub/HandVerify/datasets/processed-handwritten/rimes_processed/train2011-1344/batch_2967.png,impostor,0.9606287479400635,0.7360067367553711,0.22462201118469238,false_accept
/home/lorenzo/Documenti/GitHub/HandVerify/datasets/processed-handwritten/rimes_processed/train2011-1305/batch_2703.png,/home/lorenzo/Documenti/GitHub/HandVerify/datasets/processed-handwritten/rimes_processed/train2011-71/mosaic_001.png,impostor,0.7380637526512146,0.7360067367553711,0.002057015895843506,false_accept
/home/lorenzo/Documenti/GitHub/HandVerify/datasets/processed-handwritten/rimes_processed/train2011-1221/batch_2158.png,/home/lorenzo/Documenti/GitHub/HandVerify/datasets/processed-handwritten/rimes_processed/train2011-1377/mosaic_000.png,impostor,0.8419159650802612,0.7360067367553711,0.10590922832489014,false_accept
/home/lorenzo/Documenti/GitHub/HandVerify/datasets/processed-handwritten/rimes_processed/train2011-1422/batch_3443.png,/home/lorenzo/Documenti/GitHub/HandVerify/datasets/processed-handwritten/rimes_processed/train2011-566/batch_7186.png,impostor,0.9183682203292847,0.7360067367553711,0.18236148357391357,false_accept
/home/lorenzo/Documenti/GitHub/HandVerify/datasets/processed-handwritten/rimes_processed/train2011-1482/batch_3916.png,/home/lorenzo/Documenti/GitHub/HandVerify/datasets/processed-handwritten/rimes_processed/train2011-274/batch_4947.png,impostor,0.9420178532600403,0.7360067367553711,0.2060111165046692,false_accept
/home/lorenzo/Documenti/GitHub/HandVerify/datasets/processed-handwritten/rimes_processed/train2011-1435/mosaic_000.png,/home/lorenzo/Documenti/GitHub/HandVerify/datasets/processed-handwritten/rimes_processed/train2011-623/mosaic_000.png,impostor,0.9091101884841919,0.7360067367553711,0.1731034517288208,false_accept
/home/lorenzo/Documenti/GitHub/HandVerify/datasets/processed-handwritten/rimes_processed/train2011-1271/mosaic_001.png,/home/lorenzo/Documenti/GitHub/HandVerify/datasets/processed-handwritten/rimes_processed/train2011-1271/batch_2482.png,genuine,0.7279181480407715,0.7360067367553711,-0.00808858871459961,false_reject
/home/lorenzo/Documenti/GitHub/HandVerify/datasets/processed-handwritten/rimes_processed/train2011-1396/batch_3268.png,/home/lorenzo/Documenti/GitHub/HandVerify/datasets/processed-handwritten/rimes_processed/train2011-600/batch_7412.png,impostor,0.9181562066078186,0.7360067367553711,0.1821494698524475,false_accept
/home/lorenzo/Documenti/GitHub/HandVerify/datasets/processed-handwritten/rimes_processed/train2011-299/batch_5120.png,/home/lorenzo/Documenti/GitHub/HandVerify/datasets/processed-handwritten/rimes_processed/train2011-375/batch_5778.png,impostor,0.9349732398986816,0.7360067367553711,0.19896650314331055,false_accept
/home/lorenzo/Documenti/GitHub/HandVerify/datasets/processed-handwritten/rimes_processed/train2011-1224/mosaic_001.png,/home/lorenzo/Documenti/GitHub/HandVerify/datasets/processed-handwritten/rimes_processed/train2011-810/batch_8923.png,impostor,0.8194000124931335,0.7360067367553711,0.08339327573776245,false_accept
/home/lorenzo/Documenti/GitHub/HandVerify/datasets/processed-handwritten/rimes_processed/eval2011-66/batch_410.png,/home/lorenzo/Documenti/GitHub/HandVerify/datasets/processed-handwritten/rimes_processed/train2011-1333/batch_2904.png,impostor,0.7671017646789551,0.7360067367553711,0.031095027923583984,false_accept
/home/lorenzo/Documenti/GitHub/HandVerify/datasets/processed-handwritten/rimes_processed/train2011-542/mosaic_000.png,/home/lorenzo/Documenti/GitHub/HandVerify/datasets/processed-handwritten/rimes_processed/train2011-542/batch_7029.png,genuine,0.6494847536087036,0.7360067367553711,-0.08652198314666748,false_reject
/home/lorenzo/Documenti/GitHub/HandVerify/datasets/processed-handwritten/rimes_processed/train2011-374/batch_5772.png,/home/lorenzo/Documenti/GitHub/HandVerify/datasets/processed-handwritten/rimes_processed/train2011-496/batch_6705.png,impostor,0.8323298692703247,0.7360067367553711,0.09632313251495361,false_accept
/home/lorenzo/Documenti/GitHub/HandVerify/datasets/processed-handwritten/rimes_processed/train2011-597/batch_7383.png,/home/lorenzo/Documenti/GitHub/HandVerify/datasets/processed-handwritten/rimes_processed/train2011-597/batch_7377.png,genuine,0.6457042694091797,0.7360067367553711,-0.0903024673461914,false_reject
/home/lorenzo/Documenti/GitHub/HandVerify/datasets/processed-handwritten/rimes_processed/eval2011-73/mosaic_000.png,/home/lorenzo/Documenti/GitHub/HandVerify/datasets/processed-handwritten/rimes_processed/train2011-1446/batch_3619.png,impostor,0.8767552375793457,0.7360067367553711,0.1407485008239746,false_accept
/home/lorenzo/Documenti/GitHub/HandVerify/datasets/processed-handwritten/rimes_processed/train2011-402/batch_5997.png,/home/lorenzo/Documenti/GitHub/HandVerify/datasets/processed-handwritten/rimes_processed/train2011-691/batch_8072.png,impostor,0.9842991828918457,0.7360067367553711,0.2482924461364746,false_accept
/home/lorenzo/Documenti/GitHub/HandVerify/datasets/processed-handwritten/rimes_processed/train2011-399/batch_5956.png,/home/lorenzo/Documenti/GitHub/HandVerify/datasets/processed-handwritten/rimes_processed/train2011-739/mosaic_001.png,impostor,0.8067623972892761,0.7360067367553711,0.07075566053390503,false_accept
/home/lorenzo/Documenti/GitHub/HandVerify/datasets/processed-handwritten/rimes_processed/eval2011-73/mosaic_002.png,/home/lorenzo/Documenti/GitHub/HandVerify/datasets/processed-handwritten/rimes_processed/train2011-319/batch_5276.png,impostor,0.9077258706092834,0.7360067367553711,0.17171913385391235,false_accept
/home/lorenzo/Documenti/GitHub/HandVerify/datasets/processed-handwritten/rimes_processed/train2011-142/batch_3496.png,/home/lorenzo/Documenti/GitHub/HandVerify/datasets/processed-handwritten/rimes_processed/train2011-985/batch_9967.png,impostor,0.8851616382598877,0.7360067367553711,0.1491549015045166,false_accept
/home/lorenzo/Documenti/GitHub/HandVerify/datasets/processed-handwritten/rimes_processed/train2011-111/batch_1454.png,/home/lorenzo/Documenti/GitHub/HandVerify/datasets/processed-handwritten/rimes_processed/train2011-111/batch_1451.png,genuine,0.6718780994415283,0.7360067367553711,-0.06412863731384277,false_reject
/home/lorenzo/Documenti/GitHub/HandVerify/datasets/processed-handwritten/rimes_processed/train2011-1034/batch_874.png,/home/lorenzo/Documenti/GitHub/HandVerify/datasets/processed-handwritten/rimes_processed/train2011-200/mosaic_000.png,impostor,0.9191796183586121,0.7360067367553711,0.18317288160324097,false_accept
/home/lorenzo/Documenti/GitHub/HandVerify/datasets/processed-handwritten/rimes_processed/eval2011-76/batch_479.png,/home/lorenzo/Documenti/GitHub/HandVerify/datasets/processed-handwritten/rimes_processed/train2011-1417/batch_3415.png,impostor,0.9773392081260681,0.7360067367553711,0.24133247137069702,false_accept
/home/lorenzo/Documenti/GitHub/HandVerify/datasets/processed-handwritten/rimes_processed/train2011-1230/batch_2212.png,/home/lorenzo/Documenti/GitHub/HandVerify/datasets/processed-handwritten/rimes_processed/train2011-590/batch_7342.png,impostor,0.7729803323745728,0.7360067367553711,0.03697359561920166,false_accept
/home/lorenzo/Documenti/GitHub/HandVerify/datasets/processed-handwritten/rimes_processed/train2011-1100/batch_1327.png,/home/lorenzo/Documenti/GitHub/HandVerify/datasets/processed-handwritten/rimes_processed/train2011-977/batch_9903.png,impostor,0.9814194440841675,0.7360067367553711,0.2454127073287964,false_accept
/home/lorenzo/Documenti/GitHub/HandVerify/datasets/processed-handwritten/rimes_processed/train2011-617/batch_7527.png,/home/lorenzo/Documenti/GitHub/HandVerify/datasets/processed-handwritten/rimes_processed/train2011-978/batch_9914.png,impostor,0.7896328568458557,0.7360067367553711,0.05362612009048462,false_accept
/home/lorenzo/Documenti/GitHub/HandVerify/datasets/processed-handwritten/rimes_processed/train2011-1180/batch_1868.png,/home/lorenzo/Documenti/GitHub/HandVerify/datasets/processed-handwritten/rimes_processed/train2011-1180/mosaic_001.png,genuine,0.5390244126319885,0.7360067367553711,-0.19698232412338257,false_reject
/home/lorenzo/Documenti/GitHub/HandVerify/datasets/processed-handwritten/rimes_processed/train2011-1075/batch_1134.png,/home/lorenzo/Documenti/GitHub/HandVerify/datasets/processed-handwritten/rimes_processed/train2011-1436/batch_3543.png,impostor,0.8814277648925781,0.7360067367553711,0.14542102813720703,false_accept
/home/lorenzo/Documenti/GitHub/HandVerify/datasets/processed-handwritten/rimes_processed/train2011-47/batch_6577.png,/home/lorenzo/Documenti/GitHub/HandVerify/datasets/processed-handwritten/rimes_processed/train2011-55/batch_7144.png,impostor,0.8418163061141968,0.7360067367553711,0.10580956935882568,false_accept
/home/lorenzo/Documenti/GitHub/HandVerify/datasets/processed-handwritten/rimes_processed/train2011-354/mosaic_001.png,/home/lorenzo/Documenti/GitHub/HandVerify/datasets/processed-handwritten/rimes_processed/train2011-923/batch_9591.png,impostor,0.891732394695282,0.7360067367553711,0.1557256579399109,false_accept
/home/lorenzo/Documenti/GitHub/HandVerify/datasets/processed-handwritten/rimes_processed/eval2011-44/batch_266.png,/home/lorenzo/Documenti/GitHub/HandVerify/datasets/processed-handwritten/rimes_processed/train2011-541/batch_7016.png,impostor,0.9813458323478699,0.7360067367553711,0.24533909559249878,false_accept
/home/lorenzo/Documenti/GitHub/HandVerify/datasets/processed-handwritten/rimes_processed/train2011-1132/batch_1526.png,/home/lorenzo/Documenti/GitHub/HandVerify/datasets/processed-handwritten/rimes_processed/train2011-1381/batch_3167.png,impostor,0.7819418907165527,0.7360067367553711,0.04593515396118164,false_accept
/home/lorenzo/Documenti/GitHub/HandVerify/datasets/processed-handwritten/rimes_processed/train2011-545/batch_7043.png,/home/lorenzo/Documenti/GitHub/HandVerify/datasets/processed-handwritten/rimes_processed/train2011-911/batch_9526.png,impostor,0.9521234631538391,0.7360067367553711,0.21611672639846802,false_accept
/home/lorenzo/Documenti/GitHub/HandVerify/datasets/processed-handwritten/rimes_processed/train2011-1137/batch_1558.png,/home/lorenzo/Documenti/GitHub/HandVerify/datasets/processed-handwritten/rimes_processed/train2011-264/batch_4876.png,impostor,0.9160393476486206,0.7360067367553711,0.1800326108932495,false_accept
/home/lorenzo/Documenti/GitHub/HandVerify/datasets/processed-handwritten/rimes_processed/train2011-403/batch_6000.png,/home/lorenzo/Documenti/GitHub/HandVerify/datasets/processed-handwritten/rimes_processed/train2011-542/batch_7024.png,impostor,0.9314392805099487,0.7360067367553711,0.19543254375457764,false_accept
/home/lorenzo/Documenti/GitHub/HandVerify/datasets/processed-handwritten/rimes_processed/train2011-116/batch_1799.png,/home/lorenzo/Documenti/GitHub/HandVerify/datasets/processed-handwritten/rimes_processed/train2011-889/batch_9372.png,impostor,0.9078696370124817,0.7360067367553711,0.1718629002571106,false_accept
/home/lorenzo/Documenti/GitHub/HandVerify/datasets/processed-handwritten/rimes_processed/eval2011-2/batch_152.png,/home/lorenzo/Documenti/GitHub/HandVerify/datasets/processed-handwritten/rimes_processed/train2011-1149/batch_1639.png,impostor,0.8839459419250488,0.7360067367553711,0.14793920516967773,false_accept
/home/lorenzo/Documenti/GitHub/HandVerify/datasets/processed-handwritten/rimes_processed/train2011-500/mosaic_000.png,/home/lorenzo/Documenti/GitHub/HandVerify/datasets/processed-handwritten/rimes_processed/train2011-500/batch_6744.png,genuine,0.4695212244987488,0.7360067367553711,-0.2664855122566223,false_reject
/home/lorenzo/Documenti/GitHub/HandVerify/datasets/processed-handwritten/rimes_processed/train2011-114/batch_1655.png,/home/lorenzo/Documenti/GitHub/HandVerify/datasets/processed-handwritten/rimes_processed/train2011-374/batch_5775.png,impostor,0.93880295753479,0.7360067367553711,0.20279622077941895,false_accept
/home/lorenzo/Documenti/GitHub/HandVerify/datasets/processed-handwritten/rimes_processed/train2011-318/batch_5267.png,/home/lorenzo/Documenti/GitHub/HandVerify/datasets/processed-handwritten/rimes_processed/train2011-826/mosaic_001.png,impostor,0.8365808725357056,0.7360067367553711,0.10057413578033447,false_accept
/home/lorenzo/Documenti/GitHub/HandVerify/datasets/processed-handwritten/rimes_processed/train2011-415/batch_6105.png,/home/lorenzo/Documenti/GitHub/HandVerify/datasets/processed-handwritten/rimes_processed/train2011-468/batch_6497.png,impostor,0.9147960543632507,0.7360067367553711,0.17878931760787964,false_accept
/home/lorenzo/Documenti/GitHub/HandVerify/datasets/processed-handwritten/rimes_processed/train2011-459/batch_6419.png,/home/lorenzo/Documenti/GitHub/HandVerify/datasets/processed-handwritten/rimes_processed/train2011-492/batch_6683.png,impostor,0.9826180338859558,0.7360067367553711,0.24661129713058472,false_accept
/home/lorenzo/Documenti/GitHub/HandVerify/datasets/processed-handwritten/rimes_processed/train2011-1303/batch_2690.png,/home/lorenzo/Documenti/GitHub/HandVerify/datasets/processed-handwritten/rimes_processed/train2011-534/batch_6968.png,impostor,0.9269874095916748,0.7360067367553711,0.1909806728363037,false_accept
/home/lorenzo/Documenti/GitHub/HandVerify/datasets/processed-handwritten/rimes_processed/eval2011-76/batch_478.png,/home/lorenzo/Documenti/GitHub/HandVerify/datasets/processed-handwritten/rimes_processed/train2011-424/batch_6177.png,impostor,0.948175847530365,0.7360067367553711,0.2121691107749939,false_accept
/home/lorenzo/Documenti/GitHub/HandVerify/datasets/processed-handwritten/rimes_processed/eval2011-46/batch_272.png,/home/lorenzo/Documenti/GitHub/HandVerify/datasets/processed-handwritten/rimes_processed/train2011-701/batch_8171.png,impostor,0.9179824590682983,0.7360067367553711,0.18197572231292725,false_accept
/home/lorenzo/Documenti/GitHub/HandVerify/datasets/processed-handwritten/rimes_processed/train2011-1348/batch_2987.png,/home/lorenzo/Documenti/GitHub/HandVerify/datasets/processed-handwritten/rimes_processed/train2011-1394/batch_3256.png,impostor,0.7791922092437744,0.7360067367553711,0.04318547248840332,false_accept
/home/lorenzo/Documenti/GitHub/HandVerify/datasets/processed-handwritten/rimes_processed/train2011-169/batch_4163.png,/home/lorenzo/Documenti/GitHub/HandVerify/datasets/processed-handwritten/rimes_processed/train2011-169/batch_4162.png,genuine,0.585071325302124,0.7360067367553711,-0.15093541145324707,false_reject
/home/lorenzo/Documenti/GitHub/HandVerify/datasets/processed-handwritten/rimes_processed/train2011-1277/batch_2532.png,/home/lorenzo/Documenti/GitHub/HandVerify/datasets/processed-handwritten/rimes_processed/train2011-328/batch_5353.png,impostor,0.9674100875854492,0.7360067367553711,0.23140335083007812,false_accept
/home/lorenzo/Documenti/GitHub/HandVerify/datasets/processed-handwritten/rimes_processed/train2011-356/batch_5611.png,/home/lorenzo/Documenti/GitHub/HandVerify/datasets/processed-handwritten/rimes_processed/train2011-356/mosaic_001.png,genuine,0.389529287815094,0.7360067367553711,-0.3464774489402771,false_reject
/home/lorenzo/Documenti/GitHub/HandVerify/datasets/processed-handwritten/rimes_processed/train2011-1165/batch_1764.png,/home/lorenzo/Documenti/GitHub/HandVerify/datasets/processed-handwritten/rimes_processed/train2011-456/batch_6411.png,impostor,0.7454303503036499,0.7360067367553711,0.009423613548278809,false_accept
/home/lorenzo/Documenti/GitHub/HandVerify/datasets/processed-handwritten/rimes_processed/train2011-1310/batch_2755.png,/home/lorenzo/Documenti/GitHub/HandVerify/datasets/processed-handwritten/rimes_processed/train2011-1310/mosaic_000.png,genuine,0.6739426851272583,0.7360067367553711,-0.06206405162811279,false_reject
/home/lorenzo/Documenti/GitHub/HandVerify/datasets/processed-handwritten/rimes_processed/train2011-295/batch_5088.png,/home/lorenzo/Documenti/GitHub/HandVerify/datasets/processed-handwritten/rimes_processed/train2011-584/batch_7297.png,impostor,0.9616878628730774,0.7360067367553711,0.2256811261177063,false_accept
/home/lorenzo/Documenti/GitHub/HandVerify/datasets/processed-handwritten/rimes_processed/train2011-625/batch_7588.png,/home/lorenzo/Documenti/GitHub/HandVerify/datasets/processed-handwritten/rimes_processed/train2011-625/mosaic_003.png,genuine,0.7240789532661438,0.7360067367553711,-0.011927783489227295,false_reject
/home/lorenzo/Documenti/GitHub/HandVerify/datasets/processed-handwritten/rimes_processed/train2011-1379/mosaic_001.png,/home/lorenzo/Documenti/GitHub/HandVerify/datasets/processed-handwritten/rimes_processed/train2011-1411/mosaic_002.png,impostor,0.8723911046981812,0.7360067367553711,0.13638436794281006,false_accept
/home/lorenzo/Documenti/GitHub/HandVerify/datasets/processed-handwritten/rimes_processed/train2011-1140/batch_1580.png,/home/lorenzo/Documenti/GitHub/HandVerify/datasets/processed-handwritten/rimes_processed/train2011-549/batch_7073.png,impostor,0.9434418082237244,0.7360067367553711,0.20743507146835327,false_accept
/home/lorenzo/Documenti/GitHub/HandVerify/datasets/processed-handwritten/rimes_processed/eval2011-3/batch_225.png,/home/lorenzo/Documenti/GitHub/HandVerify/datasets/processed-handwritten/rimes_processed/train2011-627/batch_7600.png,impostor,0.9327291250228882,0.7360067367553711,0.1967223882675171,false_accept
/home/lorenzo/Documenti/GitHub/HandVerify/datasets/processed-handwritten/rimes_processed/train2011-1422/batch_3447.png,/home/lorenzo/Documenti/GitHub/HandVerify/datasets/processed-handwritten/rimes_processed/train2011-18/batch_4321.png,impostor,0.8678703308105469,0.7360067367553711,0.13186359405517578,false_accept
/home/lorenzo/Documenti/GitHub/HandVerify/datasets/processed-handwritten/rimes_processed/train2011-1303/batch_2691.png,/home/lorenzo/Documenti/GitHub/HandVerify/datasets/processed-handwritten/rimes_processed/train2011-776/batch_8679.png,impostor,0.8347612023353577,0.7360067367553711,0.09875446557998657,false_accept
/home/lorenzo/Documenti/GitHub/HandVerify/datasets/processed-handwritten/rimes_processed/train2011-1421/batch_3440.png,/home/lorenzo/Documenti/GitHub/HandVerify/datasets/processed-handwritten/rimes_processed/train2011-99/batch_10060.png,impostor,0.7790996432304382,0.7360067367553711,0.04309290647506714,false_accept
/home/lorenzo/Documenti/GitHub/HandVerify/datasets/processed-handwritten/rimes_processed/train2011-551/batch_7089.png,/home/lorenzo/Documenti/GitHub/HandVerify/datasets/processed-handwritten/rimes_processed/train2011-606/batch_7453.png,impostor,0.8881178498268127,0.7360067367553711,0.15211111307144165,false_accept
/home/lorenzo/Documenti/GitHub/HandVerify/datasets/processed-handwritten/rimes_processed/train2011-272/mosaic_000.png,/home/lorenzo/Documenti/GitHub/HandVerify/datasets/processed-handwritten/rimes_processed/train2011-54/batch_7075.png,impostor,0.7444871068000793,0.7360067367553711,0.008480370044708252,false_accept
/home/lorenzo/Documenti/GitHub/HandVerify/datasets/processed-handwritten/rimes_processed/train2011-1288/mosaic_000.png,/home/lorenzo/Documenti/GitHub/HandVerify/datasets/processed-handwritten/rimes_processed/train2011-952/batch_9756.png,impostor,0.7464097142219543,0.7360067367553711,0.010402977466583252,false_accept
/home/lorenzo/Documenti/GitHub/HandVerify/datasets/processed-handwritten/rimes_processed/train2011-651/batch_7775.png,/home/lorenzo/Documenti/GitHub/HandVerify/datasets/processed-handwritten/rimes_processed/train2011-684/mosaic_001.png,impostor,0.849984884262085,0.7360067367553711,0.11397814750671387,false_accept
/home/lorenzo/Documenti/GitHub/HandVerify/datasets/processed-handwritten/rimes_processed/train2011-20/batch_4453.png,/home/lorenzo/Documenti/GitHub/HandVerify/datasets/processed-handwritten/rimes_processed/train2011-20/mosaic_000.png,genuine,0.6466509699821472,0.7360067367553711,-0.08935576677322388,false_reject
/home/lorenzo/Documenti/GitHub/HandVerify/datasets/processed-handwritten/rimes_processed/train2011-211/batch_4465.png,/home/lorenzo/Documenti/GitHub/HandVerify/datasets/processed-handwritten/rimes_processed/train2011-310/mosaic_001.png,impostor,0.7602987885475159,0.7360067367553711,0.024292051792144775,false_accept
/home/lorenzo/Documenti/GitHub/HandVerify/datasets/processed-handwritten/rimes_processed/train2011-1136/mosaic_000.png,/home/lorenzo/Documenti/GitHub/HandVerify/datasets/processed-handwritten/rimes_processed/train2011-373/batch_5765.png,impostor,0.8493869304656982,0.7360067367553711,0.11338019371032715,false_accept
/home/lorenzo/Documenti/GitHub/HandVerify/datasets/processed-handwritten/rimes_processed/train2011-1290/batch_2608.png,/home/lorenzo/Documenti/GitHub/HandVerify/datasets/processed-handwritten/rimes_processed/train2011-212/batch_4476.png,impostor,0.7940364480018616,0.7360067367553711,0.05802971124649048,false_accept
/home/lorenzo/Documenti/GitHub/HandVerify/datasets/processed-handwritten/rimes_processed/eval2011-42/batch_250.png,/home/lorenzo/Documenti/GitHub/HandVerify/datasets/processed-handwritten/rimes_processed/train2011-130/mosaic_000.png,impostor,0.7456367611885071,0.7360067367553711,0.009630024433135986,false_accept
/home/lorenzo/Documenti/GitHub/HandVerify/datasets/processed-handwritten/rimes_processed/eval2011-6/batch_436.png,/home/lorenzo/Documenti/GitHub/HandVerify/datasets/processed-handwritten/rimes_processed/train2011-208/batch_4446.png,impostor,0.9667226076126099,0.7360067367553711,0.23071587085723877,false_accept
/home/lorenzo/Documenti/GitHub/HandVerify/datasets/processed-handwritten/rimes_processed/train2011-1139/batch_1570.png,/home/lorenzo/Documenti/GitHub/HandVerify/datasets/processed-handwritten/rimes_processed/train2011-741/batch_8416.png,impostor,0.9024581909179688,0.7360067367553711,0.16645145416259766,false_accept
/home/lorenzo/Documenti/GitHub/HandVerify/datasets/processed-handwritten/rimes_processed/train2011-185/batch_4293.png,/home/lorenzo/Documenti/GitHub/HandVerify/datasets/processed-handwritten/rimes_processed/train2011-805/batch_8895.png,impostor,0.88144850730896,0.7360067367553711,0.14544177055358887,false_accept
/home/lorenzo/Documenti/GitHub/HandVerify/datasets/processed-handwritten/rimes_processed/train2011-1386/batch_3205.png,/home/lorenzo/Documenti/GitHub/HandVerify/datasets/processed-handwritten/rimes_processed/train2011-1386/mosaic_002.png,genuine,0.6251403093338013,0.7360067367553711,-0.11086642742156982,false_reject
/home/lorenzo/Documenti/GitHub/HandVerify/datasets/processed-handwritten/rimes_processed/train2011-373/batch_5766.png,/home/lorenzo/Documenti/GitHub/HandVerify/datasets/processed-handwritten/rimes_processed/train2011-373/mosaic_002.png,genuine,0.6930139064788818,0.7360067367553711,-0.04299283027648926,false_reject
/home/lorenzo/Documenti/GitHub/HandVerify/datasets/processed-handwritten/rimes_processed/train2011-1310/mosaic_002.png,/home/lorenzo/Documenti/GitHub/HandVerify/datasets/processed-handwritten/rimes_processed/train2011-601/mosaic_000.png,impostor,0.7663010954856873,0.7360067367553711,0.030294358730316162,false_accept
/home/lorenzo/Documenti/GitHub/HandVerify/datasets/processed-handwritten/rimes_processed/train2011-1429/batch_3492.png,/home/lorenzo/Documenti/GitHub/HandVerify/datasets/processed-handwritten/rimes_processed/train2011-1429/batch_3491.png,genuine,0.564689576625824,0.7360067367553711,-0.17131716012954712,false_reject
/home/lorenzo/Documenti/GitHub/HandVerify/datasets/processed-handwritten/rimes_processed/train2011-1187/mosaic_003.png,/home/lorenzo/Documenti/GitHub/HandVerify/datasets/processed-handwritten/rimes_processed/train2011-1220/batch_2146.png,impostor,0.8757761120796204,0.7360067367553711,0.13976937532424927,false_accept
/home/lorenzo/Documenti/GitHub/HandVerify/datasets/processed-handwritten/rimes_processed/train2011-1339/batch_2943.png,/home/lorenzo/Documenti/GitHub/HandVerify/datasets/processed-handwritten/rimes_processed/train2011-74/batch_8487.png,impostor,0.9005391597747803,0.7360067367553711,0.16453242301940918,false_accept
/home/lorenzo/Documenti/GitHub/HandVerify/datasets/processed-handwritten/rimes_processed/train2011-658/mosaic_000.png,/home/lorenzo/Documenti/GitHub/HandVerify/datasets/processed-handwritten/rimes_processed/train2011-882/batch_9342.png,impostor,0.8991835117340088,0.7360067367553711,0.1631767749786377,false_accept
/home/lorenzo/Documenti/GitHub/HandVerify/datasets/processed-handwritten/rimes_processed/train2011-468/mosaic_001.png,/home/lorenzo/Documenti/GitHub/HandVerify/datasets/processed-handwritten/rimes_processed/train2011-468/batch_6499.png,genuine,0.6561096906661987,0.7360067367553711,-0.07989704608917236,false_reject
/home/lorenzo/Documenti/GitHub/HandVerify/datasets/processed-handwritten/rimes_processed/train2011-6/batch_8161.png,/home/lorenzo/Documenti/GitHub/HandVerify/datasets/processed-handwritten/rimes_processed/train2011-625/mosaic_001.png,impostor,0.7758471369743347,0.7360067367553711,0.03984040021896362,false_accept
/home/lorenzo/Documenti/GitHub/HandVerify/datasets/processed-handwritten/rimes_processed/train2011-757/mosaic_002.png,/home/lorenzo/Documenti/GitHub/HandVerify/datasets/processed-handwritten/rimes_processed/train2011-757/batch_8540.png,genuine,0.6787695288658142,0.7360067367553711,-0.057237207889556885,false_reject
/home/lorenzo/Documenti/GitHub/HandVerify/datasets/processed-handwritten/rimes_processed/train2011-1159/batch_1710.png,/home/lorenzo/Documenti/GitHub/HandVerify/datasets/processed-handwritten/rimes_processed/train2011-703/batch_8178.png,impostor,0.969223141670227,0.7360067367553711,0.23321640491485596,false_accept
/home/lorenzo/Documenti/GitHub/HandVerify/datasets/processed-handwritten/rimes_processed/eval2011-60/batch_369.png,/home/lorenzo/Documenti/GitHub/HandVerify/datasets/processed-handwritten/rimes_processed/train2011-86/batch_9265.png,impostor,0.8361573219299316,0.7360067367553711,0.10015058517456055,false_accept
/home/lorenzo/Documenti/GitHub/HandVerify/datasets/processed-handwritten/rimes_processed/train2011-1387/batch_3217.png,/home/lorenzo/Documenti/GitHub/HandVerify/datasets/processed-handwritten/rimes_processed/train2011-1393/batch_3248.png,impostor,0.776666522026062,0.7360067367553711,0.04065978527069092,false_accept
/home/lorenzo/Documenti/GitHub/HandVerify/datasets/processed-handwritten/rimes_processed/train2011-159/mosaic_001.png,/home/lorenzo/Documenti/GitHub/HandVerify/datasets/processed-handwritten/rimes_processed/train2011-584/mosaic_001.png,impostor,0.9108666777610779,0.7360067367553711,0.1748599410057068,false_accept
/home/lorenzo/Documenti/GitHub/HandVerify/datasets/processed-handwritten/rimes_processed/train2011-1017/mosaic_003.png,/home/lorenzo/Documenti/GitHub/HandVerify/datasets/processed-handwritten/rimes_processed/train2011-1017/batch_759.png,genuine,0.6953110694885254,0.7360067367553711,-0.0406956672668457,false_reject
/home/lorenzo/Documenti/GitHub/HandVerify/datasets/processed-handwritten/rimes_processed/train2011-1388/batch_3223.png,/home/lorenzo/Documenti/GitHub/HandVerify/datasets/processed-handwritten/rimes_processed/train2011-820/mosaic_000.png,impostor,0.7948316931724548,0.7360067367553711,0.05882495641708374,false_accept
/home/lorenzo/Documenti/GitHub/HandVerify/datasets/processed-handwritten/rimes_processed/train2011-1359/batch_3034.png,/home/lorenzo/Documenti/GitHub/HandVerify/datasets/processed-handwritten/rimes_processed/train2011-728/batch_8343.png,impostor,0.9766140580177307,0.7360067367553711,0.24060732126235962,false_accept
/home/lorenzo/Documenti/GitHub/HandVerify/datasets/processed-handwritten/rimes_processed/train2011-63/mosaic_002.png,/home/lorenzo/Documenti/GitHub/HandVerify/datasets/processed-handwritten/rimes_processed/train2011-661/mosaic_000.png,impostor,0.8471342325210571,0.7360067367553711,0.11112749576568604,false_accept
/home/lorenzo/Documenti/GitHub/HandVerify/datasets/processed-handwritten/rimes_processed/train2011-1358/batch_3030.png,/home/lorenzo/Documenti/GitHub/HandVerify/datasets/processed-handwritten/rimes_processed/train2011-211/batch_4467.png,impostor,0.8731498122215271,0.7360067367553711,0.137143075466156,false_accept
/home/lorenzo/Documenti/GitHub/HandVerify/datasets/processed-handwritten/rimes_processed/train2011-276/batch_4975.png,/home/lorenzo/Documenti/GitHub/HandVerify/datasets/processed-handwritten/rimes_processed/train2011-421/batch_6152.png,impostor,0.8498027324676514,0.7360067367553711,0.11379599571228027,false_accept
/home/lorenzo/Documenti/GitHub/HandVerify/datasets/processed-handwritten/rimes_processed/train2011-670/batch_7920.png,/home/lorenzo/Documenti/GitHub/HandVerify/datasets/processed-handwritten/rimes_processed/train2011-955/mosaic_000.png,impostor,0.7813330888748169,0.7360067367553711,0.0453263521194458,false_accept
/home/lorenzo/Documenti/GitHub/HandVerify/datasets/processed-handwritten/rimes_processed/eval2011-49/batch_298.png,/home/lorenzo/Documenti/GitHub/HandVerify/datasets/processed-handwritten/rimes_processed/train2011-1113/batch_1412.png,impostor,0.9560564160346985,0.7360067367553711,0.2200496792793274,false_accept
/home/lorenzo/Documenti/GitHub/HandVerify/datasets/processed-handwritten/rimes_processed/train2011-879/batch_9326.png,/home/lorenzo/Documenti/GitHub/HandVerify/datasets/processed-handwritten/rimes_processed/train2011-883/batch_9346.png,impostor,0.8566694855690002,0.7360067367553711,0.12066274881362915,false_accept
/home/lorenzo/Documenti/GitHub/HandVerify/datasets/processed-handwritten/rimes_processed/train2011-122/batch_2205.png,/home/lorenzo/Documenti/GitHub/HandVerify/datasets/processed-handwritten/rimes_processed/train2011-672/batch_7945.png,impostor,0.9230086207389832,0.7360067367553711,0.18700188398361206,false_accept
/home/lorenzo/Documenti/GitHub/HandVerify/datasets/processed-handwritten/rimes_processed/eval2011-32/mosaic_001.png,/home/lorenzo/Documenti/GitHub/HandVerify/datasets/processed-handwritten/rimes_processed/train2011-827/batch_9027.png,impostor,0.8659923076629639,0.7360067367553711,0.12998557090759277,false_accept
/home/lorenzo/Documenti/GitHub/HandVerify/datasets/processed-handwritten/rimes_processed/train2011-1278/batch_2533.png,/home/lorenzo/Documenti/GitHub/HandVerify/datasets/processed-handwritten/rimes_processed/train2011-587/batch_7306.png,impostor,0.9373899698257446,0.7360067367553711,0.20138323307037354,false_accept
/home/lorenzo/Documenti/GitHub/HandVerify/datasets/processed-handwritten/rimes_processed/train2011-1241/batch_2283.png,/home/lorenzo/Documenti/GitHub/HandVerify/datasets/processed-handwritten/rimes_processed/train2011-677/batch_7972.png,impostor,0.7719472050666809,0.7360067367553711,0.035940468311309814,false_accept
/home/lorenzo/Documenti/GitHub/HandVerify/datasets/processed-handwritten/rimes_processed/train2011-803/batch_8877.png,/home/lorenzo/Documenti/GitHub/HandVerify/datasets/processed-handwritten/rimes_processed/train2011-977/batch_9908.png,impostor,0.8650342226028442,0.7360067367553711,0.12902748584747314,false_accept
/home/lorenzo/Documenti/GitHub/HandVerify/datasets/processed-handwritten/rimes_processed/train2011-33/batch_5459.png,/home/lorenzo/Documenti/GitHub/HandVerify/datasets/processed-handwritten/rimes_processed/train2011-427/mosaic_000.png,impostor,0.7676041126251221,0.7360067367553711,0.03159737586975098,false_accept
/home/lorenzo/Documenti/GitHub/HandVerify/datasets/processed-handwritten/rimes_processed/train2011-1049/batch_974.png,/home/lorenzo/Documenti/GitHub/HandVerify/datasets/processed-handwritten/rimes_processed/train2011-735/mosaic_001.png,impostor,0.7624843120574951,0.7360067367553711,0.026477575302124023,false_accept
/home/lorenzo/Documenti/GitHub/HandVerify/datasets/processed-handwritten/rimes_processed/train2011-625/mosaic_000.png,/home/lorenzo/Documenti/GitHub/HandVerify/datasets/processed-handwritten/rimes_processed/train2011-83/mosaic_000.png,impostor,0.7967406511306763,0.7360067367553711,0.060733914375305176,false_accept
/home/lorenzo/Documenti/GitHub/HandVerify/datasets/processed-handwritten/rimes_processed/train2011-486/batch_6631.png,/home/lorenzo/Documenti/GitHub/HandVerify/datasets/processed-handwritten/rimes_processed/train2011-58/batch_7325.png,impostor,0.8407222032546997,0.7360067367553711,0.10471546649932861,false_accept
/home/lorenzo/Documenti/GitHub/HandVerify/datasets/processed-handwritten/rimes_processed/train2011-78/batch_8782.png,/home/lorenzo/Documenti/GitHub/HandVerify/datasets/processed-handwritten/rimes_processed/train2011-78/mosaic_000.png,genuine,0.7207350134849548,0.7360067367553711,-0.01527172327041626,false_reject
/home/lorenzo/Documenti/GitHub/HandVerify/datasets/processed-handwritten/rimes_processed/train2011-211/mosaic_001.png,/home/lorenzo/Documenti/GitHub/HandVerify/datasets/processed-handwritten/rimes_processed/train2011-211/batch_4466.png,genuine,0.5848687291145325,0.7360067367553711,-0.15113800764083862,false_reject
/home/lorenzo/Documenti/GitHub/HandVerify/datasets/processed-handwritten/rimes_processed/train2011-432/batch_6242.png,/home/lorenzo/Documenti/GitHub/HandVerify/datasets/processed-handwritten/rimes_processed/train2011-993/batch_10024.png,impostor,0.8883106708526611,0.7360067367553711,0.15230393409729004,false_accept
/home/lorenzo/Documenti/GitHub/HandVerify/datasets/processed-handwritten/rimes_processed/train2011-1062/batch_1047.png,/home/lorenzo/Documenti/GitHub/HandVerify/datasets/processed-handwritten/rimes_processed/train2011-788/batch_8769.png,impostor,0.8615689873695374,0.7360067367553711,0.12556225061416626,false_accept
/home/lorenzo/Documenti/GitHub/HandVerify/datasets/processed-handwritten/rimes_processed/train2011-403/mosaic_002.png,/home/lorenzo/Documenti/GitHub/HandVerify/datasets/processed-handwritten/rimes_processed/train2011-699/batch_8149.png,impostor,0.8683686256408691,0.7360067367553711,0.13236188888549805,false_accept
/home/lorenzo/Documenti/GitHub/HandVerify/datasets/processed-handwritten/rimes_processed/train2011-1058/mosaic_000.png,/home/lorenzo/Documenti/GitHub/HandVerify/datasets/processed-handwritten/rimes_processed/train2011-890/mosaic_001.png,impostor,0.8804568648338318,0.7360067367553711,0.1444501280784607,false_accept
/home/lorenzo/Documenti/GitHub/HandVerify/datasets/processed-handwritten/rimes_processed/train2011-1158/batch_1707.png,/home/lorenzo/Documenti/GitHub/HandVerify/datasets/processed-handwritten/rimes_processed/train2011-1445/batch_3614.png,impostor,0.8595573902130127,0.7360067367553711,0.1235506534576416,false_accept
/home/lorenzo/Documenti/GitHub/HandVerify/datasets/processed-handwritten/rimes_processed/train2011-842/mosaic_000.png,/home/lorenzo/Documenti/GitHub/HandVerify/datasets/processed-handwritten/rimes_processed/train2011-842/batch_9106.png,genuine,0.44238969683647156,0.7360067367553711,-0.29361703991889954,false_reject
/home/lorenzo/Documenti/GitHub/HandVerify/datasets/processed-handwritten/rimes_processed/train2011-1147/batch_1631.png,/home/lorenzo/Documenti/GitHub/HandVerify/datasets/processed-handwritten/rimes_processed/train2011-533/batch_6966.png,impostor,0.9002419114112854,0.7360067367553711,0.1642351746559143,false_accept
/home/lorenzo/Documenti/GitHub/HandVerify/datasets/processed-handwritten/rimes_processed/train2011-1096/batch_1284.png,/home/lorenzo/Documenti/GitHub/HandVerify/datasets/processed-handwritten/rimes_processed/train2011-1182/batch_1878.png,impostor,0.8842253684997559,0.7360067367553711,0.14821863174438477,false_accept
/home/lorenzo/Documenti/GitHub/HandVerify/datasets/processed-handwritten/rimes_processed/train2011-1171/mosaic_001.png,/home/lorenzo/Documenti/GitHub/HandVerify/datasets/processed-handwritten/rimes_processed/train2011-344/batch_5496.png,impostor,0.7966802716255188,0.7360067367553711,0.060673534870147705,false_accept
/home/lorenzo/Documenti/GitHub/HandVerify/datasets/processed-handwritten/rimes_processed/train2011-1391/batch_3243.png,/home/lorenzo/Documenti/GitHub/HandVerify/datasets/processed-handwritten/rimes_processed/train2011-252/batch_4803.png,impostor,0.9662814140319824,0.7360067367553711,0.23027467727661133,false_accept
/home/lorenzo/Documenti/GitHub/HandVerify/datasets/processed-handwritten/rimes_processed/train2011-440/batch_6310.png,/home/lorenzo/Documenti/GitHub/HandVerify/datasets/processed-handwritten/rimes_processed/train2011-790/batch_8787.png,impostor,0.8884571194648743,0.7360067367553711,0.15245038270950317,false_accept
/home/lorenzo/Documenti/GitHub/HandVerify/datasets/processed-handwritten/rimes_processed/train2011-1222/batch_2162.png,/home/lorenzo/Documenti/GitHub/HandVerify/datasets/processed-handwritten/rimes_processed/train2011-915/batch_9554.png,impostor,0.8639116883277893,0.7360067367553711,0.1279049515724182,false_accept
/home/lorenzo/Documenti/GitHub/HandVerify/datasets/processed-handwritten/rimes_processed/train2011-1305/batch_2703.png,/home/lorenzo/Documenti/GitHub/HandVerify/datasets/processed-handwritten/rimes_processed/train2011-1305/mosaic_000.png,genuine,0.6814943552017212,0.7360067367553711,-0.0545123815536499,false_reject
/home/lorenzo/Documenti/GitHub/HandVerify/datasets/processed-handwritten/rimes_processed/train2011-1192/batch_1958.png,/home/lorenzo/Documenti/GitHub/HandVerify/datasets/processed-handwritten/rimes_processed/train2011-1257/batch_2412.png,impostor,0.9905540347099304,0.7360067367553711,0.2545472979545593,false_accept
/home/lorenzo/Documenti/GitHub/HandVerify/datasets/processed-handwritten/rimes_processed/train2011-1410/mosaic_000.png,/home/lorenzo/Documenti/GitHub/HandVerify/datasets/processed-handwritten/rimes_processed/train2011-430/batch_6218.png,impostor,0.8920165300369263,0.7360067367553711,0.15600979328155518,false_accept
/home/lorenzo/Documenti/GitHub/HandVerify/datasets/processed-handwritten/rimes_processed/eval2011-79/batch_507.png,/home/lorenzo/Documenti/GitHub/HandVerify/datasets/processed-handwritten/rimes_processed/train2011-193/batch_4337.png,impostor,0.9488217830657959,0.7360067367553711,0.2128150463104248,false_accept
/home/lorenzo/Documenti/GitHub/HandVerify/datasets/processed-handwritten/rimes_processed/train2011-1341/mosaic_000.png,/home/lorenzo/Documenti/GitHub/HandVerify/datasets/processed-handwritten/rimes_processed/train2011-195/batch_4357.png,impostor,0.7383304834365845,0.7360067367553711,0.002323746681213379,false_accept
/home/lorenzo/Documenti/GitHub/HandVerify/datasets/processed-handwritten/rimes_processed/train2011-263/batch_4870.png,/home/lorenzo/Documenti/GitHub/HandVerify/datasets/processed-handwritten/rimes_processed/train2011-52/batch_6929.png,impostor,0.9072049856185913,0.7360067367553711,0.17119824886322021,false_accept
/home/lorenzo/Documenti/GitHub/HandVerify/datasets/processed-handwritten/rimes_processed/train2011-1095/batch_1270.png,/home/lorenzo/Documenti/GitHub/HandVerify/datasets/processed-handwritten/rimes_processed/train2011-649/batch_7757.png,impostor,0.749602735042572,0.7360067367553711,0.013595998287200928,false_accept
/home/lorenzo/Documenti/GitHub/HandVerify/datasets/processed-handwritten/rimes_processed/eval2011-65/mosaic_000.png,/home/lorenzo/Documenti/GitHub/HandVerify/datasets/processed-handwritten/rimes_processed/train2011-653/batch_7797.png,impostor,0.8298476934432983,0.7360067367553711,0.09384095668792725,false_accept
/home/lorenzo/Documenti/GitHub/HandVerify/datasets/processed-handwritten/rimes_processed/train2011-1053/batch_993.png,/home/lorenzo/Documenti/GitHub/HandVerify/datasets/processed-handwritten/rimes_processed/train2011-410/batch_6073.png,impostor,0.918914258480072,0.7360067367553711,0.18290752172470093,false_accept
/home/lorenzo/Documenti/GitHub/HandVerify/datasets/processed-handwritten/rimes_processed/train2011-309/mosaic_001.png,/home/lorenzo/Documenti/GitHub/HandVerify/datasets/processed-handwritten/rimes_processed/train2011-309/batch_5201.png,genuine,0.6949612498283386,0.7360067367553711,-0.04104548692703247,false_reject
/home/lorenzo/Documenti/GitHub/HandVerify/datasets/processed-handwritten/rimes_processed/train2011-1165/batch_1757.png,/home/lorenzo/Documenti/GitHub/HandVerify/datasets/processed-handwritten/rimes_processed/train2011-1412/batch_3378.png,impostor,0.883392870426178,0.7360067367553711,0.14738613367080688,false_accept
/home/lorenzo/Documenti/GitHub/HandVerify/datasets/processed-handwritten/rimes_processed/train2011-1419/batch_3424.png,/home/lorenzo/Documenti/GitHub/HandVerify/datasets/processed-handwritten/rimes_processed/train2011-179/batch_4242.png,impostor,0.9728726148605347,0.7360067367553711,0.23686587810516357,false_accept
/home/lorenzo/Documenti/GitHub/HandVerify/datasets/processed-handwritten/rimes_processed/train2011-1381/mosaic_001.png,/home/lorenzo/Documenti/GitHub/HandVerify/datasets/processed-handwritten/rimes_processed/train2011-1381/batch_3169.png,genuine,0.6982479691505432,0.7360067367553711,-0.03775876760482788,false_reject
/home/lorenzo/Documenti/GitHub/HandVerify/datasets/processed-handwritten/rimes_processed/eval2011-29/batch_143.png,/home/lorenzo/Documenti/GitHub/HandVerify/datasets/processed-handwritten/rimes_processed/train2011-110/mosaic_002.png,impostor,0.833240807056427,0.7360067367553711,0.09723407030105591,false_accept
/home/lorenzo/Documenti/GitHub/HandVerify/datasets/processed-handwritten/rimes_processed/train2011-1360/batch_3043.png,/home/lorenzo/Documenti/GitHub/HandVerify/datasets/processed-handwritten/rimes_processed/train2011-898/batch_9449.png,impostor,0.8320912718772888,0.7360067367553711,0.09608453512191772,false_accept
/home/lorenzo/Documenti/GitHub/HandVerify/datasets/processed-handwritten/rimes_processed/train2011-449/mosaic_001.png,/home/lorenzo/Documenti/GitHub/HandVerify/datasets/processed-handwritten/rimes_processed/train2011-613/batch_7507.png,impostor,0.8922852873802185,0.7360067367553711,0.1562785506248474,false_accept
/home/lorenzo/Documenti/GitHub/HandVerify/datasets/processed-handwritten/rimes_processed/train2011-1097/batch_1293.png,/home/lorenzo/Documenti/GitHub/HandVerify/datasets/processed-handwritten/rimes_processed/train2011-16/batch_4168.png,impostor,0.9588658213615417,0.7360067367553711,0.22285908460617065,false_accept
/home/lorenzo/Documenti/GitHub/HandVerify/datasets/processed-handwritten/rimes_processed/train2011-1388/batch_3226.png,/home/lorenzo/Documenti/GitHub/HandVerify/datasets/processed-handwritten/rimes_processed/train2011-745/batch_8446.png,impostor,0.9770085215568542,0.7360067367553711,0.24100178480148315,false_accept
/home/lorenzo/Documenti/GitHub/HandVerify/datasets/processed-handwritten/rimes_processed/train2011-1154/mosaic_001.png,/home/lorenzo/Documenti/GitHub/HandVerify/datasets/processed-handwritten/rimes_processed/train2011-1208/batch_2053.png,impostor,0.8508015871047974,0.7360067367553711,0.11479485034942627,false_accept
/home/lorenzo/Documenti/GitHub/HandVerify/datasets/processed-handwritten/rimes_processed/train2011-1381/mosaic_001.png,/home/lorenzo/Documenti/GitHub/HandVerify/datasets/processed-handwritten/rimes_processed/train2011-717/mosaic_001.png,impostor,0.898012638092041,0.7360067367553711,0.16200590133666992,false_accept
/home/lorenzo/Documenti/GitHub/HandVerify/datasets/processed-handwritten/rimes_processed/train2011-1425/batch_3462.png,/home/lorenzo/Documenti/GitHub/HandVerify/datasets/processed-handwritten/rimes_processed/train2011-886/batch_9361.png,impostor,0.8868877291679382,0.7360067367553711,0.15088099241256714,false_accept
/home/lorenzo/Documenti/GitHub/HandVerify/datasets/processed-handwritten/rimes_processed/eval2011-52/batch_327.png,/home/lorenzo/Documenti/GitHub/HandVerify/datasets/processed-handwritten/rimes_processed/eval2011-68/batch_423.png,impostor,0.9841958284378052,0.7360067367553711,0.24818909168243408,false_accept
/home/lorenzo/Documenti/GitHub/HandVerify/datasets/processed-handwritten/rimes_processed/train2011-298/batch_5114.png,/home/lorenzo/Documenti/GitHub/HandVerify/datasets/processed-handwritten/rimes_processed/train2011-813/mosaic_000.png,impostor,0.74382483959198,0.7360067367553711,0.007818102836608887,false_accept
/home/lorenzo/Documenti/GitHub/HandVerify/datasets/processed-handwritten/rimes_processed/eval2011-18/mosaic_001.png,/home/lorenzo/Documenti/GitHub/HandVerify/datasets/processed-handwritten/rimes_processed/train2011-362/batch_5666.png,impostor,0.8614665865898132,0.7360067367553711,0.12545984983444214,false_accept
/home/lorenzo/Documenti/GitHub/HandVerify/datasets/processed-handwritten/rimes_processed/train2011-333/batch_5402.png,/home/lorenzo/Documenti/GitHub/HandVerify/datasets/processed-handwritten/rimes_processed/train2011-525/batch_6896.png,impostor,0.9245229959487915,0.7360067367553711,0.1885162591934204,false_accept
/home/lorenzo/Documenti/GitHub/HandVerify/datasets/processed-handwritten/rimes_processed/train2011-843/batch_9109.png,/home/lorenzo/Documenti/GitHub/HandVerify/datasets/processed-handwritten/rimes_processed/train2011-956/batch_9779.png,impostor,0.7711525559425354,0.7360067367553711,0.03514581918716431,false_accept
/home/lorenzo/Documenti/GitHub/HandVerify/datasets/processed-handwritten/rimes_processed/train2011-599/batch_7399.png,/home/lorenzo/Documenti/GitHub/HandVerify/datasets/processed-handwritten/rimes_processed/train2011-608/batch_7468.png,impostor,0.9847778677940369,0.7360067367553711,0.24877113103866577,false_accept
/home/lorenzo/Documenti/GitHub/HandVerify/datasets/processed-handwritten/rimes_processed/train2011-822/batch_9000.png,/home/lorenzo/Documenti/GitHub/HandVerify/datasets/processed-handwritten/rimes_processed/train2011-822/mosaic_000.png,genuine,0.732012927532196,0.7360067367553711,-0.003993809223175049,false_reject
/home/lorenzo/Documenti/GitHub/HandVerify/datasets/processed-handwritten/rimes_processed/train2011-376/batch_5782.png,/home/lorenzo/Documenti/GitHub/HandVerify/datasets/processed-handwritten/rimes_processed/train2011-898/batch_9444.png,impostor,0.925957441329956,0.7360067367553711,0.18995070457458496,false_accept
/home/lorenzo/Documenti/GitHub/HandVerify/datasets/processed-handwritten/rimes_processed/eval2011-51/batch_316.png,/home/lorenzo/Documenti/GitHub/HandVerify/datasets/processed-handwritten/rimes_processed/train2011-647/batch_7746.png,impostor,0.8741278648376465,0.7360067367553711,0.1381211280822754,false_accept
/home/lorenzo/Documenti/GitHub/HandVerify/datasets/processed-handwritten/rimes_processed/train2011-1308/batch_2734.png,/home/lorenzo/Documenti/GitHub/HandVerify/datasets/processed-handwritten/rimes_processed/train2011-456/batch_6409.png,impostor,0.9636207222938538,0.7360067367553711,0.22761398553848267,false_accept
/home/lorenzo/Documenti/GitHub/HandVerify/datasets/processed-handwritten/rimes_processed/train2011-1456/batch_3682.png,/home/lorenzo/Documenti/GitHub/HandVerify/datasets/processed-handwritten/rimes_processed/train2011-953/batch_9762.png,impostor,0.9734809398651123,0.7360067367553711,0.2374742031097412,false_accept
/home/lorenzo/Documenti/GitHub/HandVerify/datasets/processed-handwritten/rimes_processed/train2011-119/batch_2008.png,/home/lorenzo/Documenti/GitHub/HandVerify/datasets/processed-handwritten/rimes_processed/train2011-608/batch_7466.png,impostor,0.9570034146308899,0.7360067367553711,0.2209966778755188,false_accept
/home/lorenzo/Documenti/GitHub/HandVerify/datasets/processed-handwritten/rimes_processed/train2011-203/mosaic_000.png,/home/lorenzo/Documenti/GitHub/HandVerify/datasets/processed-handwritten/rimes_processed/train2011-203/batch_4418.png,genuine,0.7263417840003967,0.7360067367553711,-0.009664952754974365,false_reject
/home/lorenzo/Documenti/GitHub/HandVerify/datasets/processed-handwritten/rimes_processed/train2011-862/batch_9222.png,/home/lorenzo/Documenti/GitHub/HandVerify/datasets/processed-handwritten/rimes_processed/train2011-992/batch_10015.png,impostor,0.9204148650169373,0.7360067367553711,0.18440812826156616,false_accept
/home/lorenzo/Documenti/GitHub/HandVerify/datasets/processed-handwritten/rimes_processed/train2011-1326/mosaic_000.png,/home/lorenzo/Documenti/GitHub/HandVerify/datasets/processed-handwritten/rimes_processed/train2011-1345/mosaic_000.png,impostor,0.7670543193817139,0.7360067367553711,0.031047582626342773,false_accept
/home/lorenzo/Documenti/GitHub/HandVerify/datasets/processed-handwritten/rimes_processed/eval2011-90/mosaic_000.png,/home/lorenzo/Documenti/GitHub/HandVerify/datasets/processed-handwritten/rimes_processed/train2011-1400/batch_3298.png,impostor,0.7433000206947327,0.7360067367553711,0.007293283939361572,false_accept
/home/lorenzo/Documenti/GitHub/HandVerify/datasets/processed-handwritten/rimes_processed/train2011-1430/batch_3513.png,/home/lorenzo/Documenti/GitHub/HandVerify/datasets/processed-handwritten/rimes_processed/train2011-25/mosaic_000.png,impostor,0.8345733880996704,0.7360067367553711,0.09856665134429932,false_accept
/home/lorenzo/Documenti/GitHub/HandVerify/datasets/processed-handwritten/rimes_processed/train2011-40/batch_6057.png,/home/lorenzo/Documenti/GitHub/HandVerify/datasets/processed-handwritten/rimes_processed/train2011-40/mosaic_000.png,genuine,0.6473278999328613,0.7360067367553711,-0.08867883682250977,false_reject
/home/lorenzo/Documenti/GitHub/HandVerify/datasets/processed-handwritten/rimes_processed/train2011-1274/batch_2507.png,/home/lorenzo/Documenti/GitHub/HandVerify/datasets/processed-handwritten/rimes_processed/train2011-1318/batch_2813.png,impostor,0.9709509611129761,0.7360067367553711,0.23494422435760498,false_accept
/home/lorenzo/Documenti/GitHub/HandVerify/datasets/processed-handwritten/rimes_processed/train2011-797/batch_8826.png,/home/lorenzo/Documenti/GitHub/HandVerify/datasets/processed-handwritten/rimes_processed/train2011-885/batch_9354.png,impostor,0.7374008893966675,0.7360067367553711,0.0013941526412963867,false_accept
/home/lorenzo/Documenti/GitHub/HandVerify/datasets/processed-handwritten/rimes_processed/train2011-740/mosaic_001.png,/home/lorenzo/Documenti/GitHub/HandVerify/datasets/processed-handwritten/rimes_processed/train2011-751/mosaic_001.png,impostor,0.8385797142982483,0.7360067367553711,0.1025729775428772,false_accept
/home/lorenzo/Documenti/GitHub/HandVerify/datasets/processed-handwritten/rimes_processed/eval2011-93/mosaic_001.png,/home/lorenzo/Documenti/GitHub/HandVerify/datasets/processed-handwritten/rimes_processed/train2011-1185/batch_1894.png,impostor,0.8284199237823486,0.7360067367553711,0.09241318702697754,false_accept
/home/lorenzo/Documenti/GitHub/HandVerify/datasets/processed-handwritten/rimes_processed/train2011-359/batch_5638.png,/home/lorenzo/Documenti/GitHub/HandVerify/datasets/processed-handwritten/rimes_processed/train2011-359/mosaic_002.png,genuine,0.7330565452575684,0.7360067367553711,-0.0029501914978027344,false_reject
/home/lorenzo/Documenti/GitHub/HandVerify/datasets/processed-handwritten/rimes_processed/train2011-671/mosaic_000.png,/home/lorenzo/Documenti/GitHub/HandVerify/datasets/processed-handwritten/rimes_processed/train2011-857/batch_9194.png,impostor,0.8028640747070312,0.7360067367553711,0.06685733795166016,false_accept
/home/lorenzo/Documenti/GitHub/HandVerify/datasets/processed-handwritten/rimes_processed/train2011-1041/batch_919.png,/home/lorenzo/Documenti/GitHub/HandVerify/datasets/processed-handwritten/rimes_processed/train2011-898/mosaic_000.png,impostor,0.7783273458480835,0.7360067367553711,0.0423206090927124,false_accept
/home/lorenzo/Documenti/GitHub/HandVerify/datasets/processed-handwritten/rimes_processed/train2011-347/mosaic_000.png,/home/lorenzo/Documenti/GitHub/HandVerify/datasets/processed-handwritten/rimes_processed/train2011-757/batch_8541.png,impostor,0.8412909507751465,0.7360067367553711,0.10528421401977539,false_accept
/home/lorenzo/Documenti/GitHub/HandVerify/datasets/processed-handwritten/rimes_processed/train2011-119/batch_2011.png,/home/lorenzo/Documenti/GitHub/HandVerify/datasets/processed-handwritten/rimes_processed/train2011-1253/batch_2367.png,impostor,0.9022813439369202,0.7360067367553711,0.16627460718154907,false_accept
/home/lorenzo/Documenti/GitHub/HandVerify/datasets/processed-handwritten/rimes_processed/train2011-1139/batch_1567.png,/home/lorenzo/Documenti/GitHub/HandVerify/datasets/processed-handwritten/rimes_processed/train2011-48/batch_6665.png,impostor,0.8542226552963257,0.7360067367553711,0.11821591854095459,false_accept
/home/lorenzo/Documenti/GitHub/HandVerify/datasets/processed-handwritten/rimes_processed/eval2011-72/batch_455.png,/home/lorenzo/Documenti/GitHub/HandVerify/datasets/processed-handwritten/rimes_processed/train2011-1003/batch_680.png,impostor,0.935887336730957,0.7360067367553711,0.19988059997558594,false_accept
/home/lorenzo/Documenti/GitHub/HandVerify/datasets/processed-handwritten/rimes_processed/train2011-1493/batch_3986.png,/home/lorenzo/Documenti/GitHub/HandVerify/datasets/processed-handwritten/rimes_processed/train2011-405/batch_6023.png,impostor,0.9583972096443176,0.7360067367553711,0.22239047288894653,false_accept
/home/lorenzo/Documenti/GitHub/HandVerify/datasets/processed-handwritten/rimes_processed/train2011-1470/batch_3825.png,/home/lorenzo/Documenti/GitHub/HandVerify/datasets/processed-handwritten/rimes_processed/train2011-333/batch_5402.png,impostor,0.927911639213562,0.7360067367553711,0.19190490245819092,false_accept
/home/lorenzo/Documenti/GitHub/HandVerify/datasets/processed-handwritten/rimes_processed/train2011-364/mosaic_001.png,/home/lorenzo/Documenti/GitHub/HandVerify/datasets/processed-handwritten/rimes_processed/train2011-610/mosaic_000.png,impostor,0.872421145439148,0.7360067367553711,0.13641440868377686,false_accept
/home/lorenzo/Documenti/GitHub/HandVerify/datasets/processed-handwritten/rimes_processed/train2011-1105/batch_1349.png,/home/lorenzo/Documenti/GitHub/HandVerify/datasets/processed-handwritten/rimes_processed/train2011-27/batch_5007.png,impostor,0.7622236013412476,0.7360067367553711,0.026216864585876465,false_accept
/home/lorenzo/Documenti/GitHub/HandVerify/datasets/processed-handwritten/rimes_processed/train2011-889/mosaic_000.png,/home/lorenzo/Documenti/GitHub/HandVerify/datasets/processed-handwritten/rimes_processed/train2011-889/batch_9371.png,genuine,0.6934123039245605,0.7360067367553711,-0.04259443283081055,false_reject
/home/lorenzo/Documenti/GitHub/HandVerify/datasets/processed-handwritten/rimes_processed/train2011-455/batch_6405.png,/home/lorenzo/Documenti/GitHub/HandVerify/datasets/processed-handwritten/rimes_processed/train2011-518/batch_6857.png,impostor,0.9692593812942505,0.7360067367553711,0.2332526445388794,false_accept
/home/lorenzo/Documenti/GitHub/HandVerify/datasets/processed-handwritten/rimes_processed/train2011-164/batch_4137.png,/home/lorenzo/Documenti/GitHub/HandVerify/datasets/processed-handwritten/rimes_processed/train2011-936/batch_9663.png,impostor,0.9513550996780396,0.7360067367553711,0.21534836292266846,false_accept
/home/lorenzo/Documenti/GitHub/HandVerify/datasets/processed-handwritten/rimes_processed/train2011-588/batch_7314.png,/home/lorenzo/Documenti/GitHub/HandVerify/datasets/processed-handwritten/rimes_processed/train2011-993/batch_10024.png,impostor,0.8078706860542297,0.7360067367553711,0.07186394929885864,false_accept
/home/lorenzo/Documenti/GitHub/HandVerify/datasets/processed-handwritten/rimes_processed/train2011-646/batch_7735.png,/home/lorenzo/Documenti/GitHub/HandVerify/datasets/processed-handwritten/rimes_processed/train2011-803/batch_8877.png,impostor,0.8710749745368958,0.7360067367553711,0.13506823778152466,false_accept
/home/lorenzo/Documenti/GitHub/HandVerify/datasets/processed-handwritten/rimes_processed/train2011-1/mosaic_000.png,/home/lorenzo/Documenti/GitHub/HandVerify/datasets/processed-handwritten/rimes_processed/train2011-926/batch_9610.png,impostor,0.781502366065979,0.7360067367553711,0.04549562931060791,false_accept
/home/lorenzo/Documenti/GitHub/HandVerify/datasets/processed-handwritten/rimes_processed/train2011-696/batch_8134.png,/home/lorenzo/Documenti/GitHub/HandVerify/datasets/processed-handwritten/rimes_processed/train2011-696/batch_8130.png,genuine,0.670910120010376,0.7360067367553711,-0.06509661674499512,false_reject
/home/lorenzo/Documenti/GitHub/HandVerify/datasets/processed-handwritten/rimes_processed/train2011-274/mosaic_001.png,/home/lorenzo/Documenti/GitHub/HandVerify/datasets/processed-handwritten/rimes_processed/train2011-899/mosaic_001.png,impostor,0.9156929850578308,0.7360067367553711,0.17968624830245972,false_accept
/home/lorenzo/Documenti/GitHub/HandVerify/datasets/processed-handwritten/rimes_processed/train2011-307/batch_5189.png,/home/lorenzo/Documenti/GitHub/HandVerify/datasets/processed-handwritten/rimes_processed/train2011-541/batch_7017.png,impostor,0.8842817544937134,0.7360067367553711,0.14827501773834229,false_accept
/home/lorenzo/Documenti/GitHub/HandVerify/datasets/processed-handwritten/rimes_processed/train2011-814/mosaic_000.png,/home/lorenzo/Documenti/GitHub/HandVerify/datasets/processed-handwritten/rimes_processed/train2011-814/batch_8957.png,genuine,0.7309101819992065,0.7360067367553711,-0.005096554756164551,false_reject
/home/lorenzo/Documenti/GitHub/HandVerify/datasets/processed-handwritten/rimes_processed/train2011-718/mosaic_001.png,/home/lorenzo/Documenti/GitHub/HandVerify/datasets/processed-handwritten/rimes_processed/train2011-731/batch_8363.png,impostor,0.8077864050865173,0.7360067367553711,0.07177966833114624,false_accept
/home/lorenzo/Documenti/GitHub/HandVerify/datasets/processed-handwritten/rimes_processed/train2011-1497/mosaic_000.png,/home/lorenzo/Documenti/GitHub/HandVerify/datasets/processed-handwritten/rimes_processed/train2011-295/batch_5093.png,impostor,0.820557713508606,0.7360067367553711,0.08455097675323486,false_accept
/home/lorenzo/Documenti/GitHub/HandVerify/datasets/processed-handwritten/rimes_processed/train2011-145/batch_3714.png,/home/lorenzo/Documenti/GitHub/HandVerify/datasets/processed-handwritten/rimes_processed/train2011-145/batch_3710.png,genuine,0.6004354953765869,0.7360067367553711,-0.13557124137878418,false_reject
/home/lorenzo/Documenti/GitHub/HandVerify/datasets/processed-handwritten/rimes_processed/eval2011-12/mosaic_001.png,/home/lorenzo/Documenti/GitHub/HandVerify/datasets/processed-handwritten/rimes_processed/train2011-662/batch_7867.png,impostor,0.9155997037887573,0.7360067367553711,0.17959296703338623,false_accept
/home/lorenzo/Documenti/GitHub/HandVerify/datasets/processed-handwritten/rimes_processed/train2011-97/mosaic_000.png,/home/lorenzo/Documenti/GitHub/HandVerify/datasets/processed-handwritten/rimes_processed/train2011-994/batch_10028.png,impostor,0.7526525259017944,0.7360067367553711,0.01664578914642334,false_accept
/home/lorenzo/Documenti/GitHub/HandVerify/datasets/processed-handwritten/rimes_processed/train2011-1385/batch_3202.png,/home/lorenzo/Documenti/GitHub/HandVerify/datasets/processed-handwritten/rimes_processed/train2011-40/batch_6063.png,impostor,0.9049307107925415,0.7360067367553711,0.1689239740371704,false_accept
/home/lorenzo/Documenti/GitHub/HandVerify/datasets/processed-handwritten/rimes_processed/train2011-774/batch_8667.png,/home/lorenzo/Documenti/GitHub/HandVerify/datasets/processed-handwritten/rimes_processed/train2011-774/mosaic_000.png,genuine,0.6338468790054321,0.7360067367553711,-0.10215985774993896,false_reject
/home/lorenzo/Documenti/GitHub/HandVerify/datasets/processed-handwritten/rimes_processed/train2011-1151/mosaic_001.png,/home/lorenzo/Documenti/GitHub/HandVerify/datasets/processed-handwritten/rimes_processed/train2011-1318/mosaic_001.png,impostor,0.857872724533081,0.7360067367553711,0.12186598777770996,false_accept
/home/lorenzo/Documenti/GitHub/HandVerify/datasets/processed-handwritten/rimes_processed/train2011-16/batch_4167.png,/home/lorenzo/Documenti/GitHub/HandVerify/datasets/processed-handwritten/rimes_processed/train2011-634/batch_7653.png,impostor,0.9507701396942139,0.7360067367553711,0.21476340293884277,false_accept
/home/lorenzo/Documenti/GitHub/HandVerify/datasets/processed-handwritten/rimes_processed/train2011-695/batch_8117.png,/home/lorenzo/Documenti/GitHub/HandVerify/datasets/processed-handwritten/rimes_processed/train2011-774/batch_8661.png,impostor,0.9103164672851562,0.7360067367553711,0.17430973052978516,false_accept
/home/lorenzo/Documenti/GitHub/HandVerify/datasets/processed-handwritten/rimes_processed/train2011-241/mosaic_002.png,/home/lorenzo/Documenti/GitHub/HandVerify/datasets/processed-handwritten/rimes_processed/train2011-241/batch_4722.png,genuine,0.7227243185043335,0.7360067367553711,-0.013282418251037598,false_reject
/home/lorenzo/Documenti/GitHub/HandVerify/datasets/processed-handwritten/rimes_processed/eval2011-15/mosaic_000.png,/home/lorenzo/Documenti/GitHub/HandVerify/datasets/processed-handwritten/rimes_processed/train2011-1251/batch_2361.png,impostor,0.7448694705963135,0.7360067367553711,0.008862733840942383,false_accept
/home/lorenzo/Documenti/GitHub/HandVerify/datasets/processed-handwritten/rimes_processed/train2011-1068/mosaic_000.png,/home/lorenzo/Documenti/GitHub/HandVerify/datasets/processed-handwritten/rimes_processed/train2011-95/batch_9805.png,impostor,0.7845069766044617,0.7360067367553711,0.048500239849090576,false_accept
/home/lorenzo/Documenti/GitHub/HandVerify/datasets/processed-handwritten/rimes_processed/train2011-1272/batch_2495.png,/home/lorenzo/Documenti/GitHub/HandVerify/datasets/processed-handwritten/rimes_processed/train2011-373/batch_5766.png,impostor,0.9160584807395935,0.7360067367553711,0.1800517439842224,false_accept
/home/lorenzo/Documenti/GitHub/HandVerify/datasets/processed-handwritten/rimes_processed/eval2011-15/batch_042.png,/home/lorenzo/Documenti/GitHub/HandVerify/datasets/processed-handwritten/rimes_processed/train2011-1349/batch_2988.png,impostor,0.87129807472229,0.7360067367553711,0.13529133796691895,false_accept
/home/lorenzo/Documenti/GitHub/HandVerify/datasets/processed-handwritten/rimes_processed/train2011-1017/batch_755.png,/home/lorenzo/Documenti/GitHub/HandVerify/datasets/processed-handwritten/rimes_processed/train2011-1017/mosaic_003.png,genuine,0.6691389679908752,0.7360067367553711,-0.06686776876449585,false_reject
/home/lorenzo/Documenti/GitHub/HandVerify/datasets/processed-handwritten/rimes_processed/train2011-198/batch_4370.png,/home/lorenzo/Documenti/GitHub/HandVerify/datasets/processed-handwritten/rimes_processed/train2011-877/batch_9309.png,impostor,0.967050313949585,0.7360067367553711,0.23104357719421387,false_accept
/home/lorenzo/Documenti/GitHub/HandVerify/datasets/processed-handwritten/rimes_processed/train2011-1136/batch_1546.png,/home/lorenzo/Documenti/GitHub/HandVerify/datasets/processed-handwritten/rimes_processed/train2011-841/batch_9102.png,impostor,0.9054099917411804,0.7360067367553711,0.16940325498580933,false_accept
/home/lorenzo/Documenti/GitHub/HandVerify/datasets/processed-handwritten/rimes_processed/train2011-1143/mosaic_002.png,/home/lorenzo/Documenti/GitHub/HandVerify/datasets/processed-handwritten/rimes_processed/train2011-1217/batch_2120.png,impostor,0.8799023628234863,0.7360067367553711,0.14389562606811523,false_accept
/home/lorenzo/Documenti/GitHub/HandVerify/datasets/processed-handwritten/rimes_processed/train2011-320/mosaic_000.png,/home/lorenzo/Documenti/GitHub/HandVerify/datasets/processed-handwritten/rimes_processed/train2011-320/batch_5293.png,genuine,0.5199395418167114,0.7360067367553711,-0.21606719493865967,false_reject
/home/lorenzo/Documenti/GitHub/HandVerify/datasets/processed-handwritten/rimes_processed/train2011-1061/batch_1041.png,/home/lorenzo/Documenti/GitHub/HandVerify/datasets/processed-handwritten/rimes_processed/train2011-1218/mosaic_000.png,impostor,0.8820406794548035,0.7360067367553711,0.14603394269943237,false_accept
/home/lorenzo/Documenti/GitHub/HandVerify/datasets/processed-handwritten/rimes_processed/train2011-894/batch_9428.png,/home/lorenzo/Documenti/GitHub/HandVerify/datasets/processed-handwritten/rimes_processed/train2011-894/mosaic_001.png,genuine,0.6454002857208252,0.7360067367553711,-0.0906064510345459,false_reject
/home/lorenzo/Documenti/GitHub/HandVerify/datasets/processed-handwritten/rimes_processed/train2011-170/mosaic_001.png,/home/lorenzo/Documenti/GitHub/HandVerify/datasets/processed-handwritten/rimes_processed/train2011-984/batch_9961.png,impostor,0.7762787938117981,0.7360067367553711,0.040272057056427,false_accept
/home/lorenzo/Documenti/GitHub/HandVerify/datasets/processed-handwritten/rimes_processed/train2011-1357/batch_3022.png,/home/lorenzo/Documenti/GitHub/HandVerify/datasets/processed-handwritten/rimes_processed/train2011-95/batch_9803.png,impostor,0.9214469194412231,0.7360067367553711,0.18544018268585205,false_accept
/home/lorenzo/Documenti/GitHub/HandVerify/datasets/processed-handwritten/rimes_processed/train2011-71/batch_8281.png,/home/lorenzo/Documenti/GitHub/HandVerify/datasets/processed-handwritten/rimes_processed/train2011-806/batch_8899.png,impostor,0.8463847041130066,0.7360067367553711,0.1103779673576355,false_accept
/home/lorenzo/Documenti/GitHub/HandVerify/datasets/processed-handwritten/rimes_processed/train2011-179/batch_4235.png,/home/lorenzo/Documenti/GitHub/HandVerify/datasets/processed-handwritten/rimes_processed/train2011-613/mosaic_002.png,impostor,0.776826024055481,0.7360067367553711,0.04081928730010986,false_accept
/home/lorenzo/Documenti/GitHub/HandVerify/datasets/processed-handwritten/rimes_processed/eval2011-59/batch_353.png,/home/lorenzo/Documenti/GitHub/HandVerify/datasets/processed-handwritten/rimes_processed/train2011-66/mosaic_002.png,impostor,0.8741205334663391,0.7360067367553711,0.13811379671096802,false_accept
/home/lorenzo/Documenti/GitHub/HandVerify/datasets/processed-handwritten/rimes_processed/train2011-171/batch_4180.png,/home/lorenzo/Documenti/GitHub/HandVerify/datasets/processed-handwritten/rimes_processed/train2011-804/batch_8888.png,impostor,0.8723579049110413,0.7360067367553711,0.13635116815567017,false_accept
/home/lorenzo/Documenti/GitHub/HandVerify/datasets/processed-handwritten/rimes_processed/train2011-1488/batch_3950.png,/home/lorenzo/Documenti/GitHub/HandVerify/datasets/processed-handwritten/rimes_processed/train2011-588/batch_7315.png,impostor,0.9257356524467468,0.7360067367553711,0.18972891569137573,false_accept
/home/lorenzo/Documenti/GitHub/HandVerify/datasets/processed-handwritten/rimes_processed/train2011-467/batch_6491.png,/home/lorenzo/Documenti/GitHub/HandVerify/datasets/processed-handwritten/rimes_processed/train2011-467/mosaic_000.png,genuine,0.6498559713363647,0.7360067367553711,-0.08615076541900635,false_reject
/home/lorenzo/Documenti/GitHub/HandVerify/datasets/processed-handwritten/rimes_processed/train2011-1159/mosaic_001.png,/home/lorenzo/Documenti/GitHub/HandVerify/datasets/processed-handwritten/rimes_processed/train2011-687/batch_8053.png,impostor,0.7469412684440613,0.7360067367553711,0.010934531688690186,false_accept
/home/lorenzo/Documenti/GitHub/HandVerify/datasets/processed-handwritten/rimes_processed/train2011-849/batch_9140.png,/home/lorenzo/Documenti/GitHub/HandVerify/datasets/processed-handwritten/rimes_processed/train2011-889/batch_9372.png,impostor,0.9515990614891052,0.7360067367553711,0.21559232473373413,false_accept
/home/lorenzo/Documenti/GitHub/HandVerify/datasets/processed-handwritten/rimes_processed/train2011-231/batch_4620.png,/home/lorenzo/Documenti/GitHub/HandVerify/datasets/processed-handwritten/rimes_processed/train2011-521/batch_6883.png,impostor,0.8201837539672852,0.7360067367553711,0.08417701721191406,false_accept
/home/lorenzo/Documenti/GitHub/HandVerify/datasets/processed-handwritten/rimes_processed/eval2011-9/batch_651.png,/home/lorenzo/Documenti/GitHub/HandVerify/datasets/processed-handwritten/rimes_processed/train2011-182/batch_4272.png,impostor,0.8977855443954468,0.7360067367553711,0.16177880764007568,false_accept
/home/lorenzo/Documenti/GitHub/HandVerify/datasets/processed-handwritten/rimes_processed/train2011-347/batch_5533.png,/home/lorenzo/Documenti/GitHub/HandVerify/datasets/processed-handwritten/rimes_processed/train2011-404/batch_6014.png,impostor,0.8803398013114929,0.7360067367553711,0.14433306455612183,false_accept
/home/lorenzo/Documenti/GitHub/HandVerify/datasets/processed-handwritten/rimes_processed/train2011-479/batch_6568.png,/home/lorenzo/Documenti/GitHub/HandVerify/datasets/processed-handwritten/rimes_processed/train2011-479/mosaic_000.png,genuine,0.7169170379638672,0.7360067367553711,-0.019089698791503906,false_reject
/home/lorenzo/Documenti/GitHub/HandVerify/datasets/processed-handwritten/rimes_processed/train2011-1079/batch_1155.png,/home/lorenzo/Documenti/GitHub/HandVerify/datasets/processed-handwritten/rimes_processed/train2011-1329/mosaic_001.png,impostor,0.7859519124031067,0.7360067367553711,0.049945175647735596,false_accept
/home/lorenzo/Documenti/GitHub/HandVerify/datasets/processed-handwritten/rimes_processed/train2011-1048/mosaic_000.png,/home/lorenzo/Documenti/GitHub/HandVerify/datasets/processed-handwritten/rimes_processed/train2011-545/batch_7050.png,impostor,0.7782578468322754,0.7360067367553711,0.0422511100769043,false_accept
/home/lorenzo/Documenti/GitHub/HandVerify/datasets/processed-handwritten/rimes_processed/train2011-1157/batch_1698.png,/home/lorenzo/Documenti/GitHub/HandVerify/datasets/processed-handwritten/rimes_processed/train2011-461/batch_6448.png,impostor,0.7360592484474182,0.7360067367553711,5.251169204711914e-05,false_accept
/home/lorenzo/Documenti/GitHub/HandVerify/datasets/processed-handwritten/rimes_processed/train2011-101/batch_789.png,/home/lorenzo/Documenti/GitHub/HandVerify/datasets/processed-handwritten/rimes_processed/train2011-1075/mosaic_000.png,impostor,0.7553081512451172,0.7360067367553711,0.019301414489746094,false_accept
/home/lorenzo/Documenti/GitHub/HandVerify/datasets/processed-handwritten/rimes_processed/train2011-1013/batch_730.png,/home/lorenzo/Documenti/GitHub/HandVerify/datasets/processed-handwritten/rimes_processed/train2011-788/mosaic_000.png,impostor,0.8168878555297852,0.7360067367553711,0.08088111877441406,false_accept
/home/lorenzo/Documenti/GitHub/HandVerify/datasets/processed-handwritten/rimes_processed/train2011-743/batch_8433.png,/home/lorenzo/Documenti/GitHub/HandVerify/datasets/processed-handwritten/rimes_processed/train2011-774/batch_8665.png,impostor,0.9867730736732483,0.7360067367553711,0.2507663369178772,false_accept
/home/lorenzo/Documenti/GitHub/HandVerify/datasets/processed-handwritten/rimes_processed/eval2011-22/batch_088.png,/home/lorenzo/Documenti/GitHub/HandVerify/datasets/processed-handwritten/rimes_processed/train2011-1151/batch_1662.png,impostor,0.7633485198020935,0.7360067367553711,0.027341783046722412,false_accept
/home/lorenzo/Documenti/GitHub/HandVerify/datasets/processed-handwritten/rimes_processed/train2011-1135/batch_1540.png,/home/lorenzo/Documenti/GitHub/HandVerify/datasets/processed-handwritten/rimes_processed/train2011-251/batch_4798.png,impostor,0.7837376594543457,0.7360067367553711,0.04773092269897461,false_accept
/home/lorenzo/Documenti/GitHub/HandVerify/datasets/processed-handwritten/rimes_processed/train2011-364/mosaic_003.png,/home/lorenzo/Documenti/GitHub/HandVerify/datasets/processed-handwritten/rimes_processed/train2011-927/batch_9615.png,impostor,0.8371028304100037,0.7360067367553711,0.10109609365463257,false_accept
/home/lorenzo/Documenti/GitHub/HandVerify/datasets/processed-handwritten/rimes_processed/train2011-1150/batch_1657.png,/home/lorenzo/Documenti/GitHub/HandVerify/datasets/processed-handwritten/rimes_processed/train2011-455/mosaic_000.png,impostor,0.8151967525482178,0.7360067367553711,0.07919001579284668,false_accept
/home/lorenzo/Documenti/GitHub/HandVerify/datasets/processed-handwritten/rimes_processed/eval2011-30/batch_163.png,/home/lorenzo/Documenti/GitHub/HandVerify/datasets/processed-handwritten/rimes_processed/train2011-229/batch_4603.png,impostor,0.925286591053009,0.7360067367553711,0.18927985429763794,false_accept
/home/lorenzo/Documenti/GitHub/HandVerify/datasets/processed-handwritten/rimes_processed/train2011-140/batch_3349.png,/home/lorenzo/Documenti/GitHub/HandVerify/datasets/processed-handwritten/rimes_processed/train2011-637/batch_7660.png,impostor,0.8736739754676819,0.7360067367553711,0.1376672387123108,false_accept
/home/lorenzo/Documenti/GitHub/HandVerify/datasets/processed-handwritten/rimes_processed/eval2011-92/batch_598.png,/home/lorenzo/Documenti/GitHub/HandVerify/datasets/processed-handwritten/rimes_processed/train2011-1306/batch_2710.png,impostor,0.9495583772659302,0.7360067367553711,0.21355164051055908,false_accept
/home/lorenzo/Documenti/GitHub/HandVerify/datasets/processed-handwritten/rimes_processed/train2011-519/batch_6865.png,/home/lorenzo/Documenti/GitHub/HandVerify/datasets/processed-handwritten/rimes_processed/train2011-519/mosaic_000.png,genuine,0.6736116409301758,0.7360067367553711,-0.06239509582519531,false_reject
/home/lorenzo/Documenti/GitHub/HandVerify/datasets/processed-handwritten/rimes_processed/train2011-1496/batch_4009.png,/home/lorenzo/Documenti/GitHub/HandVerify/datasets/processed-handwritten/rimes_processed/train2011-942/batch_9701.png,impostor,0.9354972243309021,0.7360067367553711,0.199490487575531,false_accept
/home/lorenzo/Documenti/GitHub/HandVerify/datasets/processed-handwritten/rimes_processed/train2011-1337/batch_2932.png,/home/lorenzo/Documenti/GitHub/HandVerify/datasets/processed-handwritten/rimes_processed/train2011-315/mosaic_001.png,impostor,0.7483338117599487,0.7360067367553711,0.012327075004577637,false_accept
/home/lorenzo/Documenti/GitHub/HandVerify/datasets/processed-handwritten/rimes_processed/train2011-441/mosaic_000.png,/home/lorenzo/Documenti/GitHub/HandVerify/datasets/processed-handwritten/rimes_processed/train2011-901/mosaic_000.png,impostor,0.8617280125617981,0.7360067367553711,0.125721275806427,false_accept
/home/lorenzo/Documenti/GitHub/HandVerify/datasets/processed-handwritten/rimes_processed/train2011-1496/batch_4014.png,/home/lorenzo/Documenti/GitHub/HandVerify/datasets/processed-handwritten/rimes_processed/train2011-181/batch_4263.png,impostor,0.9810577630996704,0.7360067367553711,0.24505102634429932,false_accept
/home/lorenzo/Documenti/GitHub/HandVerify/datasets/processed-handwritten/rimes_processed/train2011-313/batch_5236.png,/home/lorenzo/Documenti/GitHub/HandVerify/datasets/processed-handwritten/rimes_processed/train2011-313/batch_5239.png,genuine,0.565920352935791,0.7360067367553711,-0.17008638381958008,false_reject
/home/lorenzo/Documenti/GitHub/HandVerify/datasets/processed-handwritten/rimes_processed/eval2011-76/batch_477.png,/home/lorenzo/Documenti/GitHub/HandVerify/datasets/processed-handwritten/rimes_processed/eval2011-93/batch_606.png,impostor,0.9196270108222961,0.7360067367553711,0.18362027406692505,false_accept
/home/lorenzo/Documenti/GitHub/HandVerify/datasets/processed-handwritten/rimes_processed/train2011-346/batch_5515.png,/home/lorenzo/Documenti/GitHub/HandVerify/datasets/processed-handwritten/rimes_processed/train2011-351/batch_5565.png,impostor,0.8263258337974548,0.7360067367553711,0.09031909704208374,false_accept
/home/lorenzo/Documenti/GitHub/HandVerify/datasets/processed-handwritten/rimes_processed/train2011-1221/batch_2155.png,/home/lorenzo/Documenti/GitHub/HandVerify/datasets/processed-handwritten/rimes_processed/train2011-1335/batch_2921.png,impostor,0.9655089378356934,0.7360067367553711,0.22950220108032227,false_accept
/home/lorenzo/Documenti/GitHub/HandVerify/datasets/processed-handwritten/rimes_processed/train2011-1466/batch_3783.png,/home/lorenzo/Documenti/GitHub/HandVerify/datasets/processed-handwritten/rimes_processed/train2011-633/batch_7645.png,impostor,0.7859404683113098,0.7360067367553711,0.04993373155593872,false_accept
/home/lorenzo/Documenti/GitHub/HandVerify/datasets/processed-handwritten/rimes_processed/train2011-1035/batch_879.png,/home/lorenzo/Documenti/GitHub/HandVerify/datasets/processed-handwritten/rimes_processed/train2011-1395/batch_3257.png,impostor,0.7639554142951965,0.7360067367553711,0.02794867753982544,false_accept
/home/lorenzo/Documenti/GitHub/HandVerify/datasets/processed-handwritten/rimes_processed/train2011-1409/batch_3345.png,/home/lorenzo/Documenti/GitHub/HandVerify/datasets/processed-handwritten/rimes_processed/train2011-224/mosaic_001.png,impostor,0.7798504829406738,0.7360067367553711,0.043843746185302734,false_accept
/home/lorenzo/Documenti/GitHub/HandVerify/datasets/processed-handwritten/rimes_processed/train2011-1152/mosaic_001.png,/home/lorenzo/Documenti/GitHub/HandVerify/datasets/processed-handwritten/rimes_processed/train2011-1258/batch_2416.png,impostor,0.9082175493240356,0.7360067367553711,0.17221081256866455,false_accept
/home/lorenzo/Documenti/GitHub/HandVerify/datasets/processed-handwritten/rimes_processed/train2011-1431/batch_3522.png,/home/lorenzo/Documenti/GitHub/HandVerify/datasets/processed-handwritten/rimes_processed/train2011-328/batch_5357.png,impostor,0.8610256910324097,0.7360067367553711,0.12501895427703857,false_accept
/home/lorenzo/Documenti/GitHub/HandVerify/datasets/processed-handwritten/rimes_processed/train2011-1275/batch_2517.png,/home/lorenzo/Documenti/GitHub/HandVerify/datasets/processed-handwritten/rimes_processed/train2011-1305/batch_2702.png,impostor,0.9696524143218994,0.7360067367553711,0.23364567756652832,false_accept
/home/lorenzo/Documenti/GitHub/HandVerify/datasets/processed-handwritten/rimes_processed/train2011-320/mosaic_000.png,/home/lorenzo/Documenti/GitHub/HandVerify/datasets/processed-handwritten/rimes_processed/train2011-670/batch_7925.png,impostor,0.7777681350708008,0.7360067367553711,0.04176139831542969,false_accept
/home/lorenzo/Documenti/GitHub/HandVerify/datasets/processed-handwritten/rimes_processed/eval2011-75/batch_473.png,/home/lorenzo/Documenti/GitHub/HandVerify/datasets/processed-handwritten/rimes_processed/train2011-43/batch_6299.png,impostor,0.9700003862380981,0.7360067367553711,0.23399364948272705,false_accept
/home/lorenzo/Documenti/GitHub/HandVerify/datasets/processed-handwritten/rimes_processed/train2011-1160/batch_1723.png,/home/lorenzo/Documenti/GitHub/HandVerify/datasets/processed-handwritten/rimes_processed/train2011-32/batch_5366.png,impostor,0.875108003616333,0.7360067367553711,0.13910126686096191,false_accept
/home/lorenzo/Documenti/GitHub/HandVerify/datasets/processed-handwritten/rimes_processed/train2011-1039/batch_900.png,/home/lorenzo/Documenti/GitHub/HandVerify/datasets/processed-handwritten/rimes_processed/train2011-183/batch_4279.png,impostor,0.9151841402053833,0.7360067367553711,0.1791774034500122,false_accept
/home/lorenzo/Documenti/GitHub/HandVerify/datasets/processed-handwritten/rimes_processed/train2011-249/batch_4779.png,/home/lorenzo/Documenti/GitHub/HandVerify/datasets/processed-handwritten/rimes_processed/train2011-253/batch_4811.png,impostor,0.9559832811355591,0.7360067367553711,0.219976544380188,false_accept
/home/lorenzo/Documenti/GitHub/HandVerify/datasets/processed-handwritten/rimes_processed/train2011-468/batch_6492.png,/home/lorenzo/Documenti/GitHub/HandVerify/datasets/processed-handwritten/rimes_processed/train2011-708/mosaic_000.png,impostor,0.8367118835449219,0.7360067367553711,0.10070514678955078,false_accept
/home/lorenzo/Documenti/GitHub/HandVerify/datasets/processed-handwritten/rimes_processed/train2011-639/batch_7688.png,/home/lorenzo/Documenti/GitHub/HandVerify/datasets/processed-handwritten/rimes_processed/train2011-639/batch_7676.png,genuine,0.6710150837898254,0.7360067367553711,-0.06499165296554565,false_reject
/home/lorenzo/Documenti/GitHub/HandVerify/datasets/processed-handwritten/rimes_processed/train2011-385/batch_5846.png,/home/lorenzo/Documenti/GitHub/HandVerify/datasets/processed-handwritten/rimes_processed/train2011-781/batch_8719.png,impostor,0.9578389525413513,0.7360067367553711,0.22183221578598022,false_accept
/home/lorenzo/Documenti/GitHub/HandVerify/datasets/processed-handwritten/rimes_processed/train2011-1444/batch_3605.png,/home/lorenzo/Documenti/GitHub/HandVerify/datasets/processed-handwritten/rimes_processed/train2011-649/batch_7755.png,impostor,0.91306072473526,0.7360067367553711,0.17705398797988892,false_accept
/home/lorenzo/Documenti/GitHub/HandVerify/datasets/processed-handwritten/rimes_processed/train2011-50/mosaic_000.png,/home/lorenzo/Documenti/GitHub/HandVerify/datasets/processed-handwritten/rimes_processed/train2011-645/mosaic_001.png,impostor,0.9470139741897583,0.7360067367553711,0.2110072374343872,false_accept
/home/lorenzo/Documenti/GitHub/HandVerify/datasets/processed-handwritten/rimes_processed/train2011-1276/batch_2518.png,/home/lorenzo/Documenti/GitHub/HandVerify/datasets/processed-handwritten/rimes_processed/train2011-764/batch_8580.png,impostor,0.9283081293106079,0.7360067367553711,0.19230139255523682,false_accept
/home/lorenzo/Documenti/GitHub/HandVerify/datasets/processed-handwritten/rimes_processed/train2011-323/batch_5316.png,/home/lorenzo/Documenti/GitHub/HandVerify/datasets/processed-handwritten/rimes_processed/train2011-542/batch_7026.png,impostor,0.8894582390785217,0.7360067367553711,0.15345150232315063,false_accept
/home/lorenzo/Documenti/GitHub/HandVerify/datasets/processed-handwritten/rimes_processed/eval2011-99/mosaic_000.png,/home/lorenzo/Documenti/GitHub/HandVerify/datasets/processed-handwritten/rimes_processed/train2011-1165/batch_1759.png,impostor,0.8007331490516663,0.7360067367553711,0.06472641229629517,false_accept
/home/lorenzo/Documenti/GitHub/HandVerify/datasets/processed-handwritten/rimes_processed/train2011-1036/batch_884.png,/home/lorenzo/Documenti/GitHub/HandVerify/datasets/processed-handwritten/rimes_processed/train2011-1036/mosaic_000.png,genuine,0.6900342106819153,0.7360067367553711,-0.04597252607345581,false_reject
/home/lorenzo/Documenti/GitHub/HandVerify/datasets/processed-handwritten/rimes_processed/train2011-204/mosaic_001.png,/home/lorenzo/Documenti/GitHub/HandVerify/datasets/processed-handwritten/rimes_processed/train2011-204/batch_4425.png,genuine,0.5565651655197144,0.7360067367553711,-0.17944157123565674,false_reject
/home/lorenzo/Documenti/GitHub/HandVerify/datasets/processed-handwritten/rimes_processed/eval2011-47/batch_288.png,/home/lorenzo/Documenti/GitHub/HandVerify/datasets/processed-handwritten/rimes_processed/train2011-200/batch_4400.png,impostor,0.8790864944458008,0.7360067367553711,0.1430797576904297,false_accept
/home/lorenzo/Documenti/GitHub/HandVerify/datasets/processed-handwritten/rimes_processed/train2011-1429/batch_3486.png,/home/lorenzo/Documenti/GitHub/HandVerify/datasets/processed-handwritten/rimes_processed/train2011-757/batch_8538.png,impostor,0.8094960451126099,0.7360067367553711,0.07348930835723877,false_accept
/home/lorenzo/Documenti/GitHub/HandVerify/datasets/processed-handwritten/rimes_processed/train2011-1294/batch_2630.png,/home/lorenzo/Documenti/GitHub/HandVerify/datasets/processed-handwritten/rimes_processed/train2011-938/batch_9683.png,impostor,0.9244009852409363,0.7360067367553711,0.18839424848556519,false_accept
/home/lorenzo/Documenti/GitHub/HandVerify/datasets/processed-handwritten/rimes_processed/train2011-670/batch_7925.png,/home/lorenzo/Documenti/GitHub/HandVerify/datasets/processed-handwritten/rimes_processed/train2011-814/batch_8954.png,impostor,0.8486441969871521,0.7360067367553711,0.112637460231781,false_accept
/home/lorenzo/Documenti/GitHub/HandVerify/datasets/processed-handwritten/rimes_processed/train2011-1499/mosaic_001.png,/home/lorenzo/Documenti/GitHub/HandVerify/datasets/processed-handwritten/rimes_processed/train2011-431/batch_6236.png,impostor,0.8321645259857178,0.7360067367553711,0.09615778923034668,false_accept
/home/lorenzo/Documenti/GitHub/HandVerify/datasets/processed-handwritten/rimes_processed/train2011-1307/mosaic_002.png,/home/lorenzo/Documenti/GitHub/HandVerify/datasets/processed-handwritten/rimes_processed/train2011-389/batch_5879.png,impostor,0.8214011788368225,0.7360067367553711,0.08539444208145142,false_accept
/home/lorenzo/Documenti/GitHub/HandVerify/datasets/processed-handwritten/rimes_processed/train2011-634/batch_7654.png,/home/lorenzo/Documenti/GitHub/HandVerify/datasets/processed-handwritten/rimes_processed/train2011-727/batch_8342.png,impostor,0.9401437044143677,0.7360067367553711,0.20413696765899658,false_accept
/home/lorenzo/Documenti/GitHub/HandVerify/datasets/processed-handwritten/rimes_processed/train2011-588/batch_7309.png,/home/lorenzo/Documenti/GitHub/HandVerify/datasets/processed-handwritten/rimes_processed/train2011-826/batch_9023.png,impostor,0.8658450841903687,0.7360067367553711,0.12983834743499756,false_accept
/home/lorenzo/Documenti/GitHub/HandVerify/datasets/processed-handwritten/rimes_processed/train2011-1165/batch_1753.png,/home/lorenzo/Documenti/GitHub/HandVerify/datasets/processed-handwritten/rimes_processed/train2011-27/batch_5006.png,impostor,0.9678414463996887,0.7360067367553711,0.23183470964431763,false_accept
/home/lorenzo/Documenti/GitHub/HandVerify/datasets/processed-handwritten/rimes_processed/train2011-1484/batch_3927.png,/home/lorenzo/Documenti/GitHub/HandVerify/datasets/processed-handwritten/rimes_processed/train2011-904/batch_9485.png,impostor,0.9094939231872559,0.7360067367553711,0.17348718643188477,false_accept
/home/lorenzo/Documenti/GitHub/HandVerify/datasets/processed-handwritten/rimes_processed/train2011-33/batch_5448.png,/home/lorenzo/Documenti/GitHub/HandVerify/datasets/processed-handwritten/rimes_processed/train2011-33/mosaic_000.png,genuine,0.6593551635742188,0.7360067367553711,-0.07665157318115234,false_reject
/home/lorenzo/Documenti/GitHub/HandVerify/datasets/processed-handwritten/rimes_processed/eval2011-44/batch_266.png,/home/lorenzo/Documenti/GitHub/HandVerify/datasets/processed-handwritten/rimes_processed/train2011-464/batch_6472.png,impostor,0.9447304010391235,0.7360067367553711,0.20872366428375244,false_accept
/home/lorenzo/Documenti/GitHub/HandVerify/datasets/processed-handwritten/rimes_processed/train2011-162/batch_4118.png,/home/lorenzo/Documenti/GitHub/HandVerify/datasets/processed-handwritten/rimes_processed/train2011-816/batch_8969.png,impostor,0.8389158248901367,0.7360067367553711,0.10290908813476562,false_accept
/home/lorenzo/Documenti/GitHub/HandVerify/datasets/processed-handwritten/rimes_processed/train2011-336/batch_5422.png,/home/lorenzo/Documenti/GitHub/HandVerify/datasets/processed-handwritten/rimes_processed/train2011-461/mosaic_001.png,impostor,0.740293025970459,0.7360067367553711,0.004286289215087891,false_accept
/home/lorenzo/Documenti/GitHub/HandVerify/datasets/processed-handwritten/rimes_processed/train2011-1377/batch_3141.png,/home/lorenzo/Documenti/GitHub/HandVerify/datasets/processed-handwritten/rimes_processed/train2011-987/batch_9978.png,impostor,0.8365509510040283,0.7360067367553711,0.10054421424865723,false_accept
/home/lorenzo/Documenti/GitHub/HandVerify/datasets/processed-handwritten/rimes_processed/train2011-1084/batch_1191.png,/home/lorenzo/Documenti/GitHub/HandVerify/datasets/processed-handwritten/rimes_processed/train2011-1484/batch_3925.png,impostor,0.9249550104141235,0.7360067367553711,0.18894827365875244,false_accept
/home/lorenzo/Documenti/GitHub/HandVerify/datasets/processed-handwritten/rimes_processed/train2011-529/batch_6924.png,/home/lorenzo/Documenti/GitHub/HandVerify/datasets/processed-handwritten/rimes_processed/train2011-809/batch_8916.png,impostor,0.815983235836029,0.7360067367553711,0.07997649908065796,false_accept
/home/lorenzo/Documenti/GitHub/HandVerify/datasets/processed-handwritten/rimes_processed/train2011-1447/batch_3623.png,/home/lorenzo/Documenti/GitHub/HandVerify/datasets/processed-handwritten/rimes_processed/train2011-765/batch_8596.png,impostor,0.8104551434516907,0.7360067367553711,0.07444840669631958,false_accept
/home/lorenzo/Documenti/GitHub/HandVerify/datasets/processed-handwritten/rimes_processed/train2011-1125/batch_1493.png,/home/lorenzo/Documenti/GitHub/HandVerify/datasets/processed-handwritten/rimes_processed/train2011-1221/mosaic_001.png,impostor,0.7685256004333496,0.7360067367553711,0.032518863677978516,false_accept
/home/lorenzo/Documenti/GitHub/HandVerify/datasets/processed-handwritten/rimes_processed/train2011-221/batch_4547.png,/home/lorenzo/Documenti/GitHub/HandVerify/datasets/processed-handwritten/rimes_processed/train2011-739/batch_8400.png,impostor,0.9626566767692566,0.7360067367553711,0.2266499400138855,false_accept
/home/lorenzo/Documenti/GitHub/HandVerify/datasets/processed-handwritten/rimes_processed/eval2011-12/batch_025.png,/home/lorenzo/Documenti/GitHub/HandVerify/datasets/processed-handwritten/rimes_processed/train2011-1392/batch_3246.png,impostor,0.7769998908042908,0.7360067367553711,0.04099315404891968,false_accept
/home/lorenzo/Documenti/GitHub/HandVerify/datasets/processed-handwritten/rimes_processed/train2011-157/batch_4091.png,/home/lorenzo/Documenti/GitHub/HandVerify/datasets/processed-handwritten/rimes_processed/train2011-647/batch_7749.png,impostor,0.9532953500747681,0.7360067367553711,0.21728861331939697,false_accept
/home/lorenzo/Documenti/GitHub/HandVerify/datasets/processed-handwritten/rimes_processed/train2011-497/mosaic_000.png,/home/lorenzo/Documenti/GitHub/HandVerify/datasets/processed-handwritten/rimes_processed/train2011-530/batch_6945.png,impostor,0.839207112789154,0.7360067367553711,0.10320037603378296,false_accept
/home/lorenzo/Documenti/GitHub/HandVerify/datasets/processed-handwritten/rimes_processed/train2011-622/batch_7557.png,/home/lorenzo/Documenti/GitHub/HandVerify/datasets/processed-handwritten/rimes_processed/train2011-843/batch_9108.png,impostor,0.8707711100578308,0.7360067367553711,0.13476437330245972,false_accept
/home/lorenzo/Documenti/GitHub/HandVerify/datasets/processed-handwritten/rimes_processed/train2011-1255/batch_2381.png,/home/lorenzo/Documenti/GitHub/HandVerify/datasets/processed-handwritten/rimes_processed/train2011-327/batch_5342.png,impostor,0.9897314310073853,0.7360067367553711,0.25372469425201416,false_accept
/home/lorenzo/Documenti/GitHub/HandVerify/datasets/processed-handwritten/rimes_processed/train2011-1232/batch_2225.png,/home/lorenzo/Documenti/GitHub/HandVerify/datasets/processed-handwritten/rimes_processed/train2011-1323/batch_2851.png,impostor,0.8071202039718628,0.7360067367553711,0.0711134672164917,false_accept
/home/lorenzo/Documenti/GitHub/HandVerify/datasets/processed-handwritten/rimes_processed/eval2011-32/mosaic_003.png,/home/lorenzo/Documenti/GitHub/HandVerify/datasets/processed-handwritten/rimes_processed/train2011-172/mosaic_001.png,impostor,0.9237395524978638,0.7360067367553711,0.18773281574249268,false_accept
/home/lorenzo/Documenti/GitHub/HandVerify/datasets/processed-handwritten/rimes_processed/train2011-1224/batch_2172.png,/home/lorenzo/Documenti/GitHub/HandVerify/datasets/processed-handwritten/rimes_processed/train2011-143/mosaic_001.png,impostor,0.8552780747413635,0.7360067367553711,0.11927133798599243,false_accept
/home/lorenzo/Documenti/GitHub/HandVerify/datasets/processed-handwritten/rimes_processed/train2011-1483/batch_3922.png,/home/lorenzo/Documenti/GitHub/HandVerify/datasets/processed-handwritten/rimes_processed/train2011-1483/mosaic_000.png,genuine,0.7194777727127075,0.7360067367553711,-0.016528964042663574,false_reject
/home/lorenzo/Documenti/GitHub/HandVerify/datasets/processed-handwritten/rimes_processed/train2011-32/mosaic_001.png,/home/lorenzo/Documenti/GitHub/HandVerify/datasets/processed-handwritten/rimes_processed/train2011-71/batch_8279.png,impostor,0.8647192120552063,0.7360067367553711,0.1287124752998352,false_accept
/home/lorenzo/Documenti/GitHub/HandVerify/datasets/processed-handwritten/rimes_processed/train2011-1287/batch_2587.png,/home/lorenzo/Documenti/GitHub/HandVerify/datasets/processed-handwritten/rimes_processed/train2011-745/batch_8450.png,impostor,0.9645095467567444,0.7360067367553711,0.2285028100013733,false_accept
/home/lorenzo/Documenti/GitHub/HandVerify/datasets/processed-handwritten/rimes_processed/train2011-127/batch_2539.png,/home/lorenzo/Documenti/GitHub/HandVerify/datasets/processed-handwritten/rimes_processed/train2011-424/batch_6177.png,impostor,0.7517073154449463,0.7360067367553711,0.015700578689575195,false_accept
/home/lorenzo/Documenti/GitHub/HandVerify/datasets/processed-handwritten/rimes_processed/train2011-333/batch_5405.png,/home/lorenzo/Documenti/GitHub/HandVerify/datasets/processed-handwritten/rimes_processed/train2011-810/batch_8924.png,impostor,0.838573157787323,0.7360067367553711,0.1025664210319519,false_accept
/home/lorenzo/Documenti/GitHub/HandVerify/datasets/processed-handwritten/rimes_processed/eval2011-59/mosaic_000.png,/home/lorenzo/Documenti/GitHub/HandVerify/datasets/processed-handwritten/rimes_processed/train2011-1474/batch_3856.png,impostor,0.8959264159202576,0.7360067367553711,0.15991967916488647,false_accept
/home/lorenzo/Documenti/GitHub/HandVerify/datasets/processed-handwritten/rimes_processed/train2011-223/batch_4562.png,/home/lorenzo/Documenti/GitHub/HandVerify/datasets/processed-handwritten/rimes_processed/train2011-555/batch_7116.png,impostor,0.9245816469192505,0.7360067367553711,0.1885749101638794,false_accept
/home/lorenzo/Documenti/GitHub/HandVerify/datasets/processed-handwritten/rimes_processed/train2011-238/mosaic_001.png,/home/lorenzo/Documenti/GitHub/HandVerify/datasets/processed-handwritten/rimes_processed/train2011-813/batch_8940.png,impostor,0.7660427689552307,0.7360067367553711,0.03003603219985962,false_accept
/home/lorenzo/Documenti/GitHub/HandVerify/datasets/processed-handwritten/rimes_processed/train2011-102/batch_845.png,/home/lorenzo/Documenti/GitHub/HandVerify/datasets/processed-handwritten/rimes_processed/train2011-664/batch_7879.png,impostor,0.9226316213607788,0.7360067367553711,0.18662488460540771,false_accept
/home/lorenzo/Documenti/GitHub/HandVerify/datasets/processed-handwritten/rimes_processed/train2011-1478/batch_3882.png,/home/lorenzo/Documenti/GitHub/HandVerify/datasets/processed-handwritten/rimes_processed/train2011-303/batch_5162.png,impostor,0.8356658220291138,0.7360067367553711,0.09965908527374268,false_accept
/home/lorenzo/Documenti/GitHub/HandVerify/datasets/processed-handwritten/rimes_processed/train2011-821/batch_8997.png,/home/lorenzo/Documenti/GitHub/HandVerify/datasets/processed-handwritten/rimes_processed/train2011-821/mosaic_000.png,genuine,0.4967941343784332,0.7360067367553711,-0.23921260237693787,false_reject
/home/lorenzo/Documenti/GitHub/HandVerify/datasets/processed-handwritten/rimes_processed/train2011-719/mosaic_000.png,/home/lorenzo/Documenti/GitHub/HandVerify/datasets/processed-handwritten/rimes_processed/train2011-794/batch_8806.png,impostor,0.8155086636543274,0.7360067367553711,0.0795019268989563,false_accept
/home/lorenzo/Documenti/GitHub/HandVerify/datasets/processed-handwritten/rimes_processed/train2011-1136/batch_1553.png,/home/lorenzo/Documenti/GitHub/HandVerify/datasets/processed-handwritten/rimes_processed/train2011-240/batch_4716.png,impostor,0.8602168560028076,0.7360067367553711,0.12421011924743652,false_accept
/home/lorenzo/Documenti/GitHub/HandVerify/datasets/processed-handwritten/rimes_processed/train2011-416/batch_6113.png,/home/lorenzo/Documenti/GitHub/HandVerify/datasets/processed-handwritten/rimes_processed/train2011-623/batch_7565.png,impostor,0.8956391215324402,0.7360067367553711,0.1596323847770691,false_accept
/home/lorenzo/Documenti/GitHub/HandVerify/datasets/processed-handwritten/rimes_processed/eval2011-40/batch_234.png,/home/lorenzo/Documenti/GitHub/HandVerify/datasets/processed-handwritten/rimes_processed/train2011-1151/batch_1660.png,impostor,0.8501538038253784,0.7360067367553711,0.11414706707000732,false_accept
/home/lorenzo/Documenti/GitHub/HandVerify/datasets/processed-handwritten/rimes_processed/train2011-318/mosaic_000.png,/home/lorenzo/Documenti/GitHub/HandVerify/datasets/processed-handwritten/rimes_processed/train2011-8/batch_9460.png,impostor,0.9250882863998413,0.7360067367553711,0.18908154964447021,false_accept
/home/lorenzo/Documenti/GitHub/HandVerify/datasets/processed-handwritten/rimes_processed/train2011-438/batch_6283.png,/home/lorenzo/Documenti/GitHub/HandVerify/datasets/processed-handwritten/rimes_processed/train2011-510/mosaic_001.png,impostor,0.8804118633270264,0.7360067367553711,0.14440512657165527,false_accept
/home/lorenzo/Documenti/GitHub/HandVerify/datasets/processed-handwritten/rimes_processed/train2011-151/mosaic_001.png,/home/lorenzo/Documenti/GitHub/HandVerify/datasets/processed-handwritten/rimes_processed/train2011-157/mosaic_000.png,impostor,0.9500125646591187,0.7360067367553711,0.21400582790374756,false_accept
/home/lorenzo/Documenti/GitHub/HandVerify/datasets/processed-handwritten/rimes_processed/train2011-1/batch_4386.png,/home/lorenzo/Documenti/GitHub/HandVerify/datasets/processed-handwritten/rimes_processed/train2011-298/batch_5119.png,impostor,0.9064879417419434,0.7360067367553711,0.17048120498657227,false_accept
/home/lorenzo/Documenti/GitHub/HandVerify/datasets/processed-handwritten/rimes_processed/train2011-1209/batch_2061.png,/home/lorenzo/Documenti/GitHub/HandVerify/datasets/processed-handwritten/rimes_processed/train2011-86/batch_9268.png,impostor,0.8909155130386353,0.7360067367553711,0.15490877628326416,false_accept
/home/lorenzo/Documenti/GitHub/HandVerify/datasets/processed-handwritten/rimes_processed/train2011-405/batch_6021.png,/home/lorenzo/Documenti/GitHub/HandVerify/datasets/processed-handwritten/rimes_processed/train2011-704/batch_8184.png,impostor,0.8684442639350891,0.7360067367553711,0.13243752717971802,false_accept
/home/lorenzo/Documenti/GitHub/HandVerify/datasets/processed-handwritten/rimes_processed/train2011-193/batch_4336.png,/home/lorenzo/Documenti/GitHub/HandVerify/datasets/processed-handwritten/rimes_processed/train2011-816/batch_8966.png,impostor,0.9473968744277954,0.7360067367553711,0.21139013767242432,false_accept
/home/lorenzo/Documenti/GitHub/HandVerify/datasets/processed-handwritten/rimes_processed/train2011-502/mosaic_001.png,/home/lorenzo/Documenti/GitHub/HandVerify/datasets/processed-handwritten/rimes_processed/train2011-86/batch_9268.png,impostor,0.8428980708122253,0.7360067367553711,0.10689133405685425,false_accept
/home/lorenzo/Documenti/GitHub/HandVerify/datasets/processed-handwritten/rimes_processed/train2011-1261/mosaic_000.png,/home/lorenzo/Documenti/GitHub/HandVerify/datasets/processed-handwritten/rimes_processed/train2011-1261/batch_2438.png,genuine,0.20164233446121216,0.7360067367553711,-0.5343644022941589,false_reject
/home/lorenzo/Documenti/GitHub/HandVerify/datasets/processed-handwritten/rimes_processed/eval2011-33/batch_189.png,/home/lorenzo/Documenti/GitHub/HandVerify/datasets/processed-handwritten/rimes_processed/train2011-320/batch_5290.png,impostor,0.9704657793045044,0.7360067367553711,0.2344590425491333,false_accept
/home/lorenzo/Documenti/GitHub/HandVerify/datasets/processed-handwritten/rimes_processed/train2011-1056/batch_1007.png,/home/lorenzo/Documenti/GitHub/HandVerify/datasets/processed-handwritten/rimes_processed/train2011-459/batch_6424.png,impostor,0.925388753414154,0.7360067367553711,0.18938201665878296,false_accept
/home/lorenzo/Documenti/GitHub/HandVerify/datasets/processed-handwritten/rimes_processed/train2011-744/mosaic_000.png,/home/lorenzo/Documenti/GitHub/HandVerify/datasets/processed-handwritten/rimes_processed/train2011-835/batch_9073.png,impostor,0.8329378366470337,0.7360067367553711,0.0969310998916626,false_accept
/home/lorenzo/Documenti/GitHub/HandVerify/datasets/processed-handwritten/rimes_processed/eval2011-13/batch_029.png,/home/lorenzo/Documenti/GitHub/HandVerify/datasets/processed-handwritten/rimes_processed/eval2011-57/batch_345.png,impostor,0.9590993523597717,0.7360067367553711,0.22309261560440063,false_accept
/home/lorenzo/Documenti/GitHub/HandVerify/datasets/processed-handwritten/rimes_processed/train2011-1402/batch_3311.png,/home/lorenzo/Documenti/GitHub/HandVerify/datasets/processed-handwritten/rimes_processed/train2011-330/batch_5382.png,impostor,0.9124823808670044,0.7360067367553711,0.1764756441116333,false_accept
/home/lorenzo/Documenti/GitHub/HandVerify/datasets/processed-handwritten/rimes_processed/train2011-444/batch_6337.png,/home/lorenzo/Documenti/GitHub/HandVerify/datasets/processed-handwritten/rimes_processed/train2011-883/batch_9348.png,impostor,0.9851667881011963,0.7360067367553711,0.2491600513458252,false_accept
/home/lorenzo/Documenti/GitHub/HandVerify/datasets/processed-handwritten/rimes_processed/train2011-6/mosaic_000.png,/home/lorenzo/Documenti/GitHub/HandVerify/datasets/processed-handwritten/rimes_processed/train2011-661/batch_7862.png,impostor,0.8507136702537537,0.7360067367553711,0.11470693349838257,false_accept
/home/lorenzo/Documenti/GitHub/HandVerify/datasets/processed-handwritten/rimes_processed/train2011-352/mosaic_000.png,/home/lorenzo/Documenti/GitHub/HandVerify/datasets/processed-handwritten/rimes_processed/train2011-352/batch_5582.png,genuine,0.7346842885017395,0.7360067367553711,-0.0013224482536315918,false_reject
/home/lorenzo/Documenti/GitHub/HandVerify/datasets/processed-handwritten/rimes_processed/train2011-84/mosaic_000.png,/home/lorenzo/Documenti/GitHub/HandVerify/datasets/processed-handwritten/rimes_processed/train2011-84/batch_9147.png,genuine,0.6640278100967407,0.7360067367553711,-0.07197892665863037,false_reject
/home/lorenzo/Documenti/GitHub/HandVerify/datasets/processed-handwritten/rimes_processed/train2011-660/batch_7854.png,/home/lorenzo/Documenti/GitHub/HandVerify/datasets/processed-handwritten/rimes_processed/train2011-873/batch_9290.png,impostor,0.8149091601371765,0.7360067367553711,0.07890242338180542,false_accept
/home/lorenzo/Documenti/GitHub/HandVerify/datasets/processed-handwritten/rimes_processed/train2011-358/batch_5624.png,/home/lorenzo/Documenti/GitHub/HandVerify/datasets/processed-handwritten/rimes_processed/train2011-721/mosaic_002.png,impostor,0.8285045623779297,0.7360067367553711,0.0924978256225586,false_accept
/home/lorenzo/Documenti/GitHub/HandVerify/datasets/processed-handwritten/rimes_processed/train2011-639/batch_7677.png,/home/lorenzo/Documenti/GitHub/HandVerify/datasets/processed-handwritten/rimes_processed/train2011-639/mosaic_000.png,genuine,0.7354298233985901,0.7360067367553711,-0.0005769133567810059,false_reject
/home/lorenzo/Documenti/GitHub/HandVerify/datasets/processed-handwritten/rimes_processed/train2011-675/batch_7964.png,/home/lorenzo/Documenti/GitHub/HandVerify/datasets/processed-handwritten/rimes_processed/train2011-964/mosaic_001.png,impostor,0.9018149971961975,0.7360067367553711,0.16580826044082642,false_accept
/home/lorenzo/Documenti/GitHub/HandVerify/datasets/processed-handwritten/rimes_processed/train2011-108/batch_1237.png,/home/lorenzo/Documenti/GitHub/HandVerify/datasets/processed-handwritten/rimes_processed/train2011-907/mosaic_000.png,impostor,0.8329319357872009,0.7360067367553711,0.09692519903182983,false_accept
/home/lorenzo/Documenti/GitHub/HandVerify/datasets/processed-handwritten/rimes_processed/train2011-1417/batch_3413.png,/home/lorenzo/Documenti/GitHub/HandVerify/datasets/processed-handwritten/rimes_processed/train2011-156/batch_4084.png,impostor,0.7611967921257019,0.7360067367553711,0.02519005537033081,false_accept
/home/lorenzo/Documenti/GitHub/HandVerify/datasets/processed-handwritten/rimes_processed/train2011-343/batch_5489.png,/home/lorenzo/Documenti/GitHub/HandVerify/datasets/processed-handwritten/rimes_processed/train2011-782/batch_8732.png,impostor,0.8858959078788757,0.7360067367553711,0.14988917112350464,false_accept
/home/lorenzo/Documenti/GitHub/HandVerify/datasets/processed-handwritten/rimes_processed/train2011-339/batch_5446.png,/home/lorenzo/Documenti/GitHub/HandVerify/datasets/processed-handwritten/rimes_processed/train2011-500/batch_6740.png,impostor,0.9023169279098511,0.7360067367553711,0.16631019115447998,false_accept
/home/lorenzo/Documenti/GitHub/HandVerify/datasets/processed-handwritten/rimes_processed/train2011-421/batch_6150.png,/home/lorenzo/Documenti/GitHub/HandVerify/datasets/processed-handwritten/rimes_processed/train2011-578/batch_7258.png,impostor,0.8728455901145935,0.7360067367553711,0.1368388533592224,false_accept
/home/lorenzo/Documenti/GitHub/HandVerify/datasets/processed-handwritten/rimes_processed/eval2011-39/batch_214.png,/home/lorenzo/Documenti/GitHub/HandVerify/datasets/processed-handwritten/rimes_processed/train2011-855/batch_9181.png,impostor,0.867249071598053,0.7360067367553711,0.13124233484268188,false_accept
/home/lorenzo/Documenti/GitHub/HandVerify/datasets/processed-handwritten/rimes_processed/train2011-1179/batch_1846.png,/home/lorenzo/Documenti/GitHub/HandVerify/datasets/processed-handwritten/rimes_processed/train2011-1228/batch_2191.png,impostor,0.8173551559448242,0.7360067367553711,0.08134841918945312,false_accept
/home/lorenzo/Documenti/GitHub/HandVerify/datasets/processed-handwritten/rimes_processed/train2011-108/batch_1235.png,/home/lorenzo/Documenti/GitHub/HandVerify/datasets/processed-handwritten/rimes_processed/train2011-907/batch_9499.png,impostor,0.9829471111297607,0.7360067367553711,0.24694037437438965,false_accept
/home/lorenzo/Documenti/GitHub/HandVerify/datasets/processed-handwritten/rimes_processed/train2011-365/batch_5691.png,/home/lorenzo/Documenti/GitHub/HandVerify/datasets/processed-handwritten/rimes_processed/train2011-561/batch_7160.png,impostor,0.9686776399612427,0.7360067367553711,0.23267090320587158,false_accept
/home/lorenzo/Documenti/GitHub/HandVerify/datasets/processed-handwritten/rimes_processed/train2011-1316/batch_2803.png,/home/lorenzo/Documenti/GitHub/HandVerify/datasets/processed-handwritten/rimes_processed/train2011-609/batch_7475.png,impostor,0.9133915305137634,0.7360067367553711,0.17738479375839233,false_accept
/home/lorenzo/Documenti/GitHub/HandVerify/datasets/processed-handwritten/rimes_processed/train2011-1485/batch_3936.png,/home/lorenzo/Documenti/GitHub/HandVerify/datasets/processed-handwritten/rimes_processed/train2011-1488/batch_3951.png,impostor,0.7708749771118164,0.7360067367553711,0.03486824035644531,false_accept
/home/lorenzo/Documenti/GitHub/HandVerify/datasets/processed-handwritten/rimes_processed/train2011-580/batch_7269.png,/home/lorenzo/Documenti/GitHub/HandVerify/datasets/processed-handwritten/rimes_processed/train2011-661/batch_7863.png,impostor,0.9905982613563538,0.7360067367553711,0.25459152460098267,false_accept
/home/lorenzo/Documenti/GitHub/HandVerify/datasets/processed-handwritten/rimes_processed/train2011-385/batch_5849.png,/home/lorenzo/Documenti/GitHub/HandVerify/datasets/processed-handwritten/rimes_processed/train2011-91/batch_9570.png,impostor,0.8208779692649841,0.7360067367553711,0.08487123250961304,false_accept
/home/lorenzo/Documenti/GitHub/HandVerify/datasets/processed-handwritten/rimes_processed/train2011-1399/batch_3279.png,/home/lorenzo/Documenti/GitHub/HandVerify/datasets/processed-handwritten/rimes_processed/train2011-968/batch_9845.png,impostor,0.9165903329849243,0.7360067367553711,0.18058359622955322,false_accept
/home/lorenzo/Documenti/GitHub/HandVerify/datasets/processed-handwritten/rimes_processed/train2011-24/mosaic_000.png,/home/lorenzo/Documenti/GitHub/HandVerify/datasets/processed-handwritten/rimes_processed/train2011-322/batch_5301.png,impostor,0.9050267338752747,0.7360067367553711,0.16901999711990356,false_accept
/home/lorenzo/Documenti/GitHub/HandVerify/datasets/processed-handwritten/rimes_processed/train2011-1244/batch_2315.png,/home/lorenzo/Documenti/GitHub/HandVerify/datasets/processed-handwritten/rimes_processed/train2011-301/batch_5144.png,impostor,0.9428125023841858,0.7360067367553711,0.2068057656288147,false_accept
/home/lorenzo/Documenti/GitHub/HandVerify/datasets/processed-handwritten/rimes_processed/train2011-1430/batch_3502.png,/home/lorenzo/Documenti/GitHub/HandVerify/datasets/processed-handwritten/rimes_processed/train2011-689/batch_8059.png,impostor,0.9008879661560059,0.7360067367553711,0.16488122940063477,false_accept
/home/lorenzo/Documenti/GitHub/HandVerify/datasets/processed-handwritten/rimes_processed/train2011-1003/batch_678.png,/home/lorenzo/Documenti/GitHub/HandVerify/datasets/processed-handwritten/rimes_processed/train2011-1198/batch_1996.png,impostor,0.8821171522140503,0.7360067367553711,0.1461104154586792,false_accept
/home/lorenzo/Documenti/GitHub/HandVerify/datasets/processed-handwritten/rimes_processed/train2011-1467/batch_3790.png,/home/lorenzo/Documenti/GitHub/HandVerify/datasets/processed-handwritten/rimes_processed/train2011-434/mosaic_000.png,impostor,0.8821566104888916,0.7360067367553711,0.1461498737335205,false_accept
/home/lorenzo/Documenti/GitHub/HandVerify/datasets/processed-handwritten/rimes_processed/train2011-1331/batch_2894.png,/home/lorenzo/Documenti/GitHub/HandVerify/datasets/processed-handwritten/rimes_processed/train2011-491/batch_6675.png,impostor,0.9470222592353821,0.7360067367553711,0.211015522480011,false_accept
/home/lorenzo/Documenti/GitHub/HandVerify/datasets/processed-handwritten/rimes_processed/train2011-1419/mosaic_001.png,/home/lorenzo/Documenti/GitHub/HandVerify/datasets/processed-handwritten/rimes_processed/train2011-1422/batch_3450.png,impostor,0.8517212271690369,0.7360067367553711,0.11571449041366577,false_accept
/home/lorenzo/Documenti/GitHub/HandVerify/datasets/processed-handwritten/rimes_processed/eval2011-81/mosaic_000.png,/home/lorenzo/Documenti/GitHub/HandVerify/datasets/processed-handwritten/rimes_processed/train2011-1442/mosaic_000.png,impostor,0.8122577667236328,0.7360067367553711,0.07625102996826172,false_accept
/home/lorenzo/Documenti/GitHub/HandVerify/datasets/processed-handwritten/rimes_processed/train2011-1232/batch_2226.png,/home/lorenzo/Documenti/GitHub/HandVerify/datasets/processed-handwritten/rimes_processed/train2011-1295/mosaic_002.png,impostor,0.8648148775100708,0.7360067367553711,0.1288081407546997,false_accept
/home/lorenzo/Documenti/GitHub/HandVerify/datasets/processed-handwritten/rimes_processed/train2011-1095/batch_1274.png,/home/lorenzo/Documenti/GitHub/HandVerify/datasets/processed-handwritten/rimes_processed/train2011-1095/mosaic_001.png,genuine,0.7196962833404541,0.7360067367553711,-0.016310453414916992,false_reject
/home/lorenzo/Documenti/GitHub/HandVerify/datasets/processed-handwritten/rimes_processed/train2011-1091/batch_1248.png,/home/lorenzo/Documenti/GitHub/HandVerify/datasets/processed-handwritten/rimes_processed/train2011-600/batch_7412.png,impostor,0.9410178065299988,0.7360067367553711,0.20501106977462769,false_accept
/home/lorenzo/Documenti/GitHub/HandVerify/datasets/processed-handwritten/rimes_processed/train2011-63/batch_7696.png,/home/lorenzo/Documenti/GitHub/HandVerify/datasets/processed-handwritten/rimes_processed/train2011-971/batch_9872.png,impostor,0.9063118100166321,0.7360067367553711,0.170305073261261,false_accept
/home/lorenzo/Documenti/GitHub/HandVerify/datasets/processed-handwritten/rimes_processed/train2011-1374/batch_3121.png,/home/lorenzo/Documenti/GitHub/HandVerify/datasets/processed-handwritten/rimes_processed/train2011-779/batch_8695.png,impostor,0.8927857875823975,0.7360067367553711,0.15677905082702637,false_accept
/home/lorenzo/Documenti/GitHub/HandVerify/datasets/processed-handwritten/rimes_processed/train2011-392/batch_5910.png,/home/lorenzo/Documenti/GitHub/HandVerify/datasets/processed-handwritten/rimes_processed/train2011-828/batch_9031.png,impostor,0.9231626987457275,0.7360067367553711,0.18715596199035645,false_accept
/home/lorenzo/Documenti/GitHub/HandVerify/datasets/processed-handwritten/rimes_processed/train2011-275/mosaic_001.png,/home/lorenzo/Documenti/GitHub/HandVerify/datasets/processed-handwritten/rimes_processed/train2011-275/batch_4953.png,genuine,0.6027381420135498,0.7360067367553711,-0.1332685947418213,false_reject
/home/lorenzo/Documenti/GitHub/HandVerify/datasets/processed-handwritten/rimes_processed/train2011-180/batch_4252.png,/home/lorenzo/Documenti/GitHub/HandVerify/datasets/processed-handwritten/rimes_processed/train2011-740/batch_8411.png,impostor,0.93656325340271,0.7360067367553711,0.20055651664733887,false_accept
/home/lorenzo/Documenti/GitHub/HandVerify/datasets/processed-handwritten/rimes_processed/train2011-396/batch_5935.png,/home/lorenzo/Documenti/GitHub/HandVerify/datasets/processed-handwritten/rimes_processed/train2011-634/batch_7654.png,impostor,0.737820565700531,0.7360067367553711,0.0018138289451599121,false_accept
/home/lorenzo/Documenti/GitHub/HandVerify/datasets/processed-handwritten/rimes_processed/eval2011-64/batch_391.png,/home/lorenzo/Documenti/GitHub/HandVerify/datasets/processed-handwritten/rimes_processed/train2011-222/batch_4555.png,impostor,0.950515866279602,0.7360067367553711,0.21450912952423096,false_accept
/home/lorenzo/Documenti/GitHub/HandVerify/datasets/processed-handwritten/rimes_processed/train2011-489/batch_6648.png,/home/lorenzo/Documenti/GitHub/HandVerify/datasets/processed-handwritten/rimes_processed/train2011-967/batch_9843.png,impostor,0.9397978782653809,0.7360067367553711,0.20379114151000977,false_accept
/home/lorenzo/Documenti/GitHub/HandVerify/datasets/processed-handwritten/rimes_processed/train2011-1303/batch_2692.png,/home/lorenzo/Documenti/GitHub/HandVerify/datasets/processed-handwritten/rimes_processed/train2011-153/batch_4076.png,impostor,0.7730971574783325,0.7360067367553711,0.037090420722961426,false_accept
/home/lorenzo/Documenti/GitHub/HandVerify/datasets/processed-handwritten/rimes_processed/eval2011-76/mosaic_001.png,/home/lorenzo/Documenti/GitHub/HandVerify/datasets/processed-handwritten/rimes_processed/train2011-798/batch_8830.png,impostor,0.855150580406189,0.7360067367553711,0.11914384365081787,false_accept
/home/lorenzo/Documenti/GitHub/HandVerify/datasets/processed-handwritten/rimes_processed/train2011-1084/mosaic_001.png,/home/lorenzo/Documenti/GitHub/HandVerify/datasets/processed-handwritten/rimes_processed/train2011-298/mosaic_000.png,impostor,0.8797903656959534,0.7360067367553711,0.14378362894058228,false_accept
/home/lorenzo/Documenti/GitHub/HandVerify/datasets/processed-handwritten/rimes_processed/train2011-1462/batch_3746.png,/home/lorenzo/Documenti/GitHub/HandVerify/datasets/processed-handwritten/rimes_processed/train2011-978/batch_9909.png,impostor,0.9423404932022095,0.7360067367553711,0.20633375644683838,false_accept
/home/lorenzo/Documenti/GitHub/HandVerify/datasets/processed-handwritten/rimes_processed/train2011-1067/mosaic_001.png,/home/lorenzo/Documenti/GitHub/HandVerify/datasets/processed-handwritten/rimes_processed/train2011-981/batch_9940.png,impostor,0.8227086663246155,0.7360067367553711,0.08670192956924438,false_accept
/home/lorenzo/Documenti/GitHub/HandVerify/datasets/processed-handwritten/rimes_processed/train2011-1484/batch_3930.png,/home/lorenzo/Documenti/GitHub/HandVerify/datasets/processed-handwritten/rimes_processed/train2011-955/mosaic_001.png,impostor,0.8029146194458008,0.7360067367553711,0.06690788269042969,false_accept
/home/lorenzo/Documenti/GitHub/HandVerify/datasets/processed-handwritten/rimes_processed/train2011-1050/batch_982.png,/home/lorenzo/Documenti/GitHub/HandVerify/datasets/processed-handwritten/rimes_processed/train2011-1186/batch_1900.png,impostor,0.9413937330245972,0.7360067367553711,0.20538699626922607,false_accept
/home/lorenzo/Documenti/GitHub/HandVerify/datasets/processed-handwritten/rimes_processed/train2011-549/mosaic_000.png,/home/lorenzo/Documenti/GitHub/HandVerify/datasets/processed-handwritten/rimes_processed/train2011-757/batch_8535.png,impostor,0.7673731446266174,0.7360067367553711,0.03136640787124634,false_accept
/home/lorenzo/Documenti/GitHub/HandVerify/datasets/processed-handwritten/rimes_processed/train2011-1051/batch_986.png,/home/lorenzo/Documenti/GitHub/HandVerify/datasets/processed-handwritten/rimes_processed/train2011-579/batch_7261.png,impostor,0.978999137878418,0.7360067367553711,0.24299240112304688,false_accept
/home/lorenzo/Documenti/GitHub/HandVerify/datasets/processed-handwritten/rimes_processed/train2011-1264/batch_2454.png,/home/lorenzo/Documenti/GitHub/HandVerify/datasets/processed-handwritten/rimes_processed/train2011-70/batch_8217.png,impostor,0.8657295107841492,0.7360067367553711,0.12972277402877808,false_accept
/home/lorenzo/Documenti/GitHub/HandVerify/datasets/processed-handwritten/rimes_processed/train2011-1172/batch_1817.png,/home/lorenzo/Documenti/GitHub/HandVerify/datasets/processed-handwritten/rimes_processed/train2011-862/batch_9222.png,impostor,0.962843120098114,0.7360067367553711,0.22683638334274292,false_accept
/home/lorenzo/Documenti/GitHub/HandVerify/datasets/processed-handwritten/rimes_processed/eval2011-30/batch_161.png,/home/lorenzo/Documenti/GitHub/HandVerify/datasets/processed-handwritten/rimes_processed/train2011-1312/batch_2772.png,impostor,0.9282761216163635,0.7360067367553711,0.19226938486099243,false_accept
/home/lorenzo/Documenti/GitHub/HandVerify/datasets/processed-handwritten/rimes_processed/train2011-204/mosaic_000.png,/home/lorenzo/Documenti/GitHub/HandVerify/datasets/processed-handwritten/rimes_processed/train2011-204/batch_4427.png,genuine,0.6646918058395386,0.7360067367553711,-0.07131493091583252,false_reject
/home/lorenzo/Documenti/GitHub/HandVerify/datasets/processed-handwritten/rimes_processed/train2011-441/batch_6314.png,/home/lorenzo/Documenti/GitHub/HandVerify/datasets/processed-handwritten/rimes_processed/train2011-928/batch_9618.png,impostor,0.9478870630264282,0.7360067367553711,0.21188032627105713,false_accept
/home/lorenzo/Documenti/GitHub/HandVerify/datasets/processed-handwritten/rimes_processed/train2011-217/batch_4514.png,/home/lorenzo/Documenti/GitHub/HandVerify/datasets/processed-handwritten/rimes_processed/train2011-657/mosaic_001.png,impostor,0.7913339138031006,0.7360067367553711,0.05532717704772949,false_accept
/home/lorenzo/Documenti/GitHub/HandVerify/datasets/processed-handwritten/rimes_processed/train2011-1197/batch_1993.png,/home/lorenzo/Documenti/GitHub/HandVerify/datasets/processed-handwritten/rimes_processed/train2011-975/batch_9893.png,impostor,0.9147800207138062,0.7360067367553711,0.17877328395843506,false_accept
/home/lorenzo/Documenti/GitHub/HandVerify/datasets/processed-handwritten/rimes_processed/train2011-307/mosaic_000.png,/home/lorenzo/Documenti/GitHub/HandVerify/datasets/processed-handwritten/rimes_processed/train2011-438/batch_6284.png,impostor,0.868965208530426,0.7360067367553711,0.13295847177505493,false_accept
/home/lorenzo/Documenti/GitHub/HandVerify/datasets/processed-handwritten/rimes_processed/train2011-1095/batch_1272.png,/home/lorenzo/Documenti/GitHub/HandVerify/datasets/processed-handwritten/rimes_processed/train2011-1362/batch_3055.png,impostor,0.9028063416481018,0.7360067367553711,0.1667996048927307,false_accept
/home/lorenzo/Documenti/GitHub/HandVerify/datasets/processed-handwritten/rimes_processed/train2011-1353/batch_3005.png,/home/lorenzo/Documenti/GitHub/HandVerify/datasets/processed-handwritten/rimes_processed/train2011-783/batch_8740.png,impostor,0.8024683594703674,0.7360067367553711,0.06646162271499634,false_accept
/home/lorenzo/Documenti/GitHub/HandVerify/datasets/processed-handwritten/rimes_processed/train2011-1108/batch_1365.png,/home/lorenzo/Documenti/GitHub/HandVerify/datasets/processed-handwritten/rimes_processed/train2011-94/mosaic_000.png,impostor,0.798763632774353,0.7360067367553711,0.06275689601898193,false_accept
/home/lorenzo/Documenti/GitHub/HandVerify/datasets/processed-handwritten/rimes_processed/train2011-1494/batch_3996.png,/home/lorenzo/Documenti/GitHub/HandVerify/datasets/processed-handwritten/rimes_processed/train2011-734/batch_8375.png,impostor,0.936290979385376,0.7360067367553711,0.20028424263000488,false_accept
/home/lorenzo/Documenti/GitHub/HandVerify/datasets/processed-handwritten/rimes_processed/train2011-501/batch_6747.png,/home/lorenzo/Documenti/GitHub/HandVerify/datasets/processed-handwritten/rimes_processed/train2011-501/mosaic_000.png,genuine,0.6802492737770081,0.7360067367553711,-0.05575746297836304,false_reject
/home/lorenzo/Documenti/GitHub/HandVerify/datasets/processed-handwritten/rimes_processed/train2011-1494/batch_3994.png,/home/lorenzo/Documenti/GitHub/HandVerify/datasets/processed-handwritten/rimes_processed/train2011-307/batch_5191.png,impostor,0.8342628479003906,0.7360067367553711,0.09825611114501953,false_accept
/home/lorenzo/Documenti/GitHub/HandVerify/datasets/processed-handwritten/rimes_processed/train2011-1229/batch_2199.png,/home/lorenzo/Documenti/GitHub/HandVerify/datasets/processed-handwritten/rimes_processed/train2011-1375/batch_3125.png,impostor,0.8937510251998901,0.7360067367553711,0.15774428844451904,false_accept
/home/lorenzo/Documenti/GitHub/HandVerify/datasets/processed-handwritten/rimes_processed/eval2011-18/batch_057.png,/home/lorenzo/Documenti/GitHub/HandVerify/datasets/processed-handwritten/rimes_processed/train2011-1491/mosaic_001.png,impostor,0.786981463432312,0.7360067367553711,0.05097472667694092,false_accept
/home/lorenzo/Documenti/GitHub/HandVerify/datasets/processed-handwritten/rimes_processed/train2011-1079/batch_1156.png,/home/lorenzo/Documenti/GitHub/HandVerify/datasets/processed-handwritten/rimes_processed/train2011-966/batch_9835.png,impostor,0.9357336759567261,0.7360067367553711,0.19972693920135498,false_accept
/home/lorenzo/Documenti/GitHub/HandVerify/datasets/processed-handwritten/rimes_processed/train2011-447/mosaic_001.png,/home/lorenzo/Documenti/GitHub/HandVerify/datasets/processed-handwritten/rimes_processed/train2011-476/batch_6549.png,impostor,0.8233636617660522,0.7360067367553711,0.08735692501068115,false_accept
/home/lorenzo/Documenti/GitHub/HandVerify/datasets/processed-handwritten/rimes_processed/train2011-944/batch_9714.png,/home/lorenzo/Documenti/GitHub/HandVerify/datasets/processed-handwritten/rimes_processed/train2011-944/mosaic_001.png,genuine,0.5708909034729004,0.7360067367553711,-0.1651158332824707,false_reject
/home/lorenzo/Documenti/GitHub/HandVerify/datasets/processed-handwritten/rimes_processed/train2011-1375/mosaic_001.png,/home/lorenzo/Documenti/GitHub/HandVerify/datasets/processed-handwritten/rimes_processed/train2011-1485/batch_3935.png,impostor,0.7491103410720825,0.7360067367553711,0.013103604316711426,false_accept
/home/lorenzo/Documenti/GitHub/HandVerify/datasets/processed-handwritten/rimes_processed/train2011-1485/batch_3937.png,/home/lorenzo/Documenti/GitHub/HandVerify/datasets/processed-handwritten/rimes_processed/train2011-52/batch_6930.png,impostor,0.9439080357551575,0.7360067367553711,0.20790129899978638,false_accept
/home/lorenzo/Documenti/GitHub/HandVerify/datasets/processed-handwritten/rimes_processed/train2011-738/batch_8397.png,/home/lorenzo/Documenti/GitHub/HandVerify/datasets/processed-handwritten/rimes_processed/train2011-768/batch_8628.png,impostor,0.7559179067611694,0.7360067367553711,0.01991117000579834,false_accept
/home/lorenzo/Documenti/GitHub/HandVerify/datasets/processed-handwritten/rimes_processed/eval2011-99/mosaic_002.png,/home/lorenzo/Documenti/GitHub/HandVerify/datasets/processed-handwritten/rimes_processed/train2011-1454/batch_3678.png,impostor,0.8365745544433594,0.7360067367553711,0.10056781768798828,false_accept
/home/lorenzo/Documenti/GitHub/HandVerify/datasets/processed-handwritten/rimes_processed/train2011-1452/batch_3657.png,/home/lorenzo/Documenti/GitHub/HandVerify/datasets/processed-handwritten/rimes_processed/train2011-1452/mosaic_000.png,genuine,0.6656516790390015,0.7360067367553711,-0.07035505771636963,false_reject
/home/lorenzo/Documenti/GitHub/HandVerify/datasets/processed-handwritten/rimes_processed/train2011-1233/batch_2231.png,/home/lorenzo/Documenti/GitHub/HandVerify/datasets/processed-handwritten/rimes_processed/train2011-409/batch_6048.png,impostor,0.9440974593162537,0.7360067367553711,0.20809072256088257,false_accept
/home/lorenzo/Documenti/GitHub/HandVerify/datasets/processed-handwritten/rimes_processed/eval2011-29/batch_141.png,/home/lorenzo/Documenti/GitHub/HandVerify/datasets/processed-handwritten/rimes_processed/train2011-66/batch_7916.png,impostor,0.9044231176376343,0.7360067367553711,0.16841638088226318,false_accept
/home/lorenzo/Documenti/GitHub/HandVerify/datasets/processed-handwritten/rimes_processed/train2011-1097/batch_1295.png,/home/lorenzo/Documenti/GitHub/HandVerify/datasets/processed-handwritten/rimes_processed/train2011-1097/mosaic_002.png,genuine,0.6812678575515747,0.7360067367553711,-0.05473887920379639,false_reject
/home/lorenzo/Documenti/GitHub/HandVerify/datasets/processed-handwritten/rimes_processed/eval2011-89/batch_563.png,/home/lorenzo/Documenti/GitHub/HandVerify/datasets/processed-handwritten/rimes_processed/train2011-1074/mosaic_000.png,impostor,0.7602877616882324,0.7360067367553711,0.024281024932861328,false_accept
/home/lorenzo/Documenti/GitHub/HandVerify/datasets/processed-handwritten/rimes_processed/train2011-269/mosaic_000.png,/home/lorenzo/Documenti/GitHub/HandVerify/datasets/processed-handwritten/rimes_processed/train2011-630/batch_7627.png,impostor,0.8045741319656372,0.7360067367553711,0.06856739521026611,false_accept
/home/lorenzo/Documenti/GitHub/HandVerify/datasets/processed-handwritten/rimes_processed/train2011-746/mosaic_000.png,/home/lorenzo/Documenti/GitHub/HandVerify/datasets/processed-handwritten/rimes_processed/train2011-746/batch_8457.png,genuine,0.6985068917274475,0.7360067367553711,-0.037499845027923584,false_reject
/home/lorenzo/Documenti/GitHub/HandVerify/datasets/processed-handwritten/rimes_processed/train2011-672/batch_7946.png,/home/lorenzo/Documenti/GitHub/HandVerify/datasets/processed-handwritten/rimes_processed/train2011-672/batch_7943.png,genuine,0.7074652314186096,0.7360067367553711,-0.028541505336761475,false_reject
/home/lorenzo/Documenti/GitHub/HandVerify/datasets/processed-handwritten/rimes_processed/train2011-1162/batch_1741.png,/home/lorenzo/Documenti/GitHub/HandVerify/datasets/processed-handwritten/rimes_processed/train2011-540/batch_7013.png,impostor,0.8480067253112793,0.7360067367553711,0.1119999885559082,false_accept
/home/lorenzo/Documenti/GitHub/HandVerify/datasets/processed-handwritten/rimes_processed/train2011-1112/batch_1411.png,/home/lorenzo/Documenti/GitHub/HandVerify/datasets/processed-handwritten/rimes_processed/train2011-1454/batch_3675.png,impostor,0.9688301086425781,0.7360067367553711,0.23282337188720703,false_accept
/home/lorenzo/Documenti/GitHub/HandVerify/datasets/processed-handwritten/rimes_processed/train2011-284/batch_5034.png,/home/lorenzo/Documenti/GitHub/HandVerify/datasets/processed-handwritten/rimes_processed/train2011-284/mosaic_000.png,genuine,0.7069104313850403,0.7360067367553711,-0.02909630537033081,false_reject
/home/lorenzo/Documenti/GitHub/HandVerify/datasets/processed-handwritten/rimes_processed/train2011-51/batch_6871.png,/home/lorenzo/Documenti/GitHub/HandVerify/datasets/processed-handwritten/rimes_processed/train2011-51/mosaic_000.png,genuine,0.7271878123283386,0.7360067367553711,-0.00881892442703247,false_reject
/home/lorenzo/Documenti/GitHub/HandVerify/datasets/processed-handwritten/rimes_processed/train2011-141/batch_3427.png,/home/lorenzo/Documenti/GitHub/HandVerify/datasets/processed-handwritten/rimes_processed/train2011-749/batch_8482.png,impostor,0.805169403553009,0.7360067367553711,0.06916266679763794,false_accept
/home/lorenzo/Documenti/GitHub/HandVerify/datasets/processed-handwritten/rimes_processed/train2011-1197/batch_1991.png,/home/lorenzo/Documenti/GitHub/HandVerify/datasets/processed-handwritten/rimes_processed/train2011-239/mosaic_001.png,impostor,0.8511167764663696,0.7360067367553711,0.11511003971099854,false_accept
/home/lorenzo/Documenti/GitHub/HandVerify/datasets/processed-handwritten/rimes_processed/eval2011-50/batch_312.png,/home/lorenzo/Documenti/GitHub/HandVerify/datasets/processed-handwritten/rimes_processed/train2011-350/batch_5554.png,impostor,0.7434313893318176,0.7360067367553711,0.007424652576446533,false_accept
/home/lorenzo/Documenti/GitHub/HandVerify/datasets/processed-handwritten/rimes_processed/train2011-1086/batch_1201.png,/home/lorenzo/Documenti/GitHub/HandVerify/datasets/processed-handwritten/rimes_processed/train2011-1108/batch_1365.png,impostor,0.9700734615325928,0.7360067367553711,0.23406672477722168,false_accept
/home/lorenzo/Documenti/GitHub/HandVerify/datasets/processed-handwritten/rimes_processed/train2011-801/batch_8869.png,/home/lorenzo/Documenti/GitHub/HandVerify/datasets/processed-handwritten/rimes_processed/train2011-801/mosaic_001.png,genuine,0.5947094559669495,0.7360067367553711,-0.14129728078842163,false_reject
/home/lorenzo/Documenti/GitHub/HandVerify/datasets/processed-handwritten/rimes_processed/train2011-1337/batch_2933.png,/home/lorenzo/Documenti/GitHub/HandVerify/datasets/processed-handwritten/rimes_processed/train2011-293/batch_5082.png,impostor,0.7706858515739441,0.7360067367553711,0.034679114818573,false_accept
/home/lorenzo/Documenti/GitHub/HandVerify/datasets/processed-handwritten/rimes_processed/train2011-1363/batch_3060.png,/home/lorenzo/Documenti/GitHub/HandVerify/datasets/processed-handwritten/rimes_processed/train2011-490/batch_6668.png,impostor,0.8595232963562012,0.7360067367553711,0.12351655960083008,false_accept
/home/lorenzo/Documenti/GitHub/HandVerify/datasets/processed-handwritten/rimes_processed/train2011-1467/batch_3796.png,/home/lorenzo/Documenti/GitHub/HandVerify/datasets/processed-handwritten/rimes_processed/train2011-464/batch_6468.png,impostor,0.9628446102142334,0.7360067367553711,0.2268378734588623,false_accept
/home/lorenzo/Documenti/GitHub/HandVerify/datasets/processed-handwritten/rimes_processed/train2011-18/mosaic_001.png,/home/lorenzo/Documenti/GitHub/HandVerify/datasets/processed-handwritten/rimes_processed/train2011-433/mosaic_000.png,impostor,0.9491921067237854,0.7360067367553711,0.2131853699684143,false_accept
/home/lorenzo/Documenti/GitHub/HandVerify/datasets/processed-handwritten/rimes_processed/train2011-487/batch_6638.png,/home/lorenzo/Documenti/GitHub/HandVerify/datasets/processed-handwritten/rimes_processed/train2011-487/mosaic_000.png,genuine,0.5796700119972229,0.7360067367553711,-0.1563367247581482,false_reject
/home/lorenzo/Documenti/GitHub/HandVerify/datasets/processed-handwritten/rimes_processed/train2011-694/batch_8107.png,/home/lorenzo/Documenti/GitHub/HandVerify/datasets/processed-handwritten/rimes_processed/train2011-72/batch_8355.png,impostor,0.7944344878196716,0.7360067367553711,0.05842775106430054,false_accept
/home/lorenzo/Documenti/GitHub/HandVerify/datasets/processed-handwritten/rimes_processed/train2011-693/mosaic_001.png,/home/lorenzo/Documenti/GitHub/HandVerify/datasets/processed-handwritten/rimes_processed/train2011-693/batch_8097.png,genuine,0.6925622820854187,0.7360067367553711,-0.04344445466995239,false_reject
/home/lorenzo/Documenti/GitHub/HandVerify/datasets/processed-handwritten/rimes_processed/train2011-348/batch_5538.png,/home/lorenzo/Documenti/GitHub/HandVerify/datasets/processed-handwritten/rimes_processed/train2011-982/mosaic_001.png,impostor,0.7561989426612854,0.7360067367553711,0.020192205905914307,false_accept
/home/lorenzo/Documenti/GitHub/HandVerify/datasets/processed-handwritten/rimes_processed/train2011-1241/mosaic_002.png,/home/lorenzo/Documenti/GitHub/HandVerify/datasets/processed-handwritten/rimes_processed/train2011-1241/batch_2282.png,genuine,0.6536394357681274,0.7360067367553711,-0.08236730098724365,false_reject
/home/lorenzo/Documenti/GitHub/HandVerify/datasets/processed-handwritten/rimes_processed/train2011-187/batch_4304.png,/home/lorenzo/Documenti/GitHub/HandVerify/datasets/processed-handwritten/rimes_processed/train2011-766/mosaic_002.png,impostor,0.899234414100647,0.7360067367553711,0.16322767734527588,false_accept
/home/lorenzo/Documenti/GitHub/HandVerify/datasets/processed-handwritten/rimes_processed/train2011-1005/batch_694.png,/home/lorenzo/Documenti/GitHub/HandVerify/datasets/processed-handwritten/rimes_processed/train2011-1192/batch_1959.png,impostor,0.8483288288116455,0.7360067367553711,0.11232209205627441,false_accept
/home/lorenzo/Documenti/GitHub/HandVerify/datasets/processed-handwritten/rimes_processed/train2011-1481/batch_3905.png,/home/lorenzo/Documenti/GitHub/HandVerify/datasets/processed-handwritten/rimes_processed/train2011-979/batch_9921.png,impostor,0.9409709572792053,0.7360067367553711,0.20496422052383423,false_accept
/home/lorenzo/Documenti/GitHub/HandVerify/datasets/processed-handwritten/rimes_processed/train2011-1457/batch_3696.png,/home/lorenzo/Documenti/GitHub/HandVerify/datasets/processed-handwritten/rimes_processed/train2011-389/batch_5880.png,impostor,0.8130230903625488,0.7360067367553711,0.07701635360717773,false_accept
/home/lorenzo/Documenti/GitHub/HandVerify/datasets/processed-handwritten/rimes_processed/train2011-542/batch_7025.png,/home/lorenzo/Documenti/GitHub/HandVerify/datasets/processed-handwritten/rimes_processed/train2011-665/batch_7883.png,impostor,0.7647057175636292,0.7360067367553711,0.028698980808258057,false_accept
/home/lorenzo/Documenti/GitHub/HandVerify/datasets/processed-handwritten/rimes_processed/eval2011-42/batch_250.png,/home/lorenzo/Documenti/GitHub/HandVerify/datasets/processed-handwritten/rimes_processed/eval2011-42/mosaic_000.png,genuine,0.6664711833000183,0.7360067367553711,-0.06953555345535278,false_reject
/home/lorenzo/Documenti/GitHub/HandVerify/datasets/processed-handwritten/rimes_processed/train2011-609/batch_7476.png,/home/lorenzo/Documenti/GitHub/HandVerify/datasets/processed-handwritten/rimes_processed/train2011-890/batch_9388.png,impostor,0.9031257033348083,0.7360067367553711,0.16711896657943726,false_accept
/home/lorenzo/Documenti/GitHub/HandVerify/datasets/processed-handwritten/rimes_processed/train2011-650/batch_7763.png,/home/lorenzo/Documenti/GitHub/HandVerify/datasets/processed-handwritten/rimes_processed/train2011-864/batch_9232.png,impostor,0.9853499531745911,0.7360067367553711,0.24934321641921997,false_accept
/home/lorenzo/Documenti/GitHub/HandVerify/datasets/processed-handwritten/rimes_processed/eval2011-48/batch_293.png,/home/lorenzo/Documenti/GitHub/HandVerify/datasets/processed-handwritten/rimes_processed/train2011-1348/batch_2984.png,impostor,0.7368395328521729,0.7360067367553711,0.0008327960968017578,false_accept
/home/lorenzo/Documenti/GitHub/HandVerify/datasets/processed-handwritten/rimes_processed/train2011-233/mosaic_001.png,/home/lorenzo/Documenti/GitHub/HandVerify/datasets/processed-handwritten/rimes_processed/train2011-887/batch_9365.png,impostor,0.9249266386032104,0.7360067367553711,0.18891990184783936,false_accept
/home/lorenzo/Documenti/GitHub/HandVerify/datasets/processed-handwritten/rimes_processed/train2011-340/batch_5466.png,/home/lorenzo/Documenti/GitHub/HandVerify/datasets/processed-handwritten/rimes_processed/train2011-602/batch_7430.png,impostor,0.9618454575538635,0.7360067367553711,0.22583872079849243,false_accept
/home/lorenzo/Documenti/GitHub/HandVerify/datasets/processed-handwritten/rimes_processed/train2011-38/batch_5883.png,/home/lorenzo/Documenti/GitHub/HandVerify/datasets/processed-handwritten/rimes_processed/train2011-519/batch_6862.png,impostor,0.8981034755706787,0.7360067367553711,0.16209673881530762,false_accept
/home/lorenzo/Documenti/GitHub/HandVerify/datasets/processed-handwritten/rimes_processed/train2011-252/batch_4802.png,/home/lorenzo/Documenti/GitHub/HandVerify/datasets/processed-handwritten/rimes_processed/train2011-543/batch_7034.png,impostor,0.9347327947616577,0.7360067367553711,0.19872605800628662,false_accept
/home/lorenzo/Documenti/GitHub/HandVerify/datasets/processed-handwritten/rimes_processed/train2011-1296/batch_2649.png,/home/lorenzo/Documenti/GitHub/HandVerify/datasets/processed-handwritten/rimes_processed/train2011-720/batch_8289.png,impostor,0.9690116047859192,0.7360067367553711,0.2330048680305481,false_accept
/home/lorenzo/Documenti/GitHub/HandVerify/datasets/processed-handwritten/rimes_processed/train2011-1060/batch_1035.png,/home/lorenzo/Documenti/GitHub/HandVerify/datasets/processed-handwritten/rimes_processed/train2011-281/mosaic_000.png,impostor,0.7866818904876709,0.7360067367553711,0.050675153732299805,false_accept
/home/lorenzo/Documenti/GitHub/HandVerify/datasets/processed-handwritten/rimes_processed/train2011-353/batch_5584.png,/home/lorenzo/Documenti/GitHub/HandVerify/datasets/processed-handwritten/rimes_processed/train2011-510/mosaic_001.png,impostor,0.8421213626861572,0.7360067367553711,0.10611462593078613,false_accept
/home/lorenzo/Documenti/GitHub/HandVerify/datasets/processed-handwritten/rimes_processed/train2011-1411/batch_3368.png,/home/lorenzo/Documenti/GitHub/HandVerify/datasets/processed-handwritten/rimes_processed/train2011-943/batch_9708.png,impostor,0.8843032717704773,0.7360067367553711,0.1482965350151062,false_accept
/home/lorenzo/Documenti/GitHub/HandVerify/datasets/processed-handwritten/rimes_processed/train2011-1110/mosaic_000.png,/home/lorenzo/Documenti/GitHub/HandVerify/datasets/processed-handwritten/rimes_processed/train2011-634/batch_7653.png,impostor,0.7846000790596008,0.7360067367553711,0.048593342304229736,false_accept
/home/lorenzo/Documenti/GitHub/HandVerify/datasets/processed-handwritten/rimes_processed/train2011-1005/batch_691.png,/home/lorenzo/Documenti/GitHub/HandVerify/datasets/processed-handwritten/rimes_processed/train2011-1005/mosaic_000.png,genuine,0.6817843317985535,0.7360067367553711,-0.05422240495681763,false_reject
/home/lorenzo/Documenti/GitHub/HandVerify/datasets/processed-handwritten/rimes_processed/train2011-1306/batch_2710.png,/home/lorenzo/Documenti/GitHub/HandVerify/datasets/processed-handwritten/rimes_processed/train2011-797/batch_8823.png,impostor,0.9216119050979614,0.7360067367553711,0.18560516834259033,false_accept
/home/lorenzo/Documenti/GitHub/HandVerify/datasets/processed-handwritten/rimes_processed/train2011-625/mosaic_003.png,/home/lorenzo/Documenti/GitHub/HandVerify/datasets/processed-handwritten/rimes_processed/train2011-625/batch_7580.png,genuine,0.7320032119750977,0.7360067367553711,-0.0040035247802734375,false_reject
/home/lorenzo/Documenti/GitHub/HandVerify/datasets/processed-handwritten/rimes_processed/eval2011-13/batch_029.png,/home/lorenzo/Documenti/GitHub/HandVerify/datasets/processed-handwritten/rimes_processed/train2011-135/mosaic_000.png,impostor,0.8036289215087891,0.7360067367553711,0.06762218475341797,false_accept
/home/lorenzo/Documenti/GitHub/HandVerify/datasets/processed-handwritten/rimes_processed/eval2011-65/batch_398.png,/home/lorenzo/Documenti/GitHub/HandVerify/datasets/processed-handwritten/rimes_processed/train2011-271/batch_4926.png,impostor,0.8363725543022156,0.7360067367553711,0.10036581754684448,false_accept
/home/lorenzo/Documenti/GitHub/HandVerify/datasets/processed-handwritten/rimes_processed/train2011-15/batch_4105.png,/home/lorenzo/Documenti/GitHub/HandVerify/datasets/processed-handwritten/rimes_processed/train2011-260/batch_4858.png,impostor,0.938937246799469,0.7360067367553711,0.2029305100440979,false_accept
/home/lorenzo/Documenti/GitHub/HandVerify/datasets/processed-handwritten/rimes_processed/train2011-1118/batch_1438.png,/home/lorenzo/Documenti/GitHub/HandVerify/datasets/processed-handwritten/rimes_processed/train2011-49/batch_6727.png,impostor,0.9437260627746582,0.7360067367553711,0.2077193260192871,false_accept
/home/lorenzo/Documenti/GitHub/HandVerify/datasets/processed-handwritten/rimes_processed/train2011-1438/batch_3558.png,/home/lorenzo/Documenti/GitHub/HandVerify/datasets/processed-handwritten/rimes_processed/train2011-501/batch_6756.png,impostor,0.9607241153717041,0.7360067367553711,0.224717378616333,false_accept
/home/lorenzo/Documenti/GitHub/HandVerify/datasets/processed-handwritten/rimes_processed/train2011-268/batch_4899.png,/home/lorenzo/Documenti/GitHub/HandVerify/datasets/processed-handwritten/rimes_processed/train2011-593/batch_7359.png,impostor,0.9203773140907288,0.7360067367553711,0.18437057733535767,false_accept
/home/lorenzo/Documenti/GitHub/HandVerify/datasets/processed-handwritten/rimes_processed/train2011-1363/batch_3064.png,/home/lorenzo/Documenti/GitHub/HandVerify/datasets/processed-handwritten/rimes_processed/train2011-538/batch_6990.png,impostor,0.9612486958503723,0.7360067367553711,0.22524195909500122,false_accept
/home/lorenzo/Documenti/GitHub/HandVerify/datasets/processed-handwritten/rimes_processed/train2011-592/batch_7348.png,/home/lorenzo/Documenti/GitHub/HandVerify/datasets/processed-handwritten/rimes_processed/train2011-748/batch_8471.png,impostor,0.7953317165374756,0.7360067367553711,0.05932497978210449,false_accept
/home/lorenzo/Documenti/GitHub/HandVerify/datasets/processed-handwritten/rimes_processed/train2011-1144/batch_1605.png,/home/lorenzo/Documenti/GitHub/HandVerify/datasets/processed-handwritten/rimes_processed/train2011-627/batch_7601.png,impostor,0.9139835834503174,0.7360067367553711,0.1779768466949463,false_accept
/home/lorenzo/Documenti/GitHub/HandVerify/datasets/processed-handwritten/rimes_processed/train2011-1435/batch_3540.png,/home/lorenzo/Documenti/GitHub/HandVerify/datasets/processed-handwritten/rimes_processed/train2011-718/batch_8268.png,impostor,0.9579592943191528,0.7360067367553711,0.22195255756378174,false_accept
/home/lorenzo/Documenti/GitHub/HandVerify/datasets/processed-handwritten/rimes_processed/train2011-1003/batch_682.png,/home/lorenzo/Documenti/GitHub/HandVerify/datasets/processed-handwritten/rimes_processed/train2011-698/batch_8146.png,impostor,0.9164993762969971,0.7360067367553711,0.18049263954162598,false_accept
/home/lorenzo/Documenti/GitHub/HandVerify/datasets/processed-handwritten/rimes_processed/train2011-1405/mosaic_001.png,/home/lorenzo/Documenti/GitHub/HandVerify/datasets/processed-handwritten/rimes_processed/train2011-253/batch_4811.png,impostor,0.8663070201873779,0.7360067367553711,0.13030028343200684,false_accept
/home/lorenzo/Documenti/GitHub/HandVerify/datasets/processed-handwritten/rimes_processed/train2011-40/batch_6067.png,/home/lorenzo/Documenti/GitHub/HandVerify/datasets/processed-handwritten/rimes_processed/train2011-771/batch_8651.png,impostor,0.9067156910896301,0.7360067367553711,0.17070895433425903,false_accept
/home/lorenzo/Documenti/GitHub/HandVerify/datasets/processed-handwritten/rimes_processed/train2011-1/batch_4381.png,/home/lorenzo/Documenti/GitHub/HandVerify/datasets/processed-handwritten/rimes_processed/train2011-237/batch_4672.png,impostor,0.9175426363945007,0.7360067367553711,0.18153589963912964,false_accept
/home/lorenzo/Documenti/GitHub/HandVerify/datasets/processed-handwritten/rimes_processed/train2011-359/mosaic_000.png,/home/lorenzo/Documenti/GitHub/HandVerify/datasets/processed-handwritten/rimes_processed/train2011-359/batch_5637.png,genuine,0.7035535573959351,0.7360067367553711,-0.032453179359436035,false_reject
/home/lorenzo/Documenti/GitHub/HandVerify/datasets/processed-handwritten/rimes_processed/train2011-121/batch_2141.png,/home/lorenzo/Documenti/GitHub/HandVerify/datasets/processed-handwritten/rimes_processed/train2011-462/batch_6453.png,impostor,0.9823052287101746,0.7360067367553711,0.24629849195480347,false_accept
/home/lorenzo/Documenti/GitHub/HandVerify/datasets/processed-handwritten/rimes_processed/train2011-102/mosaic_000.png,/home/lorenzo/Documenti/GitHub/HandVerify/datasets/processed-handwritten/rimes_processed/train2011-1332/mosaic_001.png,impostor,0.9154966473579407,0.7360067367553711,0.17948991060256958,false_accept
/home/lorenzo/Documenti/GitHub/HandVerify/datasets/processed-handwritten/rimes_processed/train2011-776/batch_8678.png,/home/lorenzo/Documenti/GitHub/HandVerify/datasets/processed-handwritten/rimes_processed/train2011-997/batch_10044.png,impostor,0.746998131275177,0.7360067367553711,0.010991394519805908,false_accept
/home/lorenzo/Documenti/GitHub/HandVerify/datasets/processed-handwritten/rimes_processed/train2011-734/batch_8374.png,/home/lorenzo/Documenti/GitHub/HandVerify/datasets/processed-handwritten/rimes_processed/train2011-734/mosaic_001.png,genuine,0.6963709592819214,0.7360067367553711,-0.03963577747344971,false_reject
/home/lorenzo/Documenti/GitHub/HandVerify/datasets/processed-handwritten/rimes_processed/eval2011-58/batch_350.png,/home/lorenzo/Documenti/GitHub/HandVerify/datasets/processed-handwritten/rimes_processed/train2011-1208/batch_2055.png,impostor,0.9685484170913696,0.7360067367553711,0.23254168033599854,false_accept
/home/lorenzo/Documenti/GitHub/HandVerify/datasets/processed-handwritten/rimes_processed/train2011-429/batch_6205.png,/home/lorenzo/Documenti/GitHub/HandVerify/datasets/processed-handwritten/rimes_processed/train2011-821/batch_8993.png,impostor,0.9244087338447571,0.7360067367553711,0.188401997089386,false_accept
/home/lorenzo/Documenti/GitHub/HandVerify/datasets/processed-handwritten/rimes_processed/train2011-1017/batch_756.png,/home/lorenzo/Documenti/GitHub/HandVerify/datasets/processed-handwritten/rimes_processed/train2011-434/batch_6260.png,impostor,0.9735626578330994,0.7360067367553711,0.23755592107772827,false_accept
/home/lorenzo/Documenti/GitHub/HandVerify/datasets/processed-handwritten/rimes_processed/train2011-1203/batch_2032.png,/home/lorenzo/Documenti/GitHub/HandVerify/datasets/processed-handwritten/rimes_processed/train2011-1213/batch_2097.png,impostor,0.893674373626709,0.7360067367553711,0.1576676368713379,false_accept
/home/lorenzo/Documenti/GitHub/HandVerify/datasets/processed-handwritten/rimes_processed/eval2011-17/batch_053.png,/home/lorenzo/Documenti/GitHub/HandVerify/datasets/processed-handwritten/rimes_processed/train2011-959/mosaic_000.png,impostor,0.7429119348526001,0.7360067367553711,0.006905198097229004,false_accept
/home/lorenzo/Documenti/GitHub/HandVerify/datasets/processed-handwritten/rimes_processed/train2011-1303/batch_2693.png,/home/lorenzo/Documenti/GitHub/HandVerify/datasets/processed-handwritten/rimes_processed/train2011-1303/mosaic_000.png,genuine,0.6812013387680054,0.7360067367553711,-0.05480539798736572,false_reject
/home/lorenzo/Documenti/GitHub/HandVerify/datasets/processed-handwritten/rimes_processed/train2011-1406/batch_3332.png,/home/lorenzo/Documenti/GitHub/HandVerify/datasets/processed-handwritten/rimes_processed/train2011-523/batch_6892.png,impostor,0.738474428653717,0.7360067367553711,0.0024676918983459473,false_accept
/home/lorenzo/Documenti/GitHub/HandVerify/datasets/processed-handwritten/rimes_processed/train2011-1375/batch_3125.png,/home/lorenzo/Documenti/GitHub/HandVerify/datasets/processed-handwritten/rimes_processed/train2011-962/batch_9814.png,impostor,0.9267957210540771,0.7360067367553711,0.19078898429870605,false_accept
/home/lorenzo/Documenti/GitHub/HandVerify/datasets/processed-handwritten/rimes_processed/train2011-678/mosaic_000.png,/home/lorenzo/Documenti/GitHub/HandVerify/datasets/processed-handwritten/rimes_processed/train2011-931/batch_9638.png,impostor,0.9314180612564087,0.7360067367553711,0.1954113245010376,false_accept
/home/lorenzo/Documenti/GitHub/HandVerify/datasets/processed-handwritten/rimes_processed/eval2011-48/batch_291.png,/home/lorenzo/Documenti/GitHub/HandVerify/datasets/processed-handwritten/rimes_processed/train2011-291/batch_5071.png,impostor,0.9541789889335632,0.7360067367553711,0.21817225217819214,false_accept
/home/lorenzo/Documenti/GitHub/HandVerify/datasets/processed-handwritten/rimes_processed/eval2011-41/batch_240.png,/home/lorenzo/Documenti/GitHub/HandVerify/datasets/processed-handwritten/rimes_processed/train2011-1160/batch_1723.png,impostor,0.7528954744338989,0.7360067367553711,0.016888737678527832,false_accept
/home/lorenzo/Documenti/GitHub/HandVerify/datasets/processed-handwritten/rimes_processed/train2011-1226/batch_2182.png,/home/lorenzo/Documenti/GitHub/HandVerify/datasets/processed-handwritten/rimes_processed/train2011-487/batch_6638.png,impostor,0.9164732098579407,0.7360067367553711,0.18046647310256958,false_accept
/home/lorenzo/Documenti/GitHub/HandVerify/datasets/processed-handwritten/rimes_processed/train2011-324/batch_5320.png,/home/lorenzo/Documenti/GitHub/HandVerify/datasets/processed-handwritten/rimes_processed/train2011-521/mosaic_000.png,impostor,0.9448695778846741,0.7360067367553711,0.20886284112930298,false_accept
/home/lorenzo/Documenti/GitHub/HandVerify/datasets/processed-handwritten/rimes_processed/train2011-696/batch_8130.png,/home/lorenzo/Documenti/GitHub/HandVerify/datasets/processed-handwritten/rimes_processed/train2011-892/batch_9405.png,impostor,0.8305647373199463,0.7360067367553711,0.0945580005645752,false_accept
/home/lorenzo/Documenti/GitHub/HandVerify/datasets/processed-handwritten/rimes_processed/eval2011-30/batch_159.png,/home/lorenzo/Documenti/GitHub/HandVerify/datasets/processed-handwritten/rimes_processed/train2011-715/batch_8250.png,impostor,0.9397475719451904,0.7360067367553711,0.20374083518981934,false_accept
/home/lorenzo/Documenti/GitHub/HandVerify/datasets/processed-handwritten/rimes_processed/train2011-141/batch_3431.png,/home/lorenzo/Documenti/GitHub/HandVerify/datasets/processed-handwritten/rimes_processed/train2011-141/mosaic_000.png,genuine,0.6231111884117126,0.7360067367553711,-0.11289554834365845,false_reject
/home/lorenzo/Documenti/GitHub/HandVerify/datasets/processed-handwritten/rimes_processed/train2011-429/batch_6206.png,/home/lorenzo/Documenti/GitHub/HandVerify/datasets/processed-handwritten/rimes_processed/train2011-462/batch_6451.png,impostor,0.9107227325439453,0.7360067367553711,0.17471599578857422,false_accept
/home/lorenzo/Documenti/GitHub/HandVerify/datasets/processed-handwritten/rimes_processed/train2011-1154/batch_1686.png,/home/lorenzo/Documenti/GitHub/HandVerify/datasets/processed-handwritten/rimes_processed/train2011-1154/batch_1683.png,genuine,0.7136430740356445,0.7360067367553711,-0.022363662719726562,false_reject
/home/lorenzo/Documenti/GitHub/HandVerify/datasets/processed-handwritten/rimes_processed/train2011-27/batch_5010.png,/home/lorenzo/Documenti/GitHub/HandVerify/datasets/processed-handwritten/rimes_processed/train2011-680/mosaic_001.png,impostor,0.8632242679595947,0.7360067367553711,0.12721753120422363,false_accept
/home/lorenzo/Documenti/GitHub/HandVerify/datasets/processed-handwritten/rimes_processed/train2011-1201/batch_2021.png,/home/lorenzo/Documenti/GitHub/HandVerify/datasets/processed-handwritten/rimes_processed/train2011-347/batch_5525.png,impostor,0.9532175064086914,0.7360067367553711,0.2172107696533203,false_accept
/home/lorenzo/Documenti/GitHub/HandVerify/datasets/processed-handwritten/rimes_processed/train2011-1475/batch_3867.png,/home/lorenzo/Documenti/GitHub/HandVerify/datasets/processed-handwritten/rimes_processed/train2011-1475/batch_3865.png,genuine,0.6532758474349976,0.7360067367553711,-0.08273088932037354,false_reject
/home/lorenzo/Documenti/GitHub/HandVerify/datasets/processed-handwritten/rimes_processed/train2011-157/batch_4092.png,/home/lorenzo/Documenti/GitHub/HandVerify/datasets/processed-handwritten/rimes_processed/train2011-607/batch_7455.png,impostor,0.7924637794494629,0.7360067367553711,0.0564570426940918,false_accept
/home/lorenzo/Documenti/GitHub/HandVerify/datasets/processed-handwritten/rimes_processed/train2011-1115/batch_1419.png,/home/lorenzo/Documenti/GitHub/HandVerify/datasets/processed-handwritten/rimes_processed/train2011-948/batch_9739.png,impostor,0.7932001352310181,0.7360067367553711,0.05719339847564697,false_accept
/home/lorenzo/Documenti/GitHub/HandVerify/datasets/processed-handwritten/rimes_processed/train2011-693/batch_8092.png,/home/lorenzo/Documenti/GitHub/HandVerify/datasets/processed-handwritten/rimes_processed/train2011-693/mosaic_002.png,genuine,0.6918771266937256,0.7360067367553711,-0.04412961006164551,false_reject
/home/lorenzo/Documenti/GitHub/HandVerify/datasets/processed-handwritten/rimes_processed/train2011-703/batch_8179.png,/home/lorenzo/Documenti/GitHub/HandVerify/datasets/processed-handwritten/rimes_processed/train2011-957/batch_9786.png,impostor,0.9565935134887695,0.7360067367553711,0.22058677673339844,false_accept
/home/lorenzo/Documenti/GitHub/HandVerify/datasets/processed-handwritten/rimes_processed/train2011-350/batch_5555.png,/home/lorenzo/Documenti/GitHub/HandVerify/datasets/processed-handwritten/rimes_processed/train2011-350/batch_5562.png,genuine,0.4144207239151001,0.7360067367553711,-0.321586012840271,false_reject
/home/lorenzo/Documenti/GitHub/HandVerify/datasets/processed-handwritten/rimes_processed/train2011-579/batch_7261.png,/home/lorenzo/Documenti/GitHub/HandVerify/datasets/processed-handwritten/rimes_processed/train2011-595/batch_7364.png,impostor,0.9691920280456543,0.7360067367553711,0.2331852912902832,false_accept
/home/lorenzo/Documenti/GitHub/HandVerify/datasets/processed-handwritten/rimes_processed/train2011-1081/batch_1172.png,/home/lorenzo/Documenti/GitHub/HandVerify/datasets/processed-handwritten/rimes_processed/train2011-737/batch_8392.png,impostor,0.8496439456939697,0.7360067367553711,0.11363720893859863,false_accept
/home/lorenzo/Documenti/GitHub/HandVerify/datasets/processed-handwritten/rimes_processed/train2011-181/batch_4264.png,/home/lorenzo/Documenti/GitHub/HandVerify/datasets/processed-handwritten/rimes_processed/train2011-573/mosaic_000.png,impostor,0.7429007291793823,0.7360067367553711,0.0068939924240112305,false_accept
/home/lorenzo/Documenti/GitHub/HandVerify/datasets/processed-handwritten/rimes_processed/train2011-179/batch_4238.png,/home/lorenzo/Documenti/GitHub/HandVerify/datasets/processed-handwritten/rimes_processed/train2011-730/batch_8356.png,impostor,0.9314061999320984,0.7360067367553711,0.1953994631767273,false_accept
/home/lorenzo/Documenti/GitHub/HandVerify/datasets/processed-handwritten/rimes_processed/train2011-1004/batch_686.png,/home/lorenzo/Documenti/GitHub/HandVerify/datasets/processed-handwritten/rimes_processed/train2011-232/batch_4631.png,impostor,0.9422354102134705,0.7360067367553711,0.20622867345809937,false_accept
/home/lorenzo/Documenti/GitHub/HandVerify/datasets/processed-handwritten/rimes_processed/train2011-784/batch_8752.png,/home/lorenzo/Documenti/GitHub/HandVerify/datasets/processed-handwritten/rimes_processed/train2011-784/mosaic_000.png,genuine,0.7359481453895569,0.7360067367553711,-5.8591365814208984e-05,false_reject
/home/lorenzo/Documenti/GitHub/HandVerify/datasets/processed-handwritten/rimes_processed/train2011-243/batch_4746.png,/home/lorenzo/Documenti/GitHub/HandVerify/datasets/processed-handwritten/rimes_processed/train2011-320/mosaic_000.png,impostor,0.9121083617210388,0.7360067367553711,0.17610162496566772,false_accept
/home/lorenzo/Documenti/GitHub/HandVerify/datasets/processed-handwritten/rimes_processed/train2011-215/batch_4497.png,/home/lorenzo/Documenti/GitHub/HandVerify/datasets/processed-handwritten/rimes_processed/train2011-704/batch_8182.png,impostor,0.7756005525588989,0.7360067367553711,0.03959381580352783,false_accept
/home/lorenzo/Documenti/GitHub/HandVerify/datasets/processed-handwritten/rimes_processed/train2011-217/batch_4519.png,/home/lorenzo/Documenti/GitHub/HandVerify/datasets/processed-handwritten/rimes_processed/train2011-217/batch_4510.png,genuine,0.6074826121330261,0.7360067367553711,-0.12852412462234497,false_reject
/home/lorenzo/Documenti/GitHub/HandVerify/datasets/processed-handwritten/rimes_processed/train2011-352/batch_5578.png,/home/lorenzo/Documenti/GitHub/HandVerify/datasets/processed-handwritten/rimes_processed/train2011-583/batch_7285.png,impostor,0.7647880911827087,0.7360067367553711,0.028781354427337646,false_accept
/home/lorenzo/Documenti/GitHub/HandVerify/datasets/processed-handwritten/rimes_processed/train2011-1322/batch_2849.png,/home/lorenzo/Documenti/GitHub/HandVerify/datasets/processed-handwritten/rimes_processed/train2011-963/batch_9819.png,impostor,0.8397133946418762,0.7360067367553711,0.10370665788650513,false_accept
/home/lorenzo/Documenti/GitHub/HandVerify/datasets/processed-handwritten/rimes_processed/train2011-180/mosaic_001.png,/home/lorenzo/Documenti/GitHub/HandVerify/datasets/processed-handwritten/rimes_processed/train2011-530/batch_6950.png,impostor,0.8930189609527588,0.7360067367553711,0.1570122241973877,false_accept
/home/lorenzo/Documenti/GitHub/HandVerify/datasets/processed-handwritten/rimes_processed/train2011-463/mosaic_000.png,/home/lorenzo/Documenti/GitHub/HandVerify/datasets/processed-handwritten/rimes_processed/train2011-480/mosaic_001.png,impostor,0.8347720503807068,0.7360067367553711,0.0987653136253357,false_accept
/home/lorenzo/Documenti/GitHub/HandVerify/datasets/processed-handwritten/rimes_processed/train2011-178/mosaic_000.png,/home/lorenzo/Documenti/GitHub/HandVerify/datasets/processed-handwritten/rimes_processed/train2011-946/batch_9731.png,impostor,0.7639018297195435,0.7360067367553711,0.027895092964172363,false_accept
/home/lorenzo/Documenti/GitHub/HandVerify/datasets/processed-handwritten/rimes_processed/train2011-686/batch_8040.png,/home/lorenzo/Documenti/GitHub/HandVerify/datasets/processed-handwritten/rimes_processed/train2011-964/batch_9830.png,impostor,0.8445698022842407,0.7360067367553711,0.10856306552886963,false_accept
/home/lorenzo/Documenti/GitHub/HandVerify/datasets/processed-handwritten/rimes_processed/train2011-1403/batch_3317.png,/home/lorenzo/Documenti/GitHub/HandVerify/datasets/processed-handwritten/rimes_processed/train2011-683/batch_8022.png,impostor,0.8709272742271423,0.7360067367553711,0.13492053747177124,false_accept
/home/lorenzo/Documenti/GitHub/HandVerify/datasets/processed-handwritten/rimes_processed/train2011-630/batch_7624.png,/home/lorenzo/Documenti/GitHub/HandVerify/datasets/processed-handwritten/rimes_processed/train2011-630/batch_7632.png,genuine,0.5116568803787231,0.7360067367553711,-0.22434985637664795,false_reject
/home/lorenzo/Documenti/GitHub/HandVerify/datasets/processed-handwritten/rimes_processed/train2011-133/mosaic_000.png,/home/lorenzo/Documenti/GitHub/HandVerify/datasets/processed-handwritten/rimes_processed/train2011-238/batch_4677.png,impostor,0.834545373916626,0.7360067367553711,0.09853863716125488,false_accept
/home/lorenzo/Documenti/GitHub/HandVerify/datasets/processed-handwritten/rimes_processed/train2011-1136/mosaic_001.png,/home/lorenzo/Documenti/GitHub/HandVerify/datasets/processed-handwritten/rimes_processed/train2011-942/batch_9707.png,impostor,0.8042140007019043,0.7360067367553711,0.0682072639465332,false_accept
/home/lorenzo/Documenti/GitHub/HandVerify/datasets/processed-handwritten/rimes_processed/train2011-1132/mosaic_000.png,/home/lorenzo/Documenti/GitHub/HandVerify/datasets/processed-handwritten/rimes_processed/train2011-1177/batch_1840.png,impostor,0.7919710874557495,0.7360067367553711,0.05596435070037842,false_accept
/home/lorenzo/Documenti/GitHub/HandVerify/datasets/processed-handwritten/rimes_processed/train2011-1192/mosaic_003.png,/home/lorenzo/Documenti/GitHub/HandVerify/datasets/processed-handwritten/rimes_processed/train2011-903/mosaic_001.png,impostor,0.9731117486953735,0.7360067367553711,0.23710501194000244,false_accept
/home/lorenzo/Documenti/GitHub/HandVerify/datasets/processed-handwritten/rimes_processed/train2011-1047/batch_959.png,/home/lorenzo/Documenti/GitHub/HandVerify/datasets/processed-handwritten/rimes_processed/train2011-1386/batch_3210.png,impostor,0.8776722550392151,0.7360067367553711,0.141665518283844,false_accept
/home/lorenzo/Documenti/GitHub/HandVerify/datasets/processed-handwritten/rimes_processed/train2011-1430/batch_3501.png,/home/lorenzo/Documenti/GitHub/HandVerify/datasets/processed-handwritten/rimes_processed/train2011-553/batch_7100.png,impostor,0.9712478518486023,0.7360067367553711,0.2352411150932312,false_accept
/home/lorenzo/Documenti/GitHub/HandVerify/datasets/processed-handwritten/rimes_processed/train2011-1378/batch_3144.png,/home/lorenzo/Documenti/GitHub/HandVerify/datasets/processed-handwritten/rimes_processed/train2011-409/batch_6052.png,impostor,0.7403995394706726,0.7360067367553711,0.004392802715301514,false_accept
/home/lorenzo/Documenti/GitHub/HandVerify/datasets/processed-handwritten/rimes_processed/train2011-143/batch_3570.png,/home/lorenzo/Documenti/GitHub/HandVerify/datasets/processed-handwritten/rimes_processed/train2011-663/batch_7873.png,impostor,0.9770202040672302,0.7360067367553711,0.24101346731185913,false_accept
/home/lorenzo/Documenti/GitHub/HandVerify/datasets/processed-handwritten/rimes_processed/train2011-1157/mosaic_002.png,/home/lorenzo/Documenti/GitHub/HandVerify/datasets/processed-handwritten/rimes_processed/train2011-1461/mosaic_002.png,impostor,0.839717447757721,0.7360067367553711,0.10371071100234985,false_accept
/home/lorenzo/Documenti/GitHub/HandVerify/datasets/processed-handwritten/rimes_processed/eval2011-49/mosaic_001.png,/home/lorenzo/Documenti/GitHub/HandVerify/datasets/processed-handwritten/rimes_processed/train2011-1084/mosaic_000.png,impostor,0.8937443494796753,0.7360067367553711,0.1577376127243042,false_accept
/home/lorenzo/Documenti/GitHub/HandVerify/datasets/processed-handwritten/rimes_processed/train2011-15/batch_4106.png,/home/lorenzo/Documenti/GitHub/HandVerify/datasets/processed-handwritten/rimes_processed/train2011-66/batch_7914.png,impostor,0.9395871162414551,0.7360067367553711,0.20358037948608398,false_accept
/home/lorenzo/Documenti/GitHub/HandVerify/datasets/processed-handwritten/rimes_processed/train2011-1013/batch_732.png,/home/lorenzo/Documenti/GitHub/HandVerify/datasets/processed-handwritten/rimes_processed/train2011-1145/batch_1614.png,impostor,0.7522506713867188,0.7360067367553711,0.016243934631347656,false_accept
/home/lorenzo/Documenti/GitHub/HandVerify/datasets/processed-handwritten/rimes_processed/train2011-309/batch_5204.png,/home/lorenzo/Documenti/GitHub/HandVerify/datasets/processed-handwritten/rimes_processed/train2011-696/batch_8134.png,impostor,0.7664619088172913,0.7360067367553711,0.030455172061920166,false_accept
/home/lorenzo/Documenti/GitHub/HandVerify/datasets/processed-handwritten/rimes_processed/train2011-1117/batch_1427.png,/home/lorenzo/Documenti/GitHub/HandVerify/datasets/processed-handwritten/rimes_processed/train2011-1117/batch_1432.png,genuine,0.620797336101532,0.7360067367553711,-0.11520940065383911,false_reject
/home/lorenzo/Documenti/GitHub/HandVerify/datasets/processed-handwritten/rimes_processed/train2011-293/batch_5078.png,/home/lorenzo/Documenti/GitHub/HandVerify/datasets/processed-handwritten/rimes_processed/train2011-811/mosaic_000.png,impostor,0.826361358165741,0.7360067367553711,0.09035462141036987,false_accept
/home/lorenzo/Documenti/GitHub/HandVerify/datasets/processed-handwritten/rimes_processed/train2011-1395/batch_3259.png,/home/lorenzo/Documenti/GitHub/HandVerify/datasets/processed-handwritten/rimes_processed/train2011-324/batch_5321.png,impostor,0.9470003843307495,0.7360067367553711,0.21099364757537842,false_accept
/home/lorenzo/Documenti/GitHub/HandVerify/datasets/processed-handwritten/rimes_processed/train2011-1277/batch_2523.png,/home/lorenzo/Documenti/GitHub/HandVerify/datasets/processed-handwritten/rimes_processed/train2011-24/batch_4783.png,impostor,0.9035729765892029,0.7360067367553711,0.1675662398338318,false_accept
/home/lorenzo/Documenti/GitHub/HandVerify/datasets/processed-handwritten/rimes_processed/train2011-227/batch_4585.png,/home/lorenzo/Documenti/GitHub/HandVerify/datasets/processed-handwritten/rimes_processed/train2011-405/batch_6027.png,impostor,0.8519492745399475,0.7360067367553711,0.11594253778457642,false_accept
/home/lorenzo/Documenti/GitHub/HandVerify/datasets/processed-handwritten/rimes_processed/train2011-195/batch_4342.png,/home/lorenzo/Documenti/GitHub/HandVerify/datasets/processed-handwritten/rimes_processed/train2011-367/batch_5709.png,impostor,0.9332260489463806,0.7360067367553711,0.19721931219100952,false_accept
/home/lorenzo/Documenti/GitHub/HandVerify/datasets/processed-handwritten/rimes_processed/train2011-1065/batch_1075.png,/home/lorenzo/Documenti/GitHub/HandVerify/datasets/processed-handwritten/rimes_processed/train2011-1489/batch_3959.png,impostor,0.9594951868057251,0.7360067367553711,0.223488450050354,false_accept
/home/lorenzo/Documenti/GitHub/HandVerify/datasets/processed-handwritten/rimes_processed/train2011-1062/batch_1048.png,/home/lorenzo/Documenti/GitHub/HandVerify/datasets/processed-handwritten/rimes_processed/train2011-399/batch_5950.png,impostor,0.8830372095108032,0.7360067367553711,0.14703047275543213,false_accept
/home/lorenzo/Documenti/GitHub/HandVerify/datasets/processed-handwritten/rimes_processed/train2011-242/batch_4738.png,/home/lorenzo/Documenti/GitHub/HandVerify/datasets/processed-handwritten/rimes_processed/train2011-80/batch_8921.png,impostor,0.9495948553085327,0.7360067367553711,0.21358811855316162,false_accept
/home/lorenzo/Documenti/GitHub/HandVerify/datasets/processed-handwritten/rimes_processed/train2011-588/mosaic_002.png,/home/lorenzo/Documenti/GitHub/HandVerify/datasets/processed-handwritten/rimes_processed/train2011-712/batch_8235.png,impostor,0.7772880792617798,0.7360067367553711,0.04128134250640869,false_accept
/home/lorenzo/Documenti/GitHub/HandVerify/datasets/processed-handwritten/rimes_processed/train2011-955/mosaic_000.png,/home/lorenzo/Documenti/GitHub/HandVerify/datasets/processed-handwritten/rimes_processed/train2011-955/batch_9769.png,genuine,0.6655887961387634,0.7360067367553711,-0.07041794061660767,false_reject
/home/lorenzo/Documenti/GitHub/HandVerify/datasets/processed-handwritten/rimes_processed/train2011-1116/batch_1424.png,/home/lorenzo/Documenti/GitHub/HandVerify/datasets/processed-handwritten/rimes_processed/train2011-1423/batch_3451.png,impostor,0.8539857864379883,0.7360067367553711,0.11797904968261719,false_accept
/home/lorenzo/Documenti/GitHub/HandVerify/datasets/processed-handwritten/rimes_processed/train2011-492/batch_6681.png,/home/lorenzo/Documenti/GitHub/HandVerify/datasets/processed-handwritten/rimes_processed/train2011-713/batch_8239.png,impostor,0.8991712927818298,0.7360067367553711,0.16316455602645874,false_accept
/home/lorenzo/Documenti/GitHub/HandVerify/datasets/processed-handwritten/rimes_processed/train2011-1111/batch_1404.png,/home/lorenzo/Documenti/GitHub/HandVerify/datasets/processed-handwritten/rimes_processed/train2011-1466/batch_3784.png,impostor,0.8502364158630371,0.7360067367553711,0.11422967910766602,false_accept
/home/lorenzo/Documenti/GitHub/HandVerify/datasets/processed-handwritten/rimes_processed/train2011-468/batch_6498.png,/home/lorenzo/Documenti/GitHub/HandVerify/datasets/processed-handwritten/rimes_processed/train2011-67/mosaic_001.png,impostor,0.7880603075027466,0.7360067367553711,0.05205357074737549,false_accept
/home/lorenzo/Documenti/GitHub/HandVerify/datasets/processed-handwritten/rimes_processed/train2011-1499/batch_4038.png,/home/lorenzo/Documenti/GitHub/HandVerify/datasets/processed-handwritten/rimes_processed/train2011-68/batch_8066.png,impostor,0.8596607446670532,0.7360067367553711,0.12365400791168213,false_accept
/home/lorenzo/Documenti/GitHub/HandVerify/datasets/processed-handwritten/rimes_processed/train2011-1294/batch_2628.png,/home/lorenzo/Documenti/GitHub/HandVerify/datasets/processed-handwritten/rimes_processed/train2011-86/batch_9268.png,impostor,0.8995031714439392,0.7360067367553711,0.16349643468856812,false_accept
/home/lorenzo/Documenti/GitHub/HandVerify/datasets/processed-handwritten/rimes_processed/train2011-293/batch_5078.png,/home/lorenzo/Documenti/GitHub/HandVerify/datasets/processed-handwritten/rimes_processed/train2011-899/batch_9454.png,impostor,0.8636077642440796,0.7360067367553711,0.1276010274887085,false_accept
/home/lorenzo/Documenti/GitHub/HandVerify/datasets/processed-handwritten/rimes_processed/train2011-1069/mosaic_002.png,/home/lorenzo/Documenti/GitHub/HandVerify/datasets/processed-handwritten/rimes_processed/train2011-1348/batch_2983.png,impostor,0.782196581363678,0.7360067367553711,0.046189844608306885,false_accept
/home/lorenzo/Documenti/GitHub/HandVerify/datasets/processed-handwritten/rimes_processed/train2011-383/mosaic_000.png,/home/lorenzo/Documenti/GitHub/HandVerify/datasets/processed-handwritten/rimes_processed/train2011-856/batch_9187.png,impostor,0.8074140548706055,0.7360067367553711,0.07140731811523438,false_accept
/home/lorenzo/Documenti/GitHub/HandVerify/datasets/processed-handwritten/rimes_processed/train2011-1098/batch_1297.png,/home/lorenzo/Documenti/GitHub/HandVerify/datasets/processed-handwritten/rimes_processed/train2011-1215/batch_2105.png,impostor,0.9090879559516907,0.7360067367553711,0.17308121919631958,false_accept
/home/lorenzo/Documenti/GitHub/HandVerify/datasets/processed-handwritten/rimes_processed/train2011-1480/batch_3903.png,/home/lorenzo/Documenti/GitHub/HandVerify/datasets/processed-handwritten/rimes_processed/train2011-964/batch_9829.png,impostor,0.9378806352615356,0.7360067367553711,0.20187389850616455,false_accept
/home/lorenzo/Documenti/GitHub/HandVerify/datasets/processed-handwritten/rimes_processed/train2011-1100/batch_1329.png,/home/lorenzo/Documenti/GitHub/HandVerify/datasets/processed-handwritten/rimes_processed/train2011-623/batch_7565.png,impostor,0.9374613165855408,0.7360067367553711,0.20145457983016968,false_accept
/home/lorenzo/Documenti/GitHub/HandVerify/datasets/processed-handwritten/rimes_processed/train2011-165/batch_4143.png,/home/lorenzo/Documenti/GitHub/HandVerify/datasets/processed-handwritten/rimes_processed/train2011-606/batch_7448.png,impostor,0.7975602149963379,0.7360067367553711,0.0615534782409668,false_accept
/home/lorenzo/Documenti/GitHub/HandVerify/datasets/processed-handwritten/rimes_processed/train2011-410/mosaic_001.png,/home/lorenzo/Documenti/GitHub/HandVerify/datasets/processed-handwritten/rimes_processed/train2011-991/batch_10007.png,impostor,0.8927264213562012,0.7360067367553711,0.15671968460083008,false_accept
/home/lorenzo/Documenti/GitHub/HandVerify/datasets/processed-handwritten/rimes_processed/eval2011-2/batch_153.png,/home/lorenzo/Documenti/GitHub/HandVerify/datasets/processed-handwritten/rimes_processed/train2011-611/batch_7489.png,impostor,0.8902731537818909,0.7360067367553711,0.15426641702651978,false_accept
/home/lorenzo/Documenti/GitHub/HandVerify/datasets/processed-handwritten/rimes_processed/train2011-216/mosaic_000.png,/home/lorenzo/Documenti/GitHub/HandVerify/datasets/processed-handwritten/rimes_processed/train2011-750/mosaic_000.png,impostor,0.8498081564903259,0.7360067367553711,0.11380141973495483,false_accept
/home/lorenzo/Documenti/GitHub/HandVerify/datasets/processed-handwritten/rimes_processed/train2011-535/batch_6975.png,/home/lorenzo/Documenti/GitHub/HandVerify/datasets/processed-handwritten/rimes_processed/train2011-654/mosaic_000.png,impostor,0.8700793981552124,0.7360067367553711,0.1340726613998413,false_accept
/home/lorenzo/Documenti/GitHub/HandVerify/datasets/processed-handwritten/rimes_processed/train2011-1348/batch_2984.png,/home/lorenzo/Documenti/GitHub/HandVerify/datasets/processed-handwritten/rimes_processed/train2011-580/batch_7272.png,impostor,0.7715490460395813,0.7360067367553711,0.035542309284210205,false_accept
/home/lorenzo/Documenti/GitHub/HandVerify/datasets/processed-handwritten/rimes_processed/train2011-313/batch_5234.png,/home/lorenzo/Documenti/GitHub/HandVerify/datasets/processed-handwritten/rimes_processed/train2011-475/batch_6543.png,impostor,0.9135778546333313,0.7360067367553711,0.1775711178779602,false_accept
/home/lorenzo/Documenti/GitHub/HandVerify/datasets/processed-handwritten/rimes_processed/train2011-218/batch_4523.png,/home/lorenzo/Documenti/GitHub/HandVerify/datasets/processed-handwritten/rimes_processed/train2011-977/batch_9907.png,impostor,0.9909918904304504,0.7360067367553711,0.25498515367507935,false_accept
/home/lorenzo/Documenti/GitHub/HandVerify/datasets/processed-handwritten/rimes_processed/train2011-1431/batch_3520.png,/home/lorenzo/Documenti/GitHub/HandVerify/datasets/processed-handwritten/rimes_processed/train2011-35/batch_5648.png,impostor,0.8963598012924194,0.7360067367553711,0.16035306453704834,false_accept
/home/lorenzo/Documenti/GitHub/HandVerify/datasets/processed-handwritten/rimes_processed/train2011-1310/batch_2763.png,/home/lorenzo/Documenti/GitHub/HandVerify/datasets/processed-handwritten/rimes_processed/train2011-239/mosaic_003.png,impostor,0.872889518737793,0.7360067367553711,0.13688278198242188,false_accept
/home/lorenzo/Documenti/GitHub/HandVerify/datasets/processed-handwritten/rimes_processed/train2011-1231/batch_2219.png,/home/lorenzo/Documenti/GitHub/HandVerify/datasets/processed-handwritten/rimes_processed/train2011-1294/batch_2633.png,impostor,0.921642541885376,0.7360067367553711,0.18563580513000488,false_accept
/home/lorenzo/Documenti/GitHub/HandVerify/datasets/processed-handwritten/rimes_processed/train2011-1169/batch_1793.png,/home/lorenzo/Documenti/GitHub/HandVerify/datasets/processed-handwritten/rimes_processed/train2011-809/batch_8916.png,impostor,0.8112532496452332,0.7360067367553711,0.07524651288986206,false_accept
/home/lorenzo/Documenti/GitHub/HandVerify/datasets/processed-handwritten/rimes_processed/train2011-180/batch_4259.png,/home/lorenzo/Documenti/GitHub/HandVerify/datasets/processed-handwritten/rimes_processed/train2011-327/batch_5344.png,impostor,0.9535332322120667,0.7360067367553711,0.21752649545669556,false_accept
/home/lorenzo/Documenti/GitHub/HandVerify/datasets/processed-handwritten/rimes_processed/train2011-110/batch_1381.png,/home/lorenzo/Documenti/GitHub/HandVerify/datasets/processed-handwritten/rimes_processed/train2011-1340/batch_2947.png,impostor,0.980271577835083,0.7360067367553711,0.24426484107971191,false_accept
/home/lorenzo/Documenti/GitHub/HandVerify/datasets/processed-handwritten/rimes_processed/train2011-1472/batch_3838.png,/home/lorenzo/Documenti/GitHub/HandVerify/datasets/processed-handwritten/rimes_processed/train2011-197/batch_4363.png,impostor,0.9481473565101624,0.7360067367553711,0.21214061975479126,false_accept
/home/lorenzo/Documenti/GitHub/HandVerify/datasets/processed-handwritten/rimes_processed/train2011-234/batch_4646.png,/home/lorenzo/Documenti/GitHub/HandVerify/datasets/processed-handwritten/rimes_processed/train2011-431/batch_6231.png,impostor,0.8126212358474731,0.7360067367553711,0.07661449909210205,false_accept
/home/lorenzo/Documenti/GitHub/HandVerify/datasets/processed-handwritten/rimes_processed/eval2011-50/batch_311.png,/home/lorenzo/Documenti/GitHub/HandVerify/datasets/processed-handwritten/rimes_processed/train2011-614/batch_7514.png,impostor,0.9269458055496216,0.7360067367553711,0.1909390687942505,false_accept
/home/lorenzo/Documenti/GitHub/HandVerify/datasets/processed-handwritten/rimes_processed/train2011-1002/batch_673.png,/home/lorenzo/Documenti/GitHub/HandVerify/datasets/processed-handwritten/rimes_processed/train2011-1300/batch_2675.png,impostor,0.9679848551750183,0.7360067367553711,0.23197811841964722,false_accept
/home/lorenzo/Documenti/GitHub/HandVerify/datasets/processed-handwritten/rimes_processed/train2011-1244/mosaic_001.png,/home/lorenzo/Documenti/GitHub/HandVerify/datasets/processed-handwritten/rimes_processed/train2011-719/batch_8274.png,impostor,0.7463188171386719,0.7360067367553711,0.010312080383300781,false_accept
/home/lorenzo/Documenti/GitHub/HandVerify/datasets/processed-handwritten/rimes_processed/eval2011-42/batch_242.png,/home/lorenzo/Documenti/GitHub/HandVerify/datasets/processed-handwritten/rimes_processed/train2011-40/batch_6066.png,impostor,0.9261478781700134,0.7360067367553711,0.19014114141464233,false_accept
/home/lorenzo/Documenti/GitHub/HandVerify/datasets/processed-handwritten/rimes_processed/eval2011-62/batch_383.png,/home/lorenzo/Documenti/GitHub/HandVerify/datasets/processed-handwritten/rimes_processed/train2011-665/batch_7881.png,impostor,0.90578693151474,0.7360067367553711,0.1697801947593689,false_accept
/home/lorenzo/Documenti/GitHub/HandVerify/datasets/processed-handwritten/rimes_processed/train2011-1294/batch_2625.png,/home/lorenzo/Documenti/GitHub/HandVerify/datasets/processed-handwritten/rimes_processed/train2011-563/batch_7169.png,impostor,0.8529765605926514,0.7360067367553711,0.11696982383728027,false_accept
/home/lorenzo/Documenti/GitHub/HandVerify/datasets/processed-handwritten/rimes_processed/train2011-468/batch_6500.png,/home/lorenzo/Documenti/GitHub/HandVerify/datasets/processed-handwritten/rimes_processed/train2011-468/mosaic_000.png,genuine,0.6373213529586792,0.7360067367553711,-0.0986853837966919,false_reject
/home/lorenzo/Documenti/GitHub/HandVerify/datasets/processed-handwritten/rimes_processed/train2011-1041/batch_920.png,/home/lorenzo/Documenti/GitHub/HandVerify/datasets/processed-handwritten/rimes_processed/train2011-849/batch_9139.png,impostor,0.7877260446548462,0.7360067367553711,0.0517193078994751,false_accept
/home/lorenzo/Documenti/GitHub/HandVerify/datasets/processed-handwritten/rimes_processed/train2011-147/mosaic_001.png,/home/lorenzo/Documenti/GitHub/HandVerify/datasets/processed-handwritten/rimes_processed/train2011-798/mosaic_001.png,impostor,0.9185663461685181,0.7360067367553711,0.18255960941314697,false_accept
/home/lorenzo/Documenti/GitHub/HandVerify/datasets/processed-handwritten/rimes_processed/train2011-1108/batch_1365.png,/home/lorenzo/Documenti/GitHub/HandVerify/datasets/processed-handwritten/rimes_processed/train2011-1388/batch_3220.png,impostor,0.8926377892494202,0.7360067367553711,0.15663105249404907,false_accept
/home/lorenzo/Documenti/GitHub/HandVerify/datasets/processed-handwritten/rimes_processed/train2011-1405/batch_3326.png,/home/lorenzo/Documenti/GitHub/HandVerify/datasets/processed-handwritten/rimes_processed/train2011-530/batch_6941.png,impostor,0.9717568755149841,0.7360067367553711,0.23575013875961304,false_accept
/home/lorenzo/Documenti/GitHub/HandVerify/datasets/processed-handwritten/rimes_processed/eval2011-50/mosaic_002.png,/home/lorenzo/Documenti/GitHub/HandVerify/datasets/processed-handwritten/rimes_processed/eval2011-50/batch_308.png,genuine,0.43109145760536194,0.7360067367553711,-0.30491527915000916,false_reject
/home/lorenzo/Documenti/GitHub/HandVerify/datasets/processed-handwritten/rimes_processed/train2011-195/batch_4342.png,/home/lorenzo/Documenti/GitHub/HandVerify/datasets/processed-handwritten/rimes_processed/train2011-768/batch_8625.png,impostor,0.9280761480331421,0.7360067367553711,0.192069411277771,false_accept
