img1_path,img2_path,label,score,threshold,margin_from_threshold,error_type
/home/lorenzo/Documenti/GitHub/HandVerify/datasets/processed-handwritten/iam_processed/350/g07-007b.png,/home/lorenzo/Documenti/GitHub/HandVerify/datasets/processed-handwritten/iam_processed/368/h02-024.png,impostor,0.7236389517784119,0.6469272971153259,0.07671165466308594,false_accept
/home/lorenzo/Documenti/GitHub/HandVerify/datasets/processed-handwritten/iam_processed/337/g06-050f.png,/home/lorenzo/Documenti/GitHub/HandVerify/datasets/processed-handwritten/iam_processed/337/g06-011f.png,genuine,0.7420637607574463,0.6469272971153259,0.09513646364212036,
/home/lorenzo/Documenti/GitHub/HandVerify/datasets/processed-handwritten/iam_processed/179/d01-080.png,/home/lorenzo/Documenti/GitHub/HandVerify/datasets/processed-handwritten/iam_processed/210/e01-018.png,impostor,0.022392326965928078,0.6469272971153259,-0.6245349701493979,
/home/lorenzo/Documenti/GitHub/HandVerify/datasets/processed-handwritten/iam_processed/552/m06-091.png,/home/lorenzo/Documenti/GitHub/HandVerify/datasets/processed-handwritten/iam_processed/552/m06-106.png,genuine,0.9724964499473572,0.6469272971153259,0.32556915283203125,
/home/lorenzo/Documenti/GitHub/HandVerify/datasets/processed-handwritten/iam_processed/332/g06-042a.png,/home/lorenzo/Documenti/GitHub/HandVerify/datasets/processed-handwritten/iam_processed/356/h01-007.png,impostor,0.32203078269958496,0.6469272971153259,-0.32489651441574097,
/home/lorenzo/Documenti/GitHub/HandVerify/datasets/processed-handwritten/iam_processed/332/g06-047a.png,/home/lorenzo/Documenti/GitHub/HandVerify/datasets/processed-handwritten/iam_processed/332/g06-026a.png,genuine,0.99314284324646,0.6469272971153259,0.34621554613113403,
/home/lorenzo/Documenti/GitHub/HandVerify/datasets/processed-handwritten/iam_processed/133/c06-080.png,/home/lorenzo/Documenti/GitHub/HandVerify/datasets/processed-handwritten/iam_processed/133/c06-116.png,genuine,0.955863356590271,0.6469272971153259,0.30893605947494507,
/home/lorenzo/Documenti/GitHub/HandVerify/datasets/processed-handwritten/iam_processed/332/g06-047a.png,/home/lorenzo/Documenti/GitHub/HandVerify/datasets/processed-handwritten/iam_processed/332/g06-011a.png,genuine,0.9653354287147522,0.6469272971153259,0.31840813159942627,
/home/lorenzo/Documenti/GitHub/HandVerify/datasets/processed-handwritten/iam_processed/332/g06-031a.png,/home/lorenzo/Documenti/GitHub/HandVerify/datasets/processed-handwritten/iam_processed/332/g06-042a.png,genuine,0.873539924621582,0.6469272971153259,0.2266126275062561,
/home/lorenzo/Documenti/GitHub/HandVerify/datasets/processed-handwritten/iam_processed/552/m06-098.png,/home/lorenzo/Documenti/GitHub/HandVerify/datasets/processed-handwritten/iam_processed/552/m06-076.png,genuine,0.9874354004859924,0.6469272971153259,0.3405081033706665,
/home/lorenzo/Documenti/GitHub/HandVerify/datasets/processed-handwritten/iam_processed/210/e01-014.png,/home/lorenzo/Documenti/GitHub/HandVerify/datasets/processed-handwritten/iam_processed/341/g06-050j.png,impostor,-0.2661438286304474,0.6469272971153259,-0.9130711257457733,
/home/lorenzo/Documenti/GitHub/HandVerify/datasets/processed-handwritten/iam_processed/384/h06-096.png,/home/lorenzo/Documenti/GitHub/HandVerify/datasets/processed-handwritten/iam_processed/431/k03-117.png,impostor,-0.19496247172355652,0.6469272971153259,-0.8418897688388824,
/home/lorenzo/Documenti/GitHub/HandVerify/datasets/processed-handwritten/iam_processed/150/c03-081a.png,/home/lorenzo/Documenti/GitHub/HandVerify/datasets/processed-handwritten/iam_processed/344/g06-037m.png,impostor,-0.3796951472759247,0.6469272971153259,-1.0266224443912506,
/home/lorenzo/Documenti/GitHub/HandVerify/datasets/processed-handwritten/iam_processed/150/c03-094a.png,/home/lorenzo/Documenti/GitHub/HandVerify/datasets/processed-handwritten/iam_processed/150/c03-096a.png,genuine,0.9872161746025085,0.6469272971153259,0.3402888774871826,
/home/lorenzo/Documenti/GitHub/HandVerify/datasets/processed-handwritten/iam_processed/332/g06-018a.png,/home/lorenzo/Documenti/GitHub/HandVerify/datasets/processed-handwritten/iam_processed/332/g06-045a.png,genuine,0.8755490183830261,0.6469272971153259,0.2286217212677002,
/home/lorenzo/Documenti/GitHub/HandVerify/datasets/processed-handwritten/iam_processed/384/h06-085.png,/home/lorenzo/Documenti/GitHub/HandVerify/datasets/processed-handwritten/iam_processed/384/j06-008.png,genuine,0.7839391231536865,0.6469272971153259,0.1370118260383606,
/home/lorenzo/Documenti/GitHub/HandVerify/datasets/processed-handwritten/iam_processed/454/k07-077.png,/home/lorenzo/Documenti/GitHub/HandVerify/datasets/processed-handwritten/iam_processed/636/r02-000.png,impostor,0.39568305015563965,0.6469272971153259,-0.2512442469596863,
/home/lorenzo/Documenti/GitHub/HandVerify/datasets/processed-handwritten/iam_processed/150/c03-094a.png,/home/lorenzo/Documenti/GitHub/HandVerify/datasets/processed-handwritten/iam_processed/555/n01-045.png,impostor,-0.20837853848934174,0.6469272971153259,-0.8553058356046677,
/home/lorenzo/Documenti/GitHub/HandVerify/datasets/processed-handwritten/iam_processed/332/g06-050a.png,/home/lorenzo/Documenti/GitHub/HandVerify/datasets/processed-handwritten/iam_processed/332/g06-047a.png,genuine,0.9628586769104004,0.6469272971153259,0.31593137979507446,
/home/lorenzo/Documenti/GitHub/HandVerify/datasets/processed-handwritten/iam_processed/337/g06-042f.png,/home/lorenzo/Documenti/GitHub/HandVerify/datasets/processed-handwritten/iam_processed/337/g06-045f.png,genuine,0.9669923186302185,0.6469272971153259,0.3200650215148926,
/home/lorenzo/Documenti/GitHub/HandVerify/datasets/processed-handwritten/iam_processed/110/b04-089.png,/home/lorenzo/Documenti/GitHub/HandVerify/datasets/processed-handwritten/iam_processed/550/n04-009.png,impostor,0.1726154237985611,0.6469272971153259,-0.47431187331676483,
/home/lorenzo/Documenti/GitHub/HandVerify/datasets/processed-handwritten/iam_processed/061/a04-059.png,/home/lorenzo/Documenti/GitHub/HandVerify/datasets/processed-handwritten/iam_processed/061/a04-054.png,genuine,0.8654820919036865,0.6469272971153259,0.2185547947883606,
/home/lorenzo/Documenti/GitHub/HandVerify/datasets/processed-handwritten/iam_processed/344/g06-047m.png,/home/lorenzo/Documenti/GitHub/HandVerify/datasets/processed-handwritten/iam_processed/344/g06-042m.png,genuine,0.9139029383659363,0.6469272971153259,0.26697564125061035,
/home/lorenzo/Documenti/GitHub/HandVerify/datasets/processed-handwritten/iam_processed/079/a06-090.png,/home/lorenzo/Documenti/GitHub/HandVerify/datasets/processed-handwritten/iam_processed/552/m06-083.png,impostor,0.23298415541648865,0.6469272971153259,-0.4139431416988373,
/home/lorenzo/Documenti/GitHub/HandVerify/datasets/processed-handwritten/iam_processed/222/e02-025.png,/home/lorenzo/Documenti/GitHub/HandVerify/datasets/processed-handwritten/iam_processed/339/g06-050h.png,impostor,-0.2663766145706177,0.6469272971153259,-0.9133039116859436,
/home/lorenzo/Documenti/GitHub/HandVerify/datasets/processed-handwritten/iam_processed/550/n04-009.png,/home/lorenzo/Documenti/GitHub/HandVerify/datasets/processed-handwritten/iam_processed/550/m04-231.png,genuine,0.5886390209197998,0.6469272971153259,-0.05828827619552612,false_reject
/home/lorenzo/Documenti/GitHub/HandVerify/datasets/processed-handwritten/iam_processed/077/a06-070.png,/home/lorenzo/Documenti/GitHub/HandVerify/datasets/processed-handwritten/iam_processed/165/c04-080.png,impostor,0.06610502302646637,0.6469272971153259,-0.5808222740888596,
/home/lorenzo/Documenti/GitHub/HandVerify/datasets/processed-handwritten/iam_processed/431/k03-117.png,/home/lorenzo/Documenti/GitHub/HandVerify/datasets/processed-handwritten/iam_processed/444/k04-061.png,impostor,0.17733892798423767,0.6469272971153259,-0.46958836913108826,
/home/lorenzo/Documenti/GitHub/HandVerify/datasets/processed-handwritten/iam_processed/178/d01-056.png,/home/lorenzo/Documenti/GitHub/HandVerify/datasets/processed-handwritten/iam_processed/280/f04-061.png,impostor,0.19283545017242432,0.6469272971153259,-0.4540918469429016,
/home/lorenzo/Documenti/GitHub/HandVerify/datasets/processed-handwritten/iam_processed/341/g06-037j.png,/home/lorenzo/Documenti/GitHub/HandVerify/datasets/processed-handwritten/iam_processed/341/g06-045j.png,genuine,0.9303929805755615,0.6469272971153259,0.2834656834602356,
/home/lorenzo/Documenti/GitHub/HandVerify/datasets/processed-handwritten/iam_processed/041/a03-009.png,/home/lorenzo/Documenti/GitHub/HandVerify/datasets/processed-handwritten/iam_processed/160/c04-023.png,impostor,-0.282875120639801,0.6469272971153259,-0.929802417755127,
/home/lorenzo/Documenti/GitHub/HandVerify/datasets/processed-handwritten/iam_processed/061/a04-047.png,/home/lorenzo/Documenti/GitHub/HandVerify/datasets/processed-handwritten/iam_processed/165/c04-080.png,impostor,-0.2884696125984192,0.6469272971153259,-0.9353969097137451,
/home/lorenzo/Documenti/GitHub/HandVerify/datasets/processed-handwritten/iam_processed/332/g06-031a.png,/home/lorenzo/Documenti/GitHub/HandVerify/datasets/processed-handwritten/iam_processed/332/g06-047a.png,genuine,0.9436359405517578,0.6469272971153259,0.2967086434364319,
/home/lorenzo/Documenti/GitHub/HandVerify/datasets/processed-handwritten/iam_processed/344/g06-037m.png,/home/lorenzo/Documenti/GitHub/HandVerify/datasets/processed-handwritten/iam_processed/344/g06-011m.png,genuine,0.8695249557495117,0.6469272971153259,0.2225976586341858,
/home/lorenzo/Documenti/GitHub/HandVerify/datasets/processed-handwritten/iam_processed/552/m06-031.png,/home/lorenzo/Documenti/GitHub/HandVerify/datasets/processed-handwritten/iam_processed/552/m06-091.png,genuine,0.7835866212844849,0.6469272971153259,0.13665932416915894,
/home/lorenzo/Documenti/GitHub/HandVerify/datasets/processed-handwritten/iam_processed/087/b01-009.png,/home/lorenzo/Documenti/GitHub/HandVerify/datasets/processed-handwritten/iam_processed/585/n04-163.png,impostor,-0.24248972535133362,0.6469272971153259,-0.8894170224666595,
/home/lorenzo/Documenti/GitHub/HandVerify/datasets/processed-handwritten/iam_processed/083/a06-114.png,/home/lorenzo/Documenti/GitHub/HandVerify/datasets/processed-handwritten/iam_processed/332/g06-045a.png,impostor,-0.08305218815803528,0.6469272971153259,-0.7299794852733612,
/home/lorenzo/Documenti/GitHub/HandVerify/datasets/processed-handwritten/iam_processed/339/g06-031h.png,/home/lorenzo/Documenti/GitHub/HandVerify/datasets/processed-handwritten/iam_processed/339/g06-045h.png,genuine,0.978399395942688,0.6469272971153259,0.33147209882736206,
/home/lorenzo/Documenti/GitHub/HandVerify/datasets/processed-handwritten/iam_processed/285/f07-039a.png,/home/lorenzo/Documenti/GitHub/HandVerify/datasets/processed-handwritten/iam_processed/367/h02-022.png,impostor,-0.08179640769958496,0.6469272971153259,-0.7287237048149109,
/home/lorenzo/Documenti/GitHub/HandVerify/datasets/processed-handwritten/iam_processed/339/g06-026h.png,/home/lorenzo/Documenti/GitHub/HandVerify/datasets/processed-handwritten/iam_processed/339/g06-037h.png,genuine,0.8946772217750549,0.6469272971153259,0.247749924659729,
/home/lorenzo/Documenti/GitHub/HandVerify/datasets/processed-handwritten/iam_processed/339/g06-011h.png,/home/lorenzo/Documenti/GitHub/HandVerify/datasets/processed-handwritten/iam_processed/339/g06-047h.png,genuine,0.7086852192878723,0.6469272971153259,0.06175792217254639,
/home/lorenzo/Documenti/GitHub/HandVerify/datasets/processed-handwritten/iam_processed/213/e01-050.png,/home/lorenzo/Documenti/GitHub/HandVerify/datasets/processed-handwritten/iam_processed/213/e01-059.png,genuine,0.879343569278717,0.6469272971153259,0.2324162721633911,
/home/lorenzo/Documenti/GitHub/HandVerify/datasets/processed-handwritten/iam_processed/212/e01-032.png,/home/lorenzo/Documenti/GitHub/HandVerify/datasets/processed-handwritten/iam_processed/212/e01-029.png,genuine,0.9173852205276489,0.6469272971153259,0.270457923412323,
/home/lorenzo/Documenti/GitHub/HandVerify/datasets/processed-handwritten/iam_processed/150/c03-007a.png,/home/lorenzo/Documenti/GitHub/HandVerify/datasets/processed-handwritten/iam_processed/211/e01-022.png,impostor,0.06698610633611679,0.6469272971153259,-0.5799411907792091,
/home/lorenzo/Documenti/GitHub/HandVerify/datasets/processed-handwritten/iam_processed/337/g06-026f.png,/home/lorenzo/Documenti/GitHub/HandVerify/datasets/processed-handwritten/iam_processed/360/h01-027.png,impostor,-0.03916765749454498,0.6469272971153259,-0.6860949546098709,
/home/lorenzo/Documenti/GitHub/HandVerify/datasets/processed-handwritten/iam_processed/350/g07-010b.png,/home/lorenzo/Documenti/GitHub/HandVerify/datasets/processed-handwritten/iam_processed/552/m06-048.png,impostor,-0.10025065392255783,0.6469272971153259,-0.7471779510378838,
/home/lorenzo/Documenti/GitHub/HandVerify/datasets/processed-handwritten/iam_processed/212/e01-035.png,/home/lorenzo/Documenti/GitHub/HandVerify/datasets/processed-handwritten/iam_processed/413/j04-103.png,impostor,-0.2914698123931885,0.6469272971153259,-0.9383971095085144,
/home/lorenzo/Documenti/GitHub/HandVerify/datasets/processed-handwritten/iam_processed/070/a06-025.png,/home/lorenzo/Documenti/GitHub/HandVerify/datasets/processed-handwritten/iam_processed/515/m01-115.png,impostor,-0.09405097365379333,0.6469272971153259,-0.7409782707691193,
/home/lorenzo/Documenti/GitHub/HandVerify/datasets/processed-handwritten/iam_processed/341/g06-026j.png,/home/lorenzo/Documenti/GitHub/HandVerify/datasets/processed-handwritten/iam_processed/341/g06-045j.png,genuine,0.943934440612793,0.6469272971153259,0.29700714349746704,
/home/lorenzo/Documenti/GitHub/HandVerify/datasets/processed-handwritten/iam_processed/133/c06-043.png,/home/lorenzo/Documenti/GitHub/HandVerify/datasets/processed-handwritten/iam_processed/494/l04-174.png,impostor,0.0209336057305336,0.6469272971153259,-0.6259936913847923,
/home/lorenzo/Documenti/GitHub/HandVerify/datasets/processed-handwritten/iam_processed/552/m06-106.png,/home/lorenzo/Documenti/GitHub/HandVerify/datasets/processed-handwritten/iam_processed/552/m06-083.png,genuine,0.9685636758804321,0.6469272971153259,0.3216363787651062,
/home/lorenzo/Documenti/GitHub/HandVerify/datasets/processed-handwritten/iam_processed/337/g06-026f.png,/home/lorenzo/Documenti/GitHub/HandVerify/datasets/processed-handwritten/iam_processed/337/g06-011f.png,genuine,0.9914917945861816,0.6469272971153259,0.3445644974708557,
/home/lorenzo/Documenti/GitHub/HandVerify/datasets/processed-handwritten/iam_processed/332/g06-031a.png,/home/lorenzo/Documenti/GitHub/HandVerify/datasets/processed-handwritten/iam_processed/339/g06-042h.png,impostor,0.34787070751190186,0.6469272971153259,-0.2990565896034241,
/home/lorenzo/Documenti/GitHub/HandVerify/datasets/processed-handwritten/iam_processed/212/e01-035.png,/home/lorenzo/Documenti/GitHub/HandVerify/datasets/processed-handwritten/iam_processed/212/e01-029.png,genuine,0.4716404974460602,0.6469272971153259,-0.17528679966926575,false_reject
/home/lorenzo/Documenti/GitHub/HandVerify/datasets/processed-handwritten/iam_processed/384/j06-005.png,/home/lorenzo/Documenti/GitHub/HandVerify/datasets/processed-handwritten/iam_processed/384/h06-082.png,genuine,0.6609563827514648,0.6469272971153259,0.014029085636138916,
/home/lorenzo/Documenti/GitHub/HandVerify/datasets/processed-handwritten/iam_processed/237/e04-068.png,/home/lorenzo/Documenti/GitHub/HandVerify/datasets/processed-handwritten/iam_processed/537/m03-013.png,impostor,0.03972335532307625,0.6469272971153259,-0.6072039417922497,
/home/lorenzo/Documenti/GitHub/HandVerify/datasets/processed-handwritten/iam_processed/344/g06-042m.png,/home/lorenzo/Documenti/GitHub/HandVerify/datasets/processed-handwritten/iam_processed/587/n04-209.png,impostor,0.03713839128613472,0.6469272971153259,-0.6097889058291912,
/home/lorenzo/Documenti/GitHub/HandVerify/datasets/processed-handwritten/iam_processed/583/n04-075.png,/home/lorenzo/Documenti/GitHub/HandVerify/datasets/processed-handwritten/iam_processed/583/n04-060.png,genuine,0.92416912317276,0.6469272971153259,0.2772418260574341,
/home/lorenzo/Documenti/GitHub/HandVerify/datasets/processed-handwritten/iam_processed/039/a02-120.png,/home/lorenzo/Documenti/GitHub/HandVerify/datasets/processed-handwritten/iam_processed/112/b04-147.png,impostor,-0.30595600605010986,0.6469272971153259,-0.9528833031654358,
/home/lorenzo/Documenti/GitHub/HandVerify/datasets/processed-handwritten/iam_processed/332/g06-031a.png,/home/lorenzo/Documenti/GitHub/HandVerify/datasets/processed-handwritten/iam_processed/456/k07-185.png,impostor,-0.06975552439689636,0.6469272971153259,-0.7166828215122223,
/home/lorenzo/Documenti/GitHub/HandVerify/datasets/processed-handwritten/iam_processed/083/a06-114.png,/home/lorenzo/Documenti/GitHub/HandVerify/datasets/processed-handwritten/iam_processed/339/g06-045h.png,impostor,0.29964786767959595,0.6469272971153259,-0.34727942943573,
/home/lorenzo/Documenti/GitHub/HandVerify/datasets/processed-handwritten/iam_processed/280/f04-064.png,/home/lorenzo/Documenti/GitHub/HandVerify/datasets/processed-handwritten/iam_processed/337/g06-045f.png,impostor,0.09379253536462784,0.6469272971153259,-0.5531347617506981,
/home/lorenzo/Documenti/GitHub/HandVerify/datasets/processed-handwritten/iam_processed/454/k07-059a.png,/home/lorenzo/Documenti/GitHub/HandVerify/datasets/processed-handwritten/iam_processed/454/k07-085.png,genuine,0.9466910362243652,0.6469272971153259,0.2997637391090393,
/home/lorenzo/Documenti/GitHub/HandVerify/datasets/processed-handwritten/iam_processed/294/g07-003a.png,/home/lorenzo/Documenti/GitHub/HandVerify/datasets/processed-handwritten/iam_processed/294/g07-007a.png,genuine,0.9928525686264038,0.6469272971153259,0.3459252715110779,
/home/lorenzo/Documenti/GitHub/HandVerify/datasets/processed-handwritten/iam_processed/150/c03-081a.png,/home/lorenzo/Documenti/GitHub/HandVerify/datasets/processed-handwritten/iam_processed/405/j04-046.png,impostor,0.3257594704627991,0.6469272971153259,-0.32116782665252686,
/home/lorenzo/Documenti/GitHub/HandVerify/datasets/processed-handwritten/iam_processed/150/c03-094a.png,/home/lorenzo/Documenti/GitHub/HandVerify/datasets/processed-handwritten/iam_processed/150/c03-087a.png,genuine,0.9779758453369141,0.6469272971153259,0.33104854822158813,
/home/lorenzo/Documenti/GitHub/HandVerify/datasets/processed-handwritten/iam_processed/341/g06-018j.png,/home/lorenzo/Documenti/GitHub/HandVerify/datasets/processed-handwritten/iam_processed/341/g06-011j.png,genuine,0.8636822700500488,0.6469272971153259,0.2167549729347229,
/home/lorenzo/Documenti/GitHub/HandVerify/datasets/processed-handwritten/iam_processed/087/b01-009.png,/home/lorenzo/Documenti/GitHub/HandVerify/datasets/processed-handwritten/iam_processed/651/r02-117.png,impostor,0.2522939145565033,0.6469272971153259,-0.39463338255882263,
/home/lorenzo/Documenti/GitHub/HandVerify/datasets/processed-handwritten/iam_processed/210/e01-018.png,/home/lorenzo/Documenti/GitHub/HandVerify/datasets/processed-handwritten/iam_processed/303/g02-059.png,impostor,0.659510612487793,0.6469272971153259,0.012583315372467041,false_accept
/home/lorenzo/Documenti/GitHub/HandVerify/datasets/processed-handwritten/iam_processed/137/c02-000.png,/home/lorenzo/Documenti/GitHub/HandVerify/datasets/processed-handwritten/iam_processed/337/g06-011f.png,impostor,-0.22107751667499542,0.6469272971153259,-0.8680048137903214,
/home/lorenzo/Documenti/GitHub/HandVerify/datasets/processed-handwritten/iam_processed/344/g06-018m.png,/home/lorenzo/Documenti/GitHub/HandVerify/datasets/processed-handwritten/iam_processed/344/g06-026m.png,genuine,0.9592166543006897,0.6469272971153259,0.31228935718536377,
/home/lorenzo/Documenti/GitHub/HandVerify/datasets/processed-handwritten/iam_processed/142/c02-030.png,/home/lorenzo/Documenti/GitHub/HandVerify/datasets/processed-handwritten/iam_processed/454/k07-077.png,impostor,0.16175295412540436,0.6469272971153259,-0.48517434298992157,
/home/lorenzo/Documenti/GitHub/HandVerify/datasets/processed-handwritten/iam_processed/356/h01-000.png,/home/lorenzo/Documenti/GitHub/HandVerify/datasets/processed-handwritten/iam_processed/356/h01-007.png,genuine,0.9754937887191772,0.6469272971153259,0.3285664916038513,
/home/lorenzo/Documenti/GitHub/HandVerify/datasets/processed-handwritten/iam_processed/341/g06-050j.png,/home/lorenzo/Documenti/GitHub/HandVerify/datasets/processed-handwritten/iam_processed/341/g06-037j.png,genuine,0.9930899143218994,0.6469272971153259,0.3461626172065735,
/home/lorenzo/Documenti/GitHub/HandVerify/datasets/processed-handwritten/iam_processed/236/e04-058.png,/home/lorenzo/Documenti/GitHub/HandVerify/datasets/processed-handwritten/iam_processed/550/m04-231.png,impostor,0.2115512490272522,0.6469272971153259,-0.43537604808807373,
/home/lorenzo/Documenti/GitHub/HandVerify/datasets/processed-handwritten/iam_processed/552/m06-076.png,/home/lorenzo/Documenti/GitHub/HandVerify/datasets/processed-handwritten/iam_processed/552/m06-042.png,genuine,0.9816085696220398,0.6469272971153259,0.33468127250671387,
/home/lorenzo/Documenti/GitHub/HandVerify/datasets/processed-handwritten/iam_processed/444/k04-057.png,/home/lorenzo/Documenti/GitHub/HandVerify/datasets/processed-handwritten/iam_processed/444/k04-061.png,genuine,0.9280253052711487,0.6469272971153259,0.28109800815582275,
/home/lorenzo/Documenti/GitHub/HandVerify/datasets/processed-handwritten/iam_processed/293/f07-088b.png,/home/lorenzo/Documenti/GitHub/HandVerify/datasets/processed-handwritten/iam_processed/337/g06-045f.png,impostor,-0.19794443249702454,0.6469272971153259,-0.8448717296123505,
/home/lorenzo/Documenti/GitHub/HandVerify/datasets/processed-handwritten/iam_processed/133/c06-116.png,/home/lorenzo/Documenti/GitHub/HandVerify/datasets/processed-handwritten/iam_processed/552/m06-091.png,impostor,0.12077440321445465,0.6469272971153259,-0.5261528939008713,
/home/lorenzo/Documenti/GitHub/HandVerify/datasets/processed-handwritten/iam_processed/169/c04-134.png,/home/lorenzo/Documenti/GitHub/HandVerify/datasets/processed-handwritten/iam_processed/251/f01-066.png,impostor,-0.30379530787467957,0.6469272971153259,-0.9507226049900055,
/home/lorenzo/Documenti/GitHub/HandVerify/datasets/processed-handwritten/iam_processed/332/g06-031a.png,/home/lorenzo/Documenti/GitHub/HandVerify/datasets/processed-handwritten/iam_processed/332/g06-011a.png,genuine,0.9264640808105469,0.6469272971153259,0.27953678369522095,
/home/lorenzo/Documenti/GitHub/HandVerify/datasets/processed-handwritten/iam_processed/341/g06-026j.png,/home/lorenzo/Documenti/GitHub/HandVerify/datasets/processed-handwritten/iam_processed/341/g06-042j.png,genuine,0.9507162570953369,0.6469272971153259,0.303788959980011,
/home/lorenzo/Documenti/GitHub/HandVerify/datasets/processed-handwritten/iam_processed/339/g06-037h.png,/home/lorenzo/Documenti/GitHub/HandVerify/datasets/processed-handwritten/iam_processed/339/g06-011h.png,genuine,0.9092971086502075,0.6469272971153259,0.2623698115348816,
/home/lorenzo/Documenti/GitHub/HandVerify/datasets/processed-handwritten/iam_processed/150/c03-096a.png,/home/lorenzo/Documenti/GitHub/HandVerify/datasets/processed-handwritten/iam_processed/552/m06-067.png,impostor,-0.07264341413974762,0.6469272971153259,-0.7195707112550735,
/home/lorenzo/Documenti/GitHub/HandVerify/datasets/processed-handwritten/iam_processed/251/f01-066.png,/home/lorenzo/Documenti/GitHub/HandVerify/datasets/processed-handwritten/iam_processed/344/g06-045m.png,impostor,0.3126741051673889,0.6469272971153259,-0.334253191947937,
/home/lorenzo/Documenti/GitHub/HandVerify/datasets/processed-handwritten/iam_processed/167/c04-105.png,/home/lorenzo/Documenti/GitHub/HandVerify/datasets/processed-handwritten/iam_processed/367/h02-022.png,impostor,-0.1984955221414566,0.6469272971153259,-0.8454228192567825,
/home/lorenzo/Documenti/GitHub/HandVerify/datasets/processed-handwritten/iam_processed/344/g06-042m.png,/home/lorenzo/Documenti/GitHub/HandVerify/datasets/processed-handwritten/iam_processed/344/g06-045m.png,genuine,0.8756863474845886,0.6469272971153259,0.2287590503692627,
/home/lorenzo/Documenti/GitHub/HandVerify/datasets/processed-handwritten/iam_processed/456/k07-185.png,/home/lorenzo/Documenti/GitHub/HandVerify/datasets/processed-handwritten/iam_processed/456/k07-158.png,genuine,0.8241221308708191,0.6469272971153259,0.17719483375549316,
/home/lorenzo/Documenti/GitHub/HandVerify/datasets/processed-handwritten/iam_processed/294/g07-003a.png,/home/lorenzo/Documenti/GitHub/HandVerify/datasets/processed-handwritten/iam_processed/583/n04-048.png,impostor,-0.06160616874694824,0.6469272971153259,-0.7085334658622742,
/home/lorenzo/Documenti/GitHub/HandVerify/datasets/processed-handwritten/iam_processed/332/g06-042a.png,/home/lorenzo/Documenti/GitHub/HandVerify/datasets/processed-handwritten/iam_processed/332/g06-011a.png,genuine,0.9454049468040466,0.6469272971153259,0.2984776496887207,
/home/lorenzo/Documenti/GitHub/HandVerify/datasets/processed-handwritten/iam_processed/384/h06-082.png,/home/lorenzo/Documenti/GitHub/HandVerify/datasets/processed-handwritten/iam_processed/384/j06-008.png,genuine,0.7074746489524841,0.6469272971153259,0.0605473518371582,
/home/lorenzo/Documenti/GitHub/HandVerify/datasets/processed-handwritten/iam_processed/337/g06-018f.png,/home/lorenzo/Documenti/GitHub/HandVerify/datasets/processed-handwritten/iam_processed/603/p02-115.png,impostor,-0.33551162481307983,0.6469272971153259,-0.9824389219284058,
/home/lorenzo/Documenti/GitHub/HandVerify/datasets/processed-handwritten/iam_processed/552/m06-031.png,/home/lorenzo/Documenti/GitHub/HandVerify/datasets/processed-handwritten/iam_processed/552/m06-076.png,genuine,0.7539516687393188,0.6469272971153259,0.10702437162399292,
/home/lorenzo/Documenti/GitHub/HandVerify/datasets/processed-handwritten/iam_processed/337/g06-042f.png,/home/lorenzo/Documenti/GitHub/HandVerify/datasets/processed-handwritten/iam_processed/337/g06-037f.png,genuine,0.9719530940055847,0.6469272971153259,0.3250257968902588,
/home/lorenzo/Documenti/GitHub/HandVerify/datasets/processed-handwritten/iam_processed/293/f07-096.png,/home/lorenzo/Documenti/GitHub/HandVerify/datasets/processed-handwritten/iam_processed/293/f07-092b.png,genuine,0.9933397769927979,0.6469272971153259,0.3464124798774719,
/home/lorenzo/Documenti/GitHub/HandVerify/datasets/processed-handwritten/iam_processed/024/a02-012.png,/home/lorenzo/Documenti/GitHub/HandVerify/datasets/processed-handwritten/iam_processed/294/g07-003a.png,impostor,0.41308093070983887,0.6469272971153259,-0.23384636640548706,
/home/lorenzo/Documenti/GitHub/HandVerify/datasets/processed-handwritten/iam_processed/110/b04-096.png,/home/lorenzo/Documenti/GitHub/HandVerify/datasets/processed-handwritten/iam_processed/296/g01-016.png,impostor,-0.44128403067588806,0.6469272971153259,-1.088211327791214,
/home/lorenzo/Documenti/GitHub/HandVerify/datasets/processed-handwritten/iam_processed/444/k04-057.png,/home/lorenzo/Documenti/GitHub/HandVerify/datasets/processed-handwritten/iam_processed/587/n04-209.png,impostor,0.7232829928398132,0.6469272971153259,0.0763556957244873,false_accept
/home/lorenzo/Documenti/GitHub/HandVerify/datasets/processed-handwritten/iam_processed/294/f07-101a.png,/home/lorenzo/Documenti/GitHub/HandVerify/datasets/processed-handwritten/iam_processed/550/m04-238.png,impostor,-0.11981295794248581,0.6469272971153259,-0.7667402550578117,
/home/lorenzo/Documenti/GitHub/HandVerify/datasets/processed-handwritten/iam_processed/339/g06-050h.png,/home/lorenzo/Documenti/GitHub/HandVerify/datasets/processed-handwritten/iam_processed/550/m04-238.png,impostor,0.3360811471939087,0.6469272971153259,-0.31084614992141724,
/home/lorenzo/Documenti/GitHub/HandVerify/datasets/processed-handwritten/iam_processed/339/g06-026h.png,/home/lorenzo/Documenti/GitHub/HandVerify/datasets/processed-handwritten/iam_processed/339/g06-047h.png,genuine,0.7238197326660156,0.6469272971153259,0.0768924355506897,
/home/lorenzo/Documenti/GitHub/HandVerify/datasets/processed-handwritten/iam_processed/061/a04-059.png,/home/lorenzo/Documenti/GitHub/HandVerify/datasets/processed-handwritten/iam_processed/339/g06-042h.png,impostor,0.10831167548894882,0.6469272971153259,-0.5386156216263771,
/home/lorenzo/Documenti/GitHub/HandVerify/datasets/processed-handwritten/iam_processed/229/e02-117.png,/home/lorenzo/Documenti/GitHub/HandVerify/datasets/processed-handwritten/iam_processed/384/j06-000.png,impostor,0.27761101722717285,0.6469272971153259,-0.3693162798881531,
/home/lorenzo/Documenti/GitHub/HandVerify/datasets/processed-handwritten/iam_processed/552/m06-056.png,/home/lorenzo/Documenti/GitHub/HandVerify/datasets/processed-handwritten/iam_processed/552/m06-083.png,genuine,0.8426294326782227,0.6469272971153259,0.19570213556289673,
/home/lorenzo/Documenti/GitHub/HandVerify/datasets/processed-handwritten/iam_processed/337/g06-050f.png,/home/lorenzo/Documenti/GitHub/HandVerify/datasets/processed-handwritten/iam_processed/337/g06-042f.png,genuine,0.7062631845474243,0.6469272971153259,0.05933588743209839,
/home/lorenzo/Documenti/GitHub/HandVerify/datasets/processed-handwritten/iam_processed/285/f07-042a.png,/home/lorenzo/Documenti/GitHub/HandVerify/datasets/processed-handwritten/iam_processed/344/g06-031m.png,impostor,-0.3084831237792969,0.6469272971153259,-0.9554104208946228,
/home/lorenzo/Documenti/GitHub/HandVerify/datasets/processed-handwritten/iam_processed/184/d04-008.png,/home/lorenzo/Documenti/GitHub/HandVerify/datasets/processed-handwritten/iam_processed/456/k07-158.png,impostor,0.012259386479854584,0.6469272971153259,-0.6346679106354713,
/home/lorenzo/Documenti/GitHub/HandVerify/datasets/processed-handwritten/iam_processed/332/g06-042a.png,/home/lorenzo/Documenti/GitHub/HandVerify/datasets/processed-handwritten/iam_processed/442/k04-028.png,impostor,0.524764358997345,0.6469272971153259,-0.12216293811798096,
/home/lorenzo/Documenti/GitHub/HandVerify/datasets/processed-handwritten/iam_processed/341/g06-050j.png,/home/lorenzo/Documenti/GitHub/HandVerify/datasets/processed-handwritten/iam_processed/341/g06-011j.png,genuine,0.9753862619400024,0.6469272971153259,0.3284589648246765,
/home/lorenzo/Documenti/GitHub/HandVerify/datasets/processed-handwritten/iam_processed/212/e01-029.png,/home/lorenzo/Documenti/GitHub/HandVerify/datasets/processed-handwritten/iam_processed/337/g06-047f.png,impostor,-0.17578794062137604,0.6469272971153259,-0.822715237736702,
/home/lorenzo/Documenti/GitHub/HandVerify/datasets/processed-handwritten/iam_processed/288/f07-021a.png,/home/lorenzo/Documenti/GitHub/HandVerify/datasets/processed-handwritten/iam_processed/288/f07-019a.png,genuine,0.9805636405944824,0.6469272971153259,0.3336363434791565,
/home/lorenzo/Documenti/GitHub/HandVerify/datasets/processed-handwritten/iam_processed/061/a04-059.png,/home/lorenzo/Documenti/GitHub/HandVerify/datasets/processed-handwritten/iam_processed/062/a04-066.png,impostor,0.0920916348695755,0.6469272971153259,-0.5548356622457504,
/home/lorenzo/Documenti/GitHub/HandVerify/datasets/processed-handwritten/iam_processed/337/g06-045f.png,/home/lorenzo/Documenti/GitHub/HandVerify/datasets/processed-handwritten/iam_processed/337/g06-018f.png,genuine,0.9443966150283813,0.6469272971153259,0.2974693179130554,
/home/lorenzo/Documenti/GitHub/HandVerify/datasets/processed-handwritten/iam_processed/341/g06-018j.png,/home/lorenzo/Documenti/GitHub/HandVerify/datasets/processed-handwritten/iam_processed/341/g06-037j.png,genuine,0.8724410533905029,0.6469272971153259,0.225513756275177,
/home/lorenzo/Documenti/GitHub/HandVerify/datasets/processed-handwritten/iam_processed/454/k07-063a.png,/home/lorenzo/Documenti/GitHub/HandVerify/datasets/processed-handwritten/iam_processed/462/l01-082.png,impostor,0.02351744845509529,0.6469272971153259,-0.6234098486602306,
/home/lorenzo/Documenti/GitHub/HandVerify/datasets/processed-handwritten/iam_processed/332/g06-045a.png,/home/lorenzo/Documenti/GitHub/HandVerify/datasets/processed-handwritten/iam_processed/332/g06-042a.png,genuine,0.9590545296669006,0.6469272971153259,0.3121272325515747,
/home/lorenzo/Documenti/GitHub/HandVerify/datasets/processed-handwritten/iam_processed/293/f07-101b.png,/home/lorenzo/Documenti/GitHub/HandVerify/datasets/processed-handwritten/iam_processed/293/f07-092b.png,genuine,0.8891640305519104,0.6469272971153259,0.24223673343658447,
/home/lorenzo/Documenti/GitHub/HandVerify/datasets/processed-handwritten/iam_processed/515/m01-115.png,/home/lorenzo/Documenti/GitHub/HandVerify/datasets/processed-handwritten/iam_processed/651/r02-117.png,impostor,0.8555372953414917,0.6469272971153259,0.20860999822616577,false_accept
/home/lorenzo/Documenti/GitHub/HandVerify/datasets/processed-handwritten/iam_processed/090/b01-053.png,/home/lorenzo/Documenti/GitHub/HandVerify/datasets/processed-handwritten/iam_processed/090/b01-044.png,genuine,0.949302077293396,0.6469272971153259,0.30237478017807007,
/home/lorenzo/Documenti/GitHub/HandVerify/datasets/processed-handwritten/iam_processed/585/n04-130.png,/home/lorenzo/Documenti/GitHub/HandVerify/datasets/processed-handwritten/iam_processed/585/n04-163.png,genuine,0.8499530553817749,0.6469272971153259,0.20302575826644897,
/home/lorenzo/Documenti/GitHub/HandVerify/datasets/processed-handwritten/iam_processed/150/c03-087a.png,/home/lorenzo/Documenti/GitHub/HandVerify/datasets/processed-handwritten/iam_processed/150/c03-096a.png,genuine,0.9721009135246277,0.6469272971153259,0.32517361640930176,
/home/lorenzo/Documenti/GitHub/HandVerify/datasets/processed-handwritten/iam_processed/454/k07-059a.png,/home/lorenzo/Documenti/GitHub/HandVerify/datasets/processed-handwritten/iam_processed/454/k07-067a.png,genuine,0.9131841659545898,0.6469272971153259,0.2662568688392639,
/home/lorenzo/Documenti/GitHub/HandVerify/datasets/processed-handwritten/iam_processed/112/b04-147.png,/home/lorenzo/Documenti/GitHub/HandVerify/datasets/processed-handwritten/iam_processed/638/r02-006.png,impostor,-0.2681325376033783,0.6469272971153259,-0.9150598347187042,
/home/lorenzo/Documenti/GitHub/HandVerify/datasets/processed-handwritten/iam_processed/294/g07-003a.png,/home/lorenzo/Documenti/GitHub/HandVerify/datasets/processed-handwritten/iam_processed/294/f07-101a.png,genuine,0.8865319490432739,0.6469272971153259,0.239604651927948,
/home/lorenzo/Documenti/GitHub/HandVerify/datasets/processed-handwritten/iam_processed/070/a06-025.png,/home/lorenzo/Documenti/GitHub/HandVerify/datasets/processed-handwritten/iam_processed/585/n04-149.png,impostor,-0.33727338910102844,0.6469272971153259,-0.9842006862163544,
/home/lorenzo/Documenti/GitHub/HandVerify/datasets/processed-handwritten/iam_processed/165/c04-128.png,/home/lorenzo/Documenti/GitHub/HandVerify/datasets/processed-handwritten/iam_processed/384/h06-089.png,impostor,0.22166015207767487,0.6469272971153259,-0.42526714503765106,
/home/lorenzo/Documenti/GitHub/HandVerify/datasets/processed-handwritten/iam_processed/552/m06-091.png,/home/lorenzo/Documenti/GitHub/HandVerify/datasets/processed-handwritten/iam_processed/552/m06-083.png,genuine,0.9641726016998291,0.6469272971153259,0.3172453045845032,
/home/lorenzo/Documenti/GitHub/HandVerify/datasets/processed-handwritten/iam_processed/339/g06-031h.png,/home/lorenzo/Documenti/GitHub/HandVerify/datasets/processed-handwritten/iam_processed/339/g06-050h.png,genuine,0.8870563507080078,0.6469272971153259,0.24012905359268188,
/home/lorenzo/Documenti/GitHub/HandVerify/datasets/processed-handwritten/iam_processed/552/m06-106.png,/home/lorenzo/Documenti/GitHub/HandVerify/datasets/processed-handwritten/iam_processed/552/m06-042.png,genuine,0.9667448401451111,0.6469272971153259,0.31981754302978516,
/home/lorenzo/Documenti/GitHub/HandVerify/datasets/processed-handwritten/iam_processed/280/f04-064.png,/home/lorenzo/Documenti/GitHub/HandVerify/datasets/processed-handwritten/iam_processed/332/g06-045a.png,impostor,0.38471394777297974,0.6469272971153259,-0.2622133493423462,
/home/lorenzo/Documenti/GitHub/HandVerify/datasets/processed-handwritten/iam_processed/384/h06-079.png,/home/lorenzo/Documenti/GitHub/HandVerify/datasets/processed-handwritten/iam_processed/384/h06-092.png,genuine,0.7653400897979736,0.6469272971153259,0.1184127926826477,
/home/lorenzo/Documenti/GitHub/HandVerify/datasets/processed-handwritten/iam_processed/550/m04-238.png,/home/lorenzo/Documenti/GitHub/HandVerify/datasets/processed-handwritten/iam_processed/550/n04-000.png,genuine,0.902284562587738,0.6469272971153259,0.2553572654724121,
/home/lorenzo/Documenti/GitHub/HandVerify/datasets/processed-handwritten/iam_processed/061/a04-059.png,/home/lorenzo/Documenti/GitHub/HandVerify/datasets/processed-handwritten/iam_processed/494/l04-174.png,impostor,-0.14137394726276398,0.6469272971153259,-0.7883012443780899,
/home/lorenzo/Documenti/GitHub/HandVerify/datasets/processed-handwritten/iam_processed/581/n03-126.png,/home/lorenzo/Documenti/GitHub/HandVerify/datasets/processed-handwritten/iam_processed/599/p02-076.png,impostor,0.04740716516971588,0.6469272971153259,-0.59952013194561,
/home/lorenzo/Documenti/GitHub/HandVerify/datasets/processed-handwritten/iam_processed/133/c06-116.png,/home/lorenzo/Documenti/GitHub/HandVerify/datasets/processed-handwritten/iam_processed/332/g06-026a.png,impostor,0.4855118989944458,0.6469272971153259,-0.16141539812088013,
/home/lorenzo/Documenti/GitHub/HandVerify/datasets/processed-handwritten/iam_processed/384/h06-082.png,/home/lorenzo/Documenti/GitHub/HandVerify/datasets/processed-handwritten/iam_processed/550/m04-231.png,impostor,-0.49071839451789856,0.6469272971153259,-1.1376456916332245,
/home/lorenzo/Documenti/GitHub/HandVerify/datasets/processed-handwritten/iam_processed/341/g06-011j.png,/home/lorenzo/Documenti/GitHub/HandVerify/datasets/processed-handwritten/iam_processed/341/g06-026j.png,genuine,0.9299578070640564,0.6469272971153259,0.28303050994873047,
/home/lorenzo/Documenti/GitHub/HandVerify/datasets/processed-handwritten/iam_processed/112/b04-147.png,/home/lorenzo/Documenti/GitHub/HandVerify/datasets/processed-handwritten/iam_processed/112/b04-140.png,genuine,0.9856272339820862,0.6469272971153259,0.33869993686676025,
/home/lorenzo/Documenti/GitHub/HandVerify/datasets/processed-handwritten/iam_processed/337/g06-047f.png,/home/lorenzo/Documenti/GitHub/HandVerify/datasets/processed-handwritten/iam_processed/337/g06-018f.png,genuine,0.9249168634414673,0.6469272971153259,0.27798956632614136,
/home/lorenzo/Documenti/GitHub/HandVerify/datasets/processed-handwritten/iam_processed/137/c02-000.png,/home/lorenzo/Documenti/GitHub/HandVerify/datasets/processed-handwritten/iam_processed/341/g06-045j.png,impostor,-0.07243666052818298,0.6469272971153259,-0.7193639576435089,
/home/lorenzo/Documenti/GitHub/HandVerify/datasets/processed-handwritten/iam_processed/031/a02-062.png,/home/lorenzo/Documenti/GitHub/HandVerify/datasets/processed-handwritten/iam_processed/494/l04-174.png,impostor,-0.287092924118042,0.6469272971153259,-0.9340202212333679,
/home/lorenzo/Documenti/GitHub/HandVerify/datasets/processed-handwritten/iam_processed/090/b01-053.png,/home/lorenzo/Documenti/GitHub/HandVerify/datasets/processed-handwritten/iam_processed/337/g06-042f.png,impostor,0.04673786088824272,0.6469272971153259,-0.6001894362270832,
/home/lorenzo/Documenti/GitHub/HandVerify/datasets/processed-handwritten/iam_processed/091/b01-079.png,/home/lorenzo/Documenti/GitHub/HandVerify/datasets/processed-handwritten/iam_processed/091/b01-073.png,genuine,0.7210714221000671,0.6469272971153259,0.07414412498474121,
/home/lorenzo/Documenti/GitHub/HandVerify/datasets/processed-handwritten/iam_processed/150/c03-094a.png,/home/lorenzo/Documenti/GitHub/HandVerify/datasets/processed-handwritten/iam_processed/150/c03-084a.png,genuine,0.9321722388267517,0.6469272971153259,0.2852449417114258,
/home/lorenzo/Documenti/GitHub/HandVerify/datasets/processed-handwritten/iam_processed/030/a02-057.png,/home/lorenzo/Documenti/GitHub/HandVerify/datasets/processed-handwritten/iam_processed/150/c03-084a.png,impostor,0.6559580564498901,0.6469272971153259,0.009030759334564209,false_accept
/home/lorenzo/Documenti/GitHub/HandVerify/datasets/processed-handwritten/iam_processed/339/g06-031h.png,/home/lorenzo/Documenti/GitHub/HandVerify/datasets/processed-handwritten/iam_processed/339/g06-042h.png,genuine,0.9144402146339417,0.6469272971153259,0.2675129175186157,
/home/lorenzo/Documenti/GitHub/HandVerify/datasets/processed-handwritten/iam_processed/341/g06-050j.png,/home/lorenzo/Documenti/GitHub/HandVerify/datasets/processed-handwritten/iam_processed/341/g06-018j.png,genuine,0.8994918465614319,0.6469272971153259,0.25256454944610596,
/home/lorenzo/Documenti/GitHub/HandVerify/datasets/processed-handwritten/iam_processed/133/c06-116.png,/home/lorenzo/Documenti/GitHub/HandVerify/datasets/processed-handwritten/iam_processed/210/e01-014.png,impostor,-0.09374263882637024,0.6469272971153259,-0.7406699359416962,
/home/lorenzo/Documenti/GitHub/HandVerify/datasets/processed-handwritten/iam_processed/090/b01-053.png,/home/lorenzo/Documenti/GitHub/HandVerify/datasets/processed-handwritten/iam_processed/337/g06-026f.png,impostor,0.10906439274549484,0.6469272971153259,-0.5378629043698311,
/home/lorenzo/Documenti/GitHub/HandVerify/datasets/processed-handwritten/iam_processed/332/g06-042a.png,/home/lorenzo/Documenti/GitHub/HandVerify/datasets/processed-handwritten/iam_processed/332/g06-026a.png,genuine,0.9638321399688721,0.6469272971153259,0.31690484285354614,
/home/lorenzo/Documenti/GitHub/HandVerify/datasets/processed-handwritten/iam_processed/030/a02-057.png,/home/lorenzo/Documenti/GitHub/HandVerify/datasets/processed-handwritten/iam_processed/212/e01-035.png,impostor,-0.3350256681442261,0.6469272971153259,-0.981952965259552,
/home/lorenzo/Documenti/GitHub/HandVerify/datasets/processed-handwritten/iam_processed/087/b01-004.png,/home/lorenzo/Documenti/GitHub/HandVerify/datasets/processed-handwritten/iam_processed/087/b01-009.png,genuine,0.9864981174468994,0.6469272971153259,0.3395708203315735,
/home/lorenzo/Documenti/GitHub/HandVerify/datasets/processed-handwritten/iam_processed/211/e01-025.png,/home/lorenzo/Documenti/GitHub/HandVerify/datasets/processed-handwritten/iam_processed/211/e01-022.png,genuine,0.8202352523803711,0.6469272971153259,0.17330795526504517,
/home/lorenzo/Documenti/GitHub/HandVerify/datasets/processed-handwritten/iam_processed/293/f07-101b.png,/home/lorenzo/Documenti/GitHub/HandVerify/datasets/processed-handwritten/iam_processed/293/f07-088b.png,genuine,0.8418229818344116,0.6469272971153259,0.1948956847190857,
/home/lorenzo/Documenti/GitHub/HandVerify/datasets/processed-handwritten/iam_processed/041/a03-009.png,/home/lorenzo/Documenti/GitHub/HandVerify/datasets/processed-handwritten/iam_processed/341/g06-037j.png,impostor,0.16624489426612854,0.6469272971153259,-0.4806824028491974,
/home/lorenzo/Documenti/GitHub/HandVerify/datasets/processed-handwritten/iam_processed/165/c04-080.png,/home/lorenzo/Documenti/GitHub/HandVerify/datasets/processed-handwritten/iam_processed/384/h06-089.png,impostor,0.8239095211029053,0.6469272971153259,0.17698222398757935,false_accept
/home/lorenzo/Documenti/GitHub/HandVerify/datasets/processed-handwritten/iam_processed/550/m04-238.png,/home/lorenzo/Documenti/GitHub/HandVerify/datasets/processed-handwritten/iam_processed/550/n04-009.png,genuine,0.5290237665176392,0.6469272971153259,-0.11790353059768677,false_reject
/home/lorenzo/Documenti/GitHub/HandVerify/datasets/processed-handwritten/iam_processed/350/g07-007b.png,/home/lorenzo/Documenti/GitHub/HandVerify/datasets/processed-handwritten/iam_processed/350/g07-003b.png,genuine,0.8564634323120117,0.6469272971153259,0.2095361351966858,
/home/lorenzo/Documenti/GitHub/HandVerify/datasets/processed-handwritten/iam_processed/280/f04-061.png,/home/lorenzo/Documenti/GitHub/HandVerify/datasets/processed-handwritten/iam_processed/341/g06-031j.png,impostor,0.48920848965644836,0.6469272971153259,-0.15771880745887756,
/home/lorenzo/Documenti/GitHub/HandVerify/datasets/processed-handwritten/iam_processed/603/p02-115.png,/home/lorenzo/Documenti/GitHub/HandVerify/datasets/processed-handwritten/iam_processed/623/p03-080.png,impostor,-0.23938867449760437,0.6469272971153259,-0.8863159716129303,
/home/lorenzo/Documenti/GitHub/HandVerify/datasets/processed-handwritten/iam_processed/332/g06-045a.png,/home/lorenzo/Documenti/GitHub/HandVerify/datasets/processed-handwritten/iam_processed/332/g06-011a.png,genuine,0.8694087266921997,0.6469272971153259,0.22248142957687378,
/home/lorenzo/Documenti/GitHub/HandVerify/datasets/processed-handwritten/iam_processed/030/a02-057.png,/home/lorenzo/Documenti/GitHub/HandVerify/datasets/processed-handwritten/iam_processed/285/g07-079a.png,impostor,0.8509998321533203,0.6469272971153259,0.20407253503799438,false_accept
/home/lorenzo/Documenti/GitHub/HandVerify/datasets/processed-handwritten/iam_processed/339/g06-011h.png,/home/lorenzo/Documenti/GitHub/HandVerify/datasets/processed-handwritten/iam_processed/339/g06-050h.png,genuine,0.8703201413154602,0.6469272971153259,0.22339284420013428,
/home/lorenzo/Documenti/GitHub/HandVerify/datasets/processed-handwritten/iam_processed/337/g06-011f.png,/home/lorenzo/Documenti/GitHub/HandVerify/datasets/processed-handwritten/iam_processed/337/g06-047f.png,genuine,0.9733582735061646,0.6469272971153259,0.3264309763908386,
/home/lorenzo/Documenti/GitHub/HandVerify/datasets/processed-handwritten/iam_processed/007/a01-038.png,/home/lorenzo/Documenti/GitHub/HandVerify/datasets/processed-handwritten/iam_processed/550/n04-000.png,impostor,-0.28842467069625854,0.6469272971153259,-0.9353519678115845,
/home/lorenzo/Documenti/GitHub/HandVerify/datasets/processed-handwritten/iam_processed/552/m06-056.png,/home/lorenzo/Documenti/GitHub/HandVerify/datasets/processed-handwritten/iam_processed/552/m06-048.png,genuine,0.9044230580329895,0.6469272971153259,0.2574957609176636,
/home/lorenzo/Documenti/GitHub/HandVerify/datasets/processed-handwritten/iam_processed/150/c03-003a.png,/home/lorenzo/Documenti/GitHub/HandVerify/datasets/processed-handwritten/iam_processed/150/c03-021a.png,genuine,0.9681065082550049,0.6469272971153259,0.32117921113967896,
/home/lorenzo/Documenti/GitHub/HandVerify/datasets/processed-handwritten/iam_processed/550/m04-238.png,/home/lorenzo/Documenti/GitHub/HandVerify/datasets/processed-handwritten/iam_processed/600/p02-101.png,impostor,0.294735848903656,0.6469272971153259,-0.3521914482116699,
/home/lorenzo/Documenti/GitHub/HandVerify/datasets/processed-handwritten/iam_processed/585/n04-130.png,/home/lorenzo/Documenti/GitHub/HandVerify/datasets/processed-handwritten/iam_processed/585/n04-139.png,genuine,0.8569111824035645,0.6469272971153259,0.20998388528823853,
/home/lorenzo/Documenti/GitHub/HandVerify/datasets/processed-handwritten/iam_processed/029/a02-053.png,/home/lorenzo/Documenti/GitHub/HandVerify/datasets/processed-handwritten/iam_processed/539/m03-033.png,impostor,-0.4167152941226959,0.6469272971153259,-1.0636425912380219,
/home/lorenzo/Documenti/GitHub/HandVerify/datasets/processed-handwritten/iam_processed/367/h02-022.png,/home/lorenzo/Documenti/GitHub/HandVerify/datasets/processed-handwritten/iam_processed/454/k07-085.png,impostor,-0.04644910991191864,0.6469272971153259,-0.6933764070272446,
/home/lorenzo/Documenti/GitHub/HandVerify/datasets/processed-handwritten/iam_processed/332/g06-050a.png,/home/lorenzo/Documenti/GitHub/HandVerify/datasets/processed-handwritten/iam_processed/332/g06-042a.png,genuine,0.917199969291687,0.6469272971153259,0.2702726721763611,
/home/lorenzo/Documenti/GitHub/HandVerify/datasets/processed-handwritten/iam_processed/339/g06-018h.png,/home/lorenzo/Documenti/GitHub/HandVerify/datasets/processed-handwritten/iam_processed/339/g06-026h.png,genuine,0.9211146831512451,0.6469272971153259,0.2741873860359192,
/home/lorenzo/Documenti/GitHub/HandVerify/datasets/processed-handwritten/iam_processed/332/g06-031a.png,/home/lorenzo/Documenti/GitHub/HandVerify/datasets/processed-handwritten/iam_processed/332/g06-026a.png,genuine,0.9453741908073425,0.6469272971153259,0.2984468936920166,
/home/lorenzo/Documenti/GitHub/HandVerify/datasets/processed-handwritten/iam_processed/165/c04-080.png,/home/lorenzo/Documenti/GitHub/HandVerify/datasets/processed-handwritten/iam_processed/552/m06-048.png,impostor,0.05815644562244415,0.6469272971153259,-0.5887708514928818,
/home/lorenzo/Documenti/GitHub/HandVerify/datasets/processed-handwritten/iam_processed/150/c03-094a.png,/home/lorenzo/Documenti/GitHub/HandVerify/datasets/processed-handwritten/iam_processed/150/c03-000a.png,genuine,0.9273645281791687,0.6469272971153259,0.2804372310638428,
/home/lorenzo/Documenti/GitHub/HandVerify/datasets/processed-handwritten/iam_processed/384/j06-000.png,/home/lorenzo/Documenti/GitHub/HandVerify/datasets/processed-handwritten/iam_processed/384/j06-008.png,genuine,0.959418535232544,0.6469272971153259,0.312491238117218,
/home/lorenzo/Documenti/GitHub/HandVerify/datasets/processed-handwritten/iam_processed/339/g06-047h.png,/home/lorenzo/Documenti/GitHub/HandVerify/datasets/processed-handwritten/iam_processed/653/r02-131.png,impostor,0.13752484321594238,0.6469272971153259,-0.5094024538993835,
/home/lorenzo/Documenti/GitHub/HandVerify/datasets/processed-handwritten/iam_processed/280/f04-061.png,/home/lorenzo/Documenti/GitHub/HandVerify/datasets/processed-handwritten/iam_processed/587/n04-202.png,impostor,0.716098427772522,0.6469272971153259,0.06917113065719604,false_accept
/home/lorenzo/Documenti/GitHub/HandVerify/datasets/processed-handwritten/iam_processed/211/e01-025.png,/home/lorenzo/Documenti/GitHub/HandVerify/datasets/processed-handwritten/iam_processed/552/m06-056.png,impostor,-0.11517278105020523,0.6469272971153259,-0.7621000781655312,
/home/lorenzo/Documenti/GitHub/HandVerify/datasets/processed-handwritten/iam_processed/061/a04-059.png,/home/lorenzo/Documenti/GitHub/HandVerify/datasets/processed-handwritten/iam_processed/061/a04-050.png,genuine,0.8855000734329224,0.6469272971153259,0.23857277631759644,
/home/lorenzo/Documenti/GitHub/HandVerify/datasets/processed-handwritten/iam_processed/332/g06-018a.png,/home/lorenzo/Documenti/GitHub/HandVerify/datasets/processed-handwritten/iam_processed/332/g06-026a.png,genuine,0.9678022861480713,0.6469272971153259,0.32087498903274536,
/home/lorenzo/Documenti/GitHub/HandVerify/datasets/processed-handwritten/iam_processed/550/n04-000.png,/home/lorenzo/Documenti/GitHub/HandVerify/datasets/processed-handwritten/iam_processed/550/n04-009.png,genuine,0.8218637704849243,0.6469272971153259,0.1749364733695984,
/home/lorenzo/Documenti/GitHub/HandVerify/datasets/processed-handwritten/iam_processed/550/m04-238.png,/home/lorenzo/Documenti/GitHub/HandVerify/datasets/processed-handwritten/iam_processed/550/m04-231.png,genuine,0.9331722259521484,0.6469272971153259,0.2862449288368225,
/home/lorenzo/Documenti/GitHub/HandVerify/datasets/processed-handwritten/iam_processed/285/f07-046a.png,/home/lorenzo/Documenti/GitHub/HandVerify/datasets/processed-handwritten/iam_processed/341/g06-045j.png,impostor,-0.4273049533367157,0.6469272971153259,-1.0742322504520416,
/home/lorenzo/Documenti/GitHub/HandVerify/datasets/processed-handwritten/iam_processed/456/k07-158.png,/home/lorenzo/Documenti/GitHub/HandVerify/datasets/processed-handwritten/iam_processed/456/k07-166.png,genuine,0.9439384937286377,0.6469272971153259,0.29701119661331177,
/home/lorenzo/Documenti/GitHub/HandVerify/datasets/processed-handwritten/iam_processed/350/g07-003b.png,/home/lorenzo/Documenti/GitHub/HandVerify/datasets/processed-handwritten/iam_processed/651/r02-117.png,impostor,-0.3717685341835022,0.6469272971153259,-1.0186958312988281,
/home/lorenzo/Documenti/GitHub/HandVerify/datasets/processed-handwritten/iam_processed/444/k04-061.png,/home/lorenzo/Documenti/GitHub/HandVerify/datasets/processed-handwritten/iam_processed/539/m03-033.png,impostor,-0.455868124961853,0.6469272971153259,-1.102795422077179,
/home/lorenzo/Documenti/GitHub/HandVerify/datasets/processed-handwritten/iam_processed/344/g06-031m.png,/home/lorenzo/Documenti/GitHub/HandVerify/datasets/processed-handwritten/iam_processed/344/g06-050m.png,genuine,0.9559040665626526,0.6469272971153259,0.30897676944732666,
/home/lorenzo/Documenti/GitHub/HandVerify/datasets/processed-handwritten/iam_processed/061/a04-047.png,/home/lorenzo/Documenti/GitHub/HandVerify/datasets/processed-handwritten/iam_processed/061/a04-050.png,genuine,0.9712092876434326,0.6469272971153259,0.3242819905281067,
/home/lorenzo/Documenti/GitHub/HandVerify/datasets/processed-handwritten/iam_processed/150/c03-000a.png,/home/lorenzo/Documenti/GitHub/HandVerify/datasets/processed-handwritten/iam_processed/494/l04-179.png,impostor,-0.14663279056549072,0.6469272971153259,-0.7935600876808167,
/home/lorenzo/Documenti/GitHub/HandVerify/datasets/processed-handwritten/iam_processed/077/a06-070.png,/home/lorenzo/Documenti/GitHub/HandVerify/datasets/processed-handwritten/iam_processed/091/b01-073.png,impostor,0.1804860234260559,0.6469272971153259,-0.46644127368927,
/home/lorenzo/Documenti/GitHub/HandVerify/datasets/processed-handwritten/iam_processed/339/g06-018h.png,/home/lorenzo/Documenti/GitHub/HandVerify/datasets/processed-handwritten/iam_processed/339/g06-031h.png,genuine,0.9444787502288818,0.6469272971153259,0.2975514531135559,
/home/lorenzo/Documenti/GitHub/HandVerify/datasets/processed-handwritten/iam_processed/150/c03-084a.png,/home/lorenzo/Documenti/GitHub/HandVerify/datasets/processed-handwritten/iam_processed/160/c04-028.png,impostor,0.17694246768951416,0.6469272971153259,-0.46998482942581177,
/home/lorenzo/Documenti/GitHub/HandVerify/datasets/processed-handwritten/iam_processed/552/m06-091.png,/home/lorenzo/Documenti/GitHub/HandVerify/datasets/processed-handwritten/iam_processed/552/m06-048.png,genuine,0.9602153301239014,0.6469272971153259,0.31328803300857544,
/home/lorenzo/Documenti/GitHub/HandVerify/datasets/processed-handwritten/iam_processed/350/g07-003b.png,/home/lorenzo/Documenti/GitHub/HandVerify/datasets/processed-handwritten/iam_processed/362/h02-004.png,impostor,-0.07028325647115707,0.6469272971153259,-0.717210553586483,
/home/lorenzo/Documenti/GitHub/HandVerify/datasets/processed-handwritten/iam_processed/160/c04-028.png,/home/lorenzo/Documenti/GitHub/HandVerify/datasets/processed-handwritten/iam_processed/587/n04-213.png,impostor,0.21700364351272583,0.6469272971153259,-0.4299236536026001,
/home/lorenzo/Documenti/GitHub/HandVerify/datasets/processed-handwritten/iam_processed/285/f07-039a.png,/home/lorenzo/Documenti/GitHub/HandVerify/datasets/processed-handwritten/iam_processed/285/g07-079a.png,genuine,0.9842514991760254,0.6469272971153259,0.33732420206069946,
/home/lorenzo/Documenti/GitHub/HandVerify/datasets/processed-handwritten/iam_processed/344/g06-050m.png,/home/lorenzo/Documenti/GitHub/HandVerify/datasets/processed-handwritten/iam_processed/521/m02-052.png,impostor,-0.2701988220214844,0.6469272971153259,-0.9171261191368103,
/home/lorenzo/Documenti/GitHub/HandVerify/datasets/processed-handwritten/iam_processed/041/a03-009.png,/home/lorenzo/Documenti/GitHub/HandVerify/datasets/processed-handwritten/iam_processed/133/b06-100.png,impostor,-0.09519371390342712,0.6469272971153259,-0.742121011018753,
/home/lorenzo/Documenti/GitHub/HandVerify/datasets/processed-handwritten/iam_processed/087/b01-000.png,/home/lorenzo/Documenti/GitHub/HandVerify/datasets/processed-handwritten/iam_processed/341/g06-031j.png,impostor,-0.06681393086910248,0.6469272971153259,-0.7137412279844284,
/home/lorenzo/Documenti/GitHub/HandVerify/datasets/processed-handwritten/iam_processed/344/g06-031m.png,/home/lorenzo/Documenti/GitHub/HandVerify/datasets/processed-handwritten/iam_processed/344/g06-026m.png,genuine,0.9088208079338074,0.6469272971153259,0.26189351081848145,
/home/lorenzo/Documenti/GitHub/HandVerify/datasets/processed-handwritten/iam_processed/599/p02-081.png,/home/lorenzo/Documenti/GitHub/HandVerify/datasets/processed-handwritten/iam_processed/605/p02-127.png,impostor,0.45148271322250366,0.6469272971153259,-0.19544458389282227,
/home/lorenzo/Documenti/GitHub/HandVerify/datasets/processed-handwritten/iam_processed/169/c04-134.png,/home/lorenzo/Documenti/GitHub/HandVerify/datasets/processed-handwritten/iam_processed/550/m04-238.png,impostor,-0.32196611166000366,0.6469272971153259,-0.9688934087753296,
/home/lorenzo/Documenti/GitHub/HandVerify/datasets/processed-handwritten/iam_processed/295/g01-008.png,/home/lorenzo/Documenti/GitHub/HandVerify/datasets/processed-handwritten/iam_processed/442/k04-033.png,impostor,-0.012370084412395954,0.6469272971153259,-0.6592973815277219,
/home/lorenzo/Documenti/GitHub/HandVerify/datasets/processed-handwritten/iam_processed/293/f07-096.png,/home/lorenzo/Documenti/GitHub/HandVerify/datasets/processed-handwritten/iam_processed/293/f07-088b.png,genuine,0.9437009692192078,0.6469272971153259,0.29677367210388184,
/home/lorenzo/Documenti/GitHub/HandVerify/datasets/processed-handwritten/iam_processed/550/n04-000.png,/home/lorenzo/Documenti/GitHub/HandVerify/datasets/processed-handwritten/iam_processed/644/r02-065.png,impostor,-0.24015472829341888,0.6469272971153259,-0.8870820254087448,
/home/lorenzo/Documenti/GitHub/HandVerify/datasets/processed-handwritten/iam_processed/043/a03-014.png,/home/lorenzo/Documenti/GitHub/HandVerify/datasets/processed-handwritten/iam_processed/442/k04-033.png,impostor,-0.24155038595199585,0.6469272971153259,-0.8884776830673218,
/home/lorenzo/Documenti/GitHub/HandVerify/datasets/processed-handwritten/iam_processed/444/k04-061.png,/home/lorenzo/Documenti/GitHub/HandVerify/datasets/processed-handwritten/iam_processed/550/m04-231.png,impostor,-0.21683838963508606,0.6469272971153259,-0.863765686750412,
/home/lorenzo/Documenti/GitHub/HandVerify/datasets/processed-handwritten/iam_processed/337/g06-042f.png,/home/lorenzo/Documenti/GitHub/HandVerify/datasets/processed-handwritten/iam_processed/337/g06-018f.png,genuine,0.9928101897239685,0.6469272971153259,0.3458828926086426,
/home/lorenzo/Documenti/GitHub/HandVerify/datasets/processed-handwritten/iam_processed/133/b06-100.png,/home/lorenzo/Documenti/GitHub/HandVerify/datasets/processed-handwritten/iam_processed/627/p03-151.png,impostor,0.5868774056434631,0.6469272971153259,-0.06004989147186279,
/home/lorenzo/Documenti/GitHub/HandVerify/datasets/processed-handwritten/iam_processed/384/h06-085.png,/home/lorenzo/Documenti/GitHub/HandVerify/datasets/processed-handwritten/iam_processed/384/h06-092.png,genuine,0.7751396894454956,0.6469272971153259,0.12821239233016968,
/home/lorenzo/Documenti/GitHub/HandVerify/datasets/processed-handwritten/iam_processed/350/g07-014b.png,/home/lorenzo/Documenti/GitHub/HandVerify/datasets/processed-handwritten/iam_processed/518/m01-149.png,impostor,0.19586467742919922,0.6469272971153259,-0.4510626196861267,
/home/lorenzo/Documenti/GitHub/HandVerify/datasets/processed-handwritten/iam_processed/229/e02-117.png,/home/lorenzo/Documenti/GitHub/HandVerify/datasets/processed-handwritten/iam_processed/332/g06-045a.png,impostor,-0.02531670220196247,0.6469272971153259,-0.6722439993172884,
/home/lorenzo/Documenti/GitHub/HandVerify/datasets/processed-handwritten/iam_processed/061/a04-050.png,/home/lorenzo/Documenti/GitHub/HandVerify/datasets/processed-handwritten/iam_processed/332/g06-026a.png,impostor,0.5513157844543457,0.6469272971153259,-0.09561151266098022,
/home/lorenzo/Documenti/GitHub/HandVerify/datasets/processed-handwritten/iam_processed/288/f07-032a.png,/home/lorenzo/Documenti/GitHub/HandVerify/datasets/processed-handwritten/iam_processed/581/n03-126.png,impostor,-0.24520698189735413,0.6469272971153259,-0.89213427901268,
/home/lorenzo/Documenti/GitHub/HandVerify/datasets/processed-handwritten/iam_processed/294/g07-000a.png,/home/lorenzo/Documenti/GitHub/HandVerify/datasets/processed-handwritten/iam_processed/384/h06-085.png,impostor,0.01620129495859146,0.6469272971153259,-0.6307260021567345,
/home/lorenzo/Documenti/GitHub/HandVerify/datasets/processed-handwritten/iam_processed/337/g06-011f.png,/home/lorenzo/Documenti/GitHub/HandVerify/datasets/processed-handwritten/iam_processed/337/g06-037f.png,genuine,0.9943479299545288,0.6469272971153259,0.3474206328392029,
/home/lorenzo/Documenti/GitHub/HandVerify/datasets/processed-handwritten/iam_processed/337/g06-031f.png,/home/lorenzo/Documenti/GitHub/HandVerify/datasets/processed-handwritten/iam_processed/337/g06-011f.png,genuine,0.970033586025238,0.6469272971153259,0.3231062889099121,
/home/lorenzo/Documenti/GitHub/HandVerify/datasets/processed-handwritten/iam_processed/384/j06-005.png,/home/lorenzo/Documenti/GitHub/HandVerify/datasets/processed-handwritten/iam_processed/384/h06-092.png,genuine,0.7534973621368408,0.6469272971153259,0.10657006502151489,
/home/lorenzo/Documenti/GitHub/HandVerify/datasets/processed-handwritten/iam_processed/293/f07-088b.png,/home/lorenzo/Documenti/GitHub/HandVerify/datasets/processed-handwritten/iam_processed/327/g04-081.png,impostor,-0.1942989081144333,0.6469272971153259,-0.8412262052297592,
/home/lorenzo/Documenti/GitHub/HandVerify/datasets/processed-handwritten/iam_processed/368/h02-024.png,/home/lorenzo/Documenti/GitHub/HandVerify/datasets/processed-handwritten/iam_processed/384/j06-008.png,impostor,-0.11321068555116653,0.6469272971153259,-0.7601379826664925,
/home/lorenzo/Documenti/GitHub/HandVerify/datasets/processed-handwritten/iam_processed/384/h06-079.png,/home/lorenzo/Documenti/GitHub/HandVerify/datasets/processed-handwritten/iam_processed/384/h06-082.png,genuine,0.5335794687271118,0.6469272971153259,-0.11334782838821411,false_reject
/home/lorenzo/Documenti/GitHub/HandVerify/datasets/processed-handwritten/iam_processed/010/a01-020x.png,/home/lorenzo/Documenti/GitHub/HandVerify/datasets/processed-handwritten/iam_processed/010/a01-030x.png,genuine,0.9818758368492126,0.6469272971153259,0.3349485397338867,
/home/lorenzo/Documenti/GitHub/HandVerify/datasets/processed-handwritten/iam_processed/332/g06-018a.png,/home/lorenzo/Documenti/GitHub/HandVerify/datasets/processed-handwritten/iam_processed/332/g06-050a.png,genuine,0.905022382736206,0.6469272971153259,0.2580950856208801,
/home/lorenzo/Documenti/GitHub/HandVerify/datasets/processed-handwritten/iam_processed/344/g06-050m.png,/home/lorenzo/Documenti/GitHub/HandVerify/datasets/processed-handwritten/iam_processed/556/n01-036.png,impostor,0.1700718104839325,0.6469272971153259,-0.47685548663139343,
/home/lorenzo/Documenti/GitHub/HandVerify/datasets/processed-handwritten/iam_processed/384/h06-089.png,/home/lorenzo/Documenti/GitHub/HandVerify/datasets/processed-handwritten/iam_processed/384/h06-092.png,genuine,0.8303003907203674,0.6469272971153259,0.1833730936050415,
/home/lorenzo/Documenti/GitHub/HandVerify/datasets/processed-handwritten/iam_processed/344/g06-011m.png,/home/lorenzo/Documenti/GitHub/HandVerify/datasets/processed-handwritten/iam_processed/660/r03-030.png,impostor,-0.449990838766098,0.6469272971153259,-1.096918135881424,
/home/lorenzo/Documenti/GitHub/HandVerify/datasets/processed-handwritten/iam_processed/137/c02-000.png,/home/lorenzo/Documenti/GitHub/HandVerify/datasets/processed-handwritten/iam_processed/456/k07-152.png,impostor,0.35575610399246216,0.6469272971153259,-0.29117119312286377,
/home/lorenzo/Documenti/GitHub/HandVerify/datasets/processed-handwritten/iam_processed/212/e01-035.png,/home/lorenzo/Documenti/GitHub/HandVerify/datasets/processed-handwritten/iam_processed/344/g06-037m.png,impostor,0.10112994909286499,0.6469272971153259,-0.5457973480224609,
/home/lorenzo/Documenti/GitHub/HandVerify/datasets/processed-handwritten/iam_processed/150/c03-000a.png,/home/lorenzo/Documenti/GitHub/HandVerify/datasets/processed-handwritten/iam_processed/150/c03-003a.png,genuine,0.9802679419517517,0.6469272971153259,0.3333406448364258,
/home/lorenzo/Documenti/GitHub/HandVerify/datasets/processed-handwritten/iam_processed/344/g06-018m.png,/home/lorenzo/Documenti/GitHub/HandVerify/datasets/processed-handwritten/iam_processed/344/g06-031m.png,genuine,0.8219987154006958,0.6469272971153259,0.17507141828536987,
/home/lorenzo/Documenti/GitHub/HandVerify/datasets/processed-handwritten/iam_processed/288/f07-019a.png,/home/lorenzo/Documenti/GitHub/HandVerify/datasets/processed-handwritten/iam_processed/583/n04-068.png,impostor,-0.21247126162052155,0.6469272971153259,-0.8593985587358475,
/home/lorenzo/Documenti/GitHub/HandVerify/datasets/processed-handwritten/iam_processed/165/c04-128.png,/home/lorenzo/Documenti/GitHub/HandVerify/datasets/processed-handwritten/iam_processed/552/m06-048.png,impostor,0.6958754062652588,0.6469272971153259,0.04894810914993286,false_accept
/home/lorenzo/Documenti/GitHub/HandVerify/datasets/processed-handwritten/iam_processed/456/k07-185.png,/home/lorenzo/Documenti/GitHub/HandVerify/datasets/processed-handwritten/iam_processed/585/n04-163.png,impostor,-0.2811890244483948,0.6469272971153259,-0.9281163215637207,
/home/lorenzo/Documenti/GitHub/HandVerify/datasets/processed-handwritten/iam_processed/552/m06-083.png,/home/lorenzo/Documenti/GitHub/HandVerify/datasets/processed-handwritten/iam_processed/552/m06-048.png,genuine,0.9621841907501221,0.6469272971153259,0.31525689363479614,
/home/lorenzo/Documenti/GitHub/HandVerify/datasets/processed-handwritten/iam_processed/285/f07-042a.png,/home/lorenzo/Documenti/GitHub/HandVerify/datasets/processed-handwritten/iam_processed/456/k07-176.png,impostor,0.24372965097427368,0.6469272971153259,-0.40319764614105225,
/home/lorenzo/Documenti/GitHub/HandVerify/datasets/processed-handwritten/iam_processed/296/g01-016.png,/home/lorenzo/Documenti/GitHub/HandVerify/datasets/processed-handwritten/iam_processed/339/g06-050h.png,impostor,-0.3940359055995941,0.6469272971153259,-1.04096320271492,
/home/lorenzo/Documenti/GitHub/HandVerify/datasets/processed-handwritten/iam_processed/250/f01-058.png,/home/lorenzo/Documenti/GitHub/HandVerify/datasets/processed-handwritten/iam_processed/288/f07-028a.png,impostor,-0.15790210664272308,0.6469272971153259,-0.804829403758049,
/home/lorenzo/Documenti/GitHub/HandVerify/datasets/processed-handwritten/iam_processed/296/g01-019.png,/home/lorenzo/Documenti/GitHub/HandVerify/datasets/processed-handwritten/iam_processed/462/l01-082.png,impostor,-0.3555879592895508,0.6469272971153259,-1.0025152564048767,
/home/lorenzo/Documenti/GitHub/HandVerify/datasets/processed-handwritten/iam_processed/277/f04-039.png,/home/lorenzo/Documenti/GitHub/HandVerify/datasets/processed-handwritten/iam_processed/293/f07-101b.png,impostor,-0.2719701826572418,0.6469272971153259,-0.9188974797725677,
/home/lorenzo/Documenti/GitHub/HandVerify/datasets/processed-handwritten/iam_processed/344/g06-031m.png,/home/lorenzo/Documenti/GitHub/HandVerify/datasets/processed-handwritten/iam_processed/344/g06-042m.png,genuine,0.9623656272888184,0.6469272971153259,0.31543833017349243,
/home/lorenzo/Documenti/GitHub/HandVerify/datasets/processed-handwritten/iam_processed/294/g07-000a.png,/home/lorenzo/Documenti/GitHub/HandVerify/datasets/processed-handwritten/iam_processed/585/n04-149.png,impostor,-0.09579883515834808,0.6469272971153259,-0.742726132273674,
/home/lorenzo/Documenti/GitHub/HandVerify/datasets/processed-handwritten/iam_processed/043/a03-014.png,/home/lorenzo/Documenti/GitHub/HandVerify/datasets/processed-handwritten/iam_processed/341/g06-042j.png,impostor,0.21842585504055023,0.6469272971153259,-0.4285014420747757,
/home/lorenzo/Documenti/GitHub/HandVerify/datasets/processed-handwritten/iam_processed/339/g06-026h.png,/home/lorenzo/Documenti/GitHub/HandVerify/datasets/processed-handwritten/iam_processed/339/g06-050h.png,genuine,0.8593012690544128,0.6469272971153259,0.21237397193908691,
/home/lorenzo/Documenti/GitHub/HandVerify/datasets/processed-handwritten/iam_processed/293/f07-096.png,/home/lorenzo/Documenti/GitHub/HandVerify/datasets/processed-handwritten/iam_processed/293/f07-101b.png,genuine,0.9155539274215698,0.6469272971153259,0.2686266303062439,
/home/lorenzo/Documenti/GitHub/HandVerify/datasets/processed-handwritten/iam_processed/332/g06-018a.png,/home/lorenzo/Documenti/GitHub/HandVerify/datasets/processed-handwritten/iam_processed/653/r02-131.png,impostor,0.44785815477371216,0.6469272971153259,-0.19906914234161377,
/home/lorenzo/Documenti/GitHub/HandVerify/datasets/processed-handwritten/iam_processed/339/g06-026h.png,/home/lorenzo/Documenti/GitHub/HandVerify/datasets/processed-handwritten/iam_processed/339/g06-045h.png,genuine,0.9106460809707642,0.6469272971153259,0.26371878385543823,
/home/lorenzo/Documenti/GitHub/HandVerify/datasets/processed-handwritten/iam_processed/454/k07-059a.png,/home/lorenzo/Documenti/GitHub/HandVerify/datasets/processed-handwritten/iam_processed/454/k07-077.png,genuine,0.9709170460700989,0.6469272971153259,0.32398974895477295,
/home/lorenzo/Documenti/GitHub/HandVerify/datasets/processed-handwritten/iam_processed/384/j06-000.png,/home/lorenzo/Documenti/GitHub/HandVerify/datasets/processed-handwritten/iam_processed/384/h06-085.png,genuine,0.7691062092781067,0.6469272971153259,0.12217891216278076,
/home/lorenzo/Documenti/GitHub/HandVerify/datasets/processed-handwritten/iam_processed/552/m06-076.png,/home/lorenzo/Documenti/GitHub/HandVerify/datasets/processed-handwritten/iam_processed/552/m06-067.png,genuine,0.9445995092391968,0.6469272971153259,0.29767221212387085,
/home/lorenzo/Documenti/GitHub/HandVerify/datasets/processed-handwritten/iam_processed/552/m06-098.png,/home/lorenzo/Documenti/GitHub/HandVerify/datasets/processed-handwritten/iam_processed/552/m06-106.png,genuine,0.9576141238212585,0.6469272971153259,0.3106868267059326,
/home/lorenzo/Documenti/GitHub/HandVerify/datasets/processed-handwritten/iam_processed/079/a06-090.png,/home/lorenzo/Documenti/GitHub/HandVerify/datasets/processed-handwritten/iam_processed/384/h06-096.png,impostor,-0.1073632463812828,0.6469272971153259,-0.7542905434966087,
/home/lorenzo/Documenti/GitHub/HandVerify/datasets/processed-handwritten/iam_processed/150/c03-000a.png,/home/lorenzo/Documenti/GitHub/HandVerify/datasets/processed-handwritten/iam_processed/344/g06-011m.png,impostor,-0.44240060448646545,0.6469272971153259,-1.0893279016017914,
/home/lorenzo/Documenti/GitHub/HandVerify/datasets/processed-handwritten/iam_processed/039/a02-120.png,/home/lorenzo/Documenti/GitHub/HandVerify/datasets/processed-handwritten/iam_processed/350/g07-003b.png,impostor,0.08508753776550293,0.6469272971153259,-0.561839759349823,
/home/lorenzo/Documenti/GitHub/HandVerify/datasets/processed-handwritten/iam_processed/341/g06-011j.png,/home/lorenzo/Documenti/GitHub/HandVerify/datasets/processed-handwritten/iam_processed/341/g06-031j.png,genuine,0.9401065111160278,0.6469272971153259,0.2931792140007019,
/home/lorenzo/Documenti/GitHub/HandVerify/datasets/processed-handwritten/iam_processed/087/b01-009.png,/home/lorenzo/Documenti/GitHub/HandVerify/datasets/processed-handwritten/iam_processed/150/c03-007a.png,impostor,-0.19525709748268127,0.6469272971153259,-0.8421843945980072,
/home/lorenzo/Documenti/GitHub/HandVerify/datasets/processed-handwritten/iam_processed/332/g06-045a.png,/home/lorenzo/Documenti/GitHub/HandVerify/datasets/processed-handwritten/iam_processed/332/g06-031a.png,genuine,0.7757139801979065,0.6469272971153259,0.12878668308258057,
/home/lorenzo/Documenti/GitHub/HandVerify/datasets/processed-handwritten/iam_processed/363/h02-008.png,/home/lorenzo/Documenti/GitHub/HandVerify/datasets/processed-handwritten/iam_processed/384/h06-082.png,impostor,0.44828909635543823,0.6469272971153259,-0.1986382007598877,
/home/lorenzo/Documenti/GitHub/HandVerify/datasets/processed-handwritten/iam_processed/337/g06-050f.png,/home/lorenzo/Documenti/GitHub/HandVerify/datasets/processed-handwritten/iam_processed/337/g06-047f.png,genuine,0.859895646572113,0.6469272971153259,0.2129683494567871,
/home/lorenzo/Documenti/GitHub/HandVerify/datasets/processed-handwritten/iam_processed/178/d01-060.png,/home/lorenzo/Documenti/GitHub/HandVerify/datasets/processed-handwritten/iam_processed/213/e01-059.png,impostor,0.18280154466629028,0.6469272971153259,-0.46412575244903564,
/home/lorenzo/Documenti/GitHub/HandVerify/datasets/processed-handwritten/iam_processed/344/g06-037m.png,/home/lorenzo/Documenti/GitHub/HandVerify/datasets/processed-handwritten/iam_processed/344/g06-045m.png,genuine,0.9778130054473877,0.6469272971153259,0.33088570833206177,
/home/lorenzo/Documenti/GitHub/HandVerify/datasets/processed-handwritten/iam_processed/384/j06-014.png,/home/lorenzo/Documenti/GitHub/HandVerify/datasets/processed-handwritten/iam_processed/384/j06-008.png,genuine,0.8330464959144592,0.6469272971153259,0.1861191987991333,
/home/lorenzo/Documenti/GitHub/HandVerify/datasets/processed-handwritten/iam_processed/339/g06-045h.png,/home/lorenzo/Documenti/GitHub/HandVerify/datasets/processed-handwritten/iam_processed/339/g06-050h.png,genuine,0.8575758934020996,0.6469272971153259,0.21064859628677368,
/home/lorenzo/Documenti/GitHub/HandVerify/datasets/processed-handwritten/iam_processed/552/m06-083.png,/home/lorenzo/Documenti/GitHub/HandVerify/datasets/processed-handwritten/iam_processed/552/m06-042.png,genuine,0.9778616428375244,0.6469272971153259,0.3309343457221985,
/home/lorenzo/Documenti/GitHub/HandVerify/datasets/processed-handwritten/iam_processed/384/j06-000.png,/home/lorenzo/Documenti/GitHub/HandVerify/datasets/processed-handwritten/iam_processed/384/j06-005.png,genuine,0.9802347421646118,0.6469272971153259,0.3333074450492859,
/home/lorenzo/Documenti/GitHub/HandVerify/datasets/processed-handwritten/iam_processed/078/a06-075.png,/home/lorenzo/Documenti/GitHub/HandVerify/datasets/processed-handwritten/iam_processed/135/c01-009.png,impostor,0.27748608589172363,0.6469272971153259,-0.3694412112236023,
/home/lorenzo/Documenti/GitHub/HandVerify/datasets/processed-handwritten/iam_processed/133/b06-064.png,/home/lorenzo/Documenti/GitHub/HandVerify/datasets/processed-handwritten/iam_processed/133/c06-043.png,genuine,0.8040159344673157,0.6469272971153259,0.15708863735198975,
/home/lorenzo/Documenti/GitHub/HandVerify/datasets/processed-handwritten/iam_processed/296/g01-012.png,/home/lorenzo/Documenti/GitHub/HandVerify/datasets/processed-handwritten/iam_processed/583/n04-048.png,impostor,-0.0025233812630176544,0.6469272971153259,-0.6494506783783436,
/home/lorenzo/Documenti/GitHub/HandVerify/datasets/processed-handwritten/iam_processed/150/c03-087a.png,/home/lorenzo/Documenti/GitHub/HandVerify/datasets/processed-handwritten/iam_processed/150/c03-084a.png,genuine,0.9620884656906128,0.6469272971153259,0.31516116857528687,
/home/lorenzo/Documenti/GitHub/HandVerify/datasets/processed-handwritten/iam_processed/147/c02-078.png,/home/lorenzo/Documenti/GitHub/HandVerify/datasets/processed-handwritten/iam_processed/332/g06-031a.png,impostor,0.42053717374801636,0.6469272971153259,-0.22639012336730957,
/home/lorenzo/Documenti/GitHub/HandVerify/datasets/processed-handwritten/iam_processed/552/m06-098.png,/home/lorenzo/Documenti/GitHub/HandVerify/datasets/processed-handwritten/iam_processed/552/m06-083.png,genuine,0.989107608795166,0.6469272971153259,0.3421803116798401,
/home/lorenzo/Documenti/GitHub/HandVerify/datasets/processed-handwritten/iam_processed/341/g06-042j.png,/home/lorenzo/Documenti/GitHub/HandVerify/datasets/processed-handwritten/iam_processed/552/m06-091.png,impostor,0.09009208530187607,0.6469272971153259,-0.5568352118134499,
/home/lorenzo/Documenti/GitHub/HandVerify/datasets/processed-handwritten/iam_processed/337/g06-026f.png,/home/lorenzo/Documenti/GitHub/HandVerify/datasets/processed-handwritten/iam_processed/337/g06-042f.png,genuine,0.9755411148071289,0.6469272971153259,0.328613817691803,
/home/lorenzo/Documenti/GitHub/HandVerify/datasets/processed-handwritten/iam_processed/454/k07-067a.png,/home/lorenzo/Documenti/GitHub/HandVerify/datasets/processed-handwritten/iam_processed/454/k07-063a.png,genuine,0.9302453994750977,0.6469272971153259,0.28331810235977173,
/home/lorenzo/Documenti/GitHub/HandVerify/datasets/processed-handwritten/iam_processed/556/n01-036.png,/home/lorenzo/Documenti/GitHub/HandVerify/datasets/processed-handwritten/iam_processed/585/n04-156.png,impostor,-0.48456400632858276,0.6469272971153259,-1.1314913034439087,
/home/lorenzo/Documenti/GitHub/HandVerify/datasets/processed-handwritten/iam_processed/210/e01-018.png,/home/lorenzo/Documenti/GitHub/HandVerify/datasets/processed-handwritten/iam_processed/250/f01-058.png,impostor,-0.3830273747444153,0.6469272971153259,-1.0299546718597412,
/home/lorenzo/Documenti/GitHub/HandVerify/datasets/processed-handwritten/iam_processed/337/g06-031f.png,/home/lorenzo/Documenti/GitHub/HandVerify/datasets/processed-handwritten/iam_processed/337/g06-037f.png,genuine,0.9882745742797852,0.6469272971153259,0.34134727716445923,
/home/lorenzo/Documenti/GitHub/HandVerify/datasets/processed-handwritten/iam_processed/337/g06-047f.png,/home/lorenzo/Documenti/GitHub/HandVerify/datasets/processed-handwritten/iam_processed/337/g06-042f.png,genuine,0.9521006345748901,0.6469272971153259,0.3051733374595642,
/home/lorenzo/Documenti/GitHub/HandVerify/datasets/processed-handwritten/iam_processed/456/k07-185.png,/home/lorenzo/Documenti/GitHub/HandVerify/datasets/processed-handwritten/iam_processed/456/k07-166.png,genuine,0.9562228322029114,0.6469272971153259,0.30929553508758545,
/home/lorenzo/Documenti/GitHub/HandVerify/datasets/processed-handwritten/iam_processed/350/g07-007b.png,/home/lorenzo/Documenti/GitHub/HandVerify/datasets/processed-handwritten/iam_processed/350/g07-010b.png,genuine,0.8229756355285645,0.6469272971153259,0.17604833841323853,
/home/lorenzo/Documenti/GitHub/HandVerify/datasets/processed-handwritten/iam_processed/285/g07-079a.png,/home/lorenzo/Documenti/GitHub/HandVerify/datasets/processed-handwritten/iam_processed/285/f07-046a.png,genuine,0.9890540838241577,0.6469272971153259,0.3421267867088318,
/home/lorenzo/Documenti/GitHub/HandVerify/datasets/processed-handwritten/iam_processed/213/e01-059.png,/home/lorenzo/Documenti/GitHub/HandVerify/datasets/processed-handwritten/iam_processed/350/g07-014b.png,impostor,-0.15496394038200378,0.6469272971153259,-0.8018912374973297,
/home/lorenzo/Documenti/GitHub/HandVerify/datasets/processed-handwritten/iam_processed/165/c04-080.png,/home/lorenzo/Documenti/GitHub/HandVerify/datasets/processed-handwritten/iam_processed/603/p02-115.png,impostor,-0.2545182704925537,0.6469272971153259,-0.9014455676078796,
/home/lorenzo/Documenti/GitHub/HandVerify/datasets/processed-handwritten/iam_processed/384/j06-000.png,/home/lorenzo/Documenti/GitHub/HandVerify/datasets/processed-handwritten/iam_processed/454/k07-059a.png,impostor,-0.2015407383441925,0.6469272971153259,-0.8484680354595184,
/home/lorenzo/Documenti/GitHub/HandVerify/datasets/processed-handwritten/iam_processed/344/g06-047m.png,/home/lorenzo/Documenti/GitHub/HandVerify/datasets/processed-handwritten/iam_processed/344/g06-045m.png,genuine,0.824741542339325,0.6469272971153259,0.17781424522399902,
/home/lorenzo/Documenti/GitHub/HandVerify/datasets/processed-handwritten/iam_processed/585/n04-156.png,/home/lorenzo/Documenti/GitHub/HandVerify/datasets/processed-handwritten/iam_processed/585/n04-130.png,genuine,0.8001854419708252,0.6469272971153259,0.15325814485549927,
/home/lorenzo/Documenti/GitHub/HandVerify/datasets/processed-handwritten/iam_processed/133/b06-100.png,/home/lorenzo/Documenti/GitHub/HandVerify/datasets/processed-handwritten/iam_processed/133/c06-080.png,genuine,0.8809093832969666,0.6469272971153259,0.23398208618164062,
/home/lorenzo/Documenti/GitHub/HandVerify/datasets/processed-handwritten/iam_processed/307/g02-073.png,/home/lorenzo/Documenti/GitHub/HandVerify/datasets/processed-handwritten/iam_processed/341/g06-037j.png,impostor,0.4659682512283325,0.6469272971153259,-0.1809590458869934,
/home/lorenzo/Documenti/GitHub/HandVerify/datasets/processed-handwritten/iam_processed/110/b04-089.png,/home/lorenzo/Documenti/GitHub/HandVerify/datasets/processed-handwritten/iam_processed/550/m04-246.png,impostor,0.1574934422969818,0.6469272971153259,-0.4894338548183441,
/home/lorenzo/Documenti/GitHub/HandVerify/datasets/processed-handwritten/iam_processed/277/f04-043.png,/home/lorenzo/Documenti/GitHub/HandVerify/datasets/processed-handwritten/iam_processed/277/f04-039.png,genuine,0.9426099061965942,0.6469272971153259,0.2956826090812683,
/home/lorenzo/Documenti/GitHub/HandVerify/datasets/processed-handwritten/iam_processed/339/g06-018h.png,/home/lorenzo/Documenti/GitHub/HandVerify/datasets/processed-handwritten/iam_processed/339/g06-011h.png,genuine,0.9232275485992432,0.6469272971153259,0.27630025148391724,
/home/lorenzo/Documenti/GitHub/HandVerify/datasets/processed-handwritten/iam_processed/288/f07-024a.png,/home/lorenzo/Documenti/GitHub/HandVerify/datasets/processed-handwritten/iam_processed/288/f07-021a.png,genuine,0.9610887765884399,0.6469272971153259,0.314161479473114,
/home/lorenzo/Documenti/GitHub/HandVerify/datasets/processed-handwritten/iam_processed/150/c03-007a.png,/home/lorenzo/Documenti/GitHub/HandVerify/datasets/processed-handwritten/iam_processed/150/c03-016a.png,genuine,0.9047160148620605,0.6469272971153259,0.2577887177467346,
/home/lorenzo/Documenti/GitHub/HandVerify/datasets/processed-handwritten/iam_processed/288/f07-032a.png,/home/lorenzo/Documenti/GitHub/HandVerify/datasets/processed-handwritten/iam_processed/288/f07-021a.png,genuine,0.970090389251709,0.6469272971153259,0.32316309213638306,
/home/lorenzo/Documenti/GitHub/HandVerify/datasets/processed-handwritten/iam_processed/332/g06-045a.png,/home/lorenzo/Documenti/GitHub/HandVerify/datasets/processed-handwritten/iam_processed/552/m06-056.png,impostor,-0.17144092917442322,0.6469272971153259,-0.8183682262897491,
/home/lorenzo/Documenti/GitHub/HandVerify/datasets/processed-handwritten/iam_processed/133/c06-080.png,/home/lorenzo/Documenti/GitHub/HandVerify/datasets/processed-handwritten/iam_processed/341/g06-031j.png,impostor,0.3150245249271393,0.6469272971153259,-0.33190277218818665,
/home/lorenzo/Documenti/GitHub/HandVerify/datasets/processed-handwritten/iam_processed/061/a04-054.png,/home/lorenzo/Documenti/GitHub/HandVerify/datasets/processed-handwritten/iam_processed/344/g06-047m.png,impostor,0.6826527118682861,0.6469272971153259,0.035725414752960205,false_accept
/home/lorenzo/Documenti/GitHub/HandVerify/datasets/processed-handwritten/iam_processed/110/b04-089.png,/home/lorenzo/Documenti/GitHub/HandVerify/datasets/processed-handwritten/iam_processed/454/k07-067a.png,impostor,-0.22416599094867706,0.6469272971153259,-0.871093288064003,
/home/lorenzo/Documenti/GitHub/HandVerify/datasets/processed-handwritten/iam_processed/250/f01-053.png,/home/lorenzo/Documenti/GitHub/HandVerify/datasets/processed-handwritten/iam_processed/250/f01-058.png,genuine,0.9560320973396301,0.6469272971153259,0.3091048002243042,
/home/lorenzo/Documenti/GitHub/HandVerify/datasets/processed-handwritten/iam_processed/024/a02-012.png,/home/lorenzo/Documenti/GitHub/HandVerify/datasets/processed-handwritten/iam_processed/384/j06-014.png,impostor,0.5326184630393982,0.6469272971153259,-0.11430883407592773,
/home/lorenzo/Documenti/GitHub/HandVerify/datasets/processed-handwritten/iam_processed/552/m06-056.png,/home/lorenzo/Documenti/GitHub/HandVerify/datasets/processed-handwritten/iam_processed/552/m06-106.png,genuine,0.906115710735321,0.6469272971153259,0.2591884136199951,
/home/lorenzo/Documenti/GitHub/HandVerify/datasets/processed-handwritten/iam_processed/585/n04-163.png,/home/lorenzo/Documenti/GitHub/HandVerify/datasets/processed-handwritten/iam_processed/585/n04-139.png,genuine,0.9496761560440063,0.6469272971153259,0.3027488589286804,
/home/lorenzo/Documenti/GitHub/HandVerify/datasets/processed-handwritten/iam_processed/178/d01-056.png,/home/lorenzo/Documenti/GitHub/HandVerify/datasets/processed-handwritten/iam_processed/212/e01-032.png,impostor,-0.1973734050989151,0.6469272971153259,-0.844300702214241,
/home/lorenzo/Documenti/GitHub/HandVerify/datasets/processed-handwritten/iam_processed/339/g06-031h.png,/home/lorenzo/Documenti/GitHub/HandVerify/datasets/processed-handwritten/iam_processed/339/g06-047h.png,genuine,0.5258049964904785,0.6469272971153259,-0.12112230062484741,false_reject
/home/lorenzo/Documenti/GitHub/HandVerify/datasets/processed-handwritten/iam_processed/384/h06-096.png,/home/lorenzo/Documenti/GitHub/HandVerify/datasets/processed-handwritten/iam_processed/384/h06-082.png,genuine,0.649396538734436,0.6469272971153259,0.0024692416191101074,
/home/lorenzo/Documenti/GitHub/HandVerify/datasets/processed-handwritten/iam_processed/585/n04-149.png,/home/lorenzo/Documenti/GitHub/HandVerify/datasets/processed-handwritten/iam_processed/585/n04-163.png,genuine,0.9513678550720215,0.6469272971153259,0.30444055795669556,
/home/lorenzo/Documenti/GitHub/HandVerify/datasets/processed-handwritten/iam_processed/150/c03-016a.png,/home/lorenzo/Documenti/GitHub/HandVerify/datasets/processed-handwritten/iam_processed/150/c03-084a.png,genuine,0.8946563005447388,0.6469272971153259,0.24772900342941284,
/home/lorenzo/Documenti/GitHub/HandVerify/datasets/processed-handwritten/iam_processed/441/k04-014.png,/home/lorenzo/Documenti/GitHub/HandVerify/datasets/processed-handwritten/iam_processed/537/m03-013.png,impostor,-0.02455247938632965,0.6469272971153259,-0.6714797765016556,
/home/lorenzo/Documenti/GitHub/HandVerify/datasets/processed-handwritten/iam_processed/341/g06-050j.png,/home/lorenzo/Documenti/GitHub/HandVerify/datasets/processed-handwritten/iam_processed/341/g06-047j.png,genuine,0.9534813165664673,0.6469272971153259,0.30655401945114136,
/home/lorenzo/Documenti/GitHub/HandVerify/datasets/processed-handwritten/iam_processed/337/g06-045f.png,/home/lorenzo/Documenti/GitHub/HandVerify/datasets/processed-handwritten/iam_processed/599/p02-081.png,impostor,-0.3064364492893219,0.6469272971153259,-0.9533637464046478,
/home/lorenzo/Documenti/GitHub/HandVerify/datasets/processed-handwritten/iam_processed/456/k07-176.png,/home/lorenzo/Documenti/GitHub/HandVerify/datasets/processed-handwritten/iam_processed/456/k07-152.png,genuine,0.8340931534767151,0.6469272971153259,0.18716585636138916,
/home/lorenzo/Documenti/GitHub/HandVerify/datasets/processed-handwritten/iam_processed/384/h06-089.png,/home/lorenzo/Documenti/GitHub/HandVerify/datasets/processed-handwritten/iam_processed/384/h06-082.png,genuine,0.8779689073562622,0.6469272971153259,0.23104161024093628,
/home/lorenzo/Documenti/GitHub/HandVerify/datasets/processed-handwritten/iam_processed/165/c04-128.png,/home/lorenzo/Documenti/GitHub/HandVerify/datasets/processed-handwritten/iam_processed/441/k04-014.png,impostor,-0.00016993284225463867,0.6469272971153259,-0.6470972299575806,
/home/lorenzo/Documenti/GitHub/HandVerify/datasets/processed-handwritten/iam_processed/112/b04-134.png,/home/lorenzo/Documenti/GitHub/HandVerify/datasets/processed-handwritten/iam_processed/112/b04-140.png,genuine,0.9788234233856201,0.6469272971153259,0.3318961262702942,
/home/lorenzo/Documenti/GitHub/HandVerify/datasets/processed-handwritten/iam_processed/223/e02-074.png,/home/lorenzo/Documenti/GitHub/HandVerify/datasets/processed-handwritten/iam_processed/555/n01-020.png,impostor,-0.37247970700263977,0.6469272971153259,-1.0194070041179657,
/home/lorenzo/Documenti/GitHub/HandVerify/datasets/processed-handwritten/iam_processed/384/h06-089.png,/home/lorenzo/Documenti/GitHub/HandVerify/datasets/processed-handwritten/iam_processed/384/j06-014.png,genuine,0.8086959719657898,0.6469272971153259,0.16176867485046387,
/home/lorenzo/Documenti/GitHub/HandVerify/datasets/processed-handwritten/iam_processed/339/g06-037h.png,/home/lorenzo/Documenti/GitHub/HandVerify/datasets/processed-handwritten/iam_processed/339/g06-047h.png,genuine,0.5112870931625366,0.6469272971153259,-0.1356402039527893,false_reject
/home/lorenzo/Documenti/GitHub/HandVerify/datasets/processed-handwritten/iam_processed/552/m06-083.png,/home/lorenzo/Documenti/GitHub/HandVerify/datasets/processed-handwritten/iam_processed/583/n04-048.png,impostor,-0.06391787528991699,0.6469272971153259,-0.7108451724052429,
/home/lorenzo/Documenti/GitHub/HandVerify/datasets/processed-handwritten/iam_processed/341/g06-026j.png,/home/lorenzo/Documenti/GitHub/HandVerify/datasets/processed-handwritten/iam_processed/350/g07-003b.png,impostor,-0.23954929411411285,0.6469272971153259,-0.8864765912294388,
/home/lorenzo/Documenti/GitHub/HandVerify/datasets/processed-handwritten/iam_processed/236/e04-058.png,/home/lorenzo/Documenti/GitHub/HandVerify/datasets/processed-handwritten/iam_processed/344/g06-026m.png,impostor,0.385698527097702,0.6469272971153259,-0.2612287700176239,
/home/lorenzo/Documenti/GitHub/HandVerify/datasets/processed-handwritten/iam_processed/293/f07-088b.png,/home/lorenzo/Documenti/GitHub/HandVerify/datasets/processed-handwritten/iam_processed/356/h01-000.png,impostor,0.09187811613082886,0.6469272971153259,-0.5550491809844971,
/home/lorenzo/Documenti/GitHub/HandVerify/datasets/processed-handwritten/iam_processed/285/f07-039a.png,/home/lorenzo/Documenti/GitHub/HandVerify/datasets/processed-handwritten/iam_processed/285/f07-046a.png,genuine,0.9933510422706604,0.6469272971153259,0.3464237451553345,
/home/lorenzo/Documenti/GitHub/HandVerify/datasets/processed-handwritten/iam_processed/293/f07-096.png,/home/lorenzo/Documenti/GitHub/HandVerify/datasets/processed-handwritten/iam_processed/384/j06-008.png,impostor,0.05029040575027466,0.6469272971153259,-0.5966368913650513,
/home/lorenzo/Documenti/GitHub/HandVerify/datasets/processed-handwritten/iam_processed/337/g06-026f.png,/home/lorenzo/Documenti/GitHub/HandVerify/datasets/processed-handwritten/iam_processed/337/g06-018f.png,genuine,0.9550845623016357,0.6469272971153259,0.3081572651863098,
/home/lorenzo/Documenti/GitHub/HandVerify/datasets/processed-handwritten/iam_processed/079/a06-090.png,/home/lorenzo/Documenti/GitHub/HandVerify/datasets/processed-handwritten/iam_processed/593/p02-000.png,impostor,-0.01217174343764782,0.6469272971153259,-0.6590990405529737,
/home/lorenzo/Documenti/GitHub/HandVerify/datasets/processed-handwritten/iam_processed/110/b04-089.png,/home/lorenzo/Documenti/GitHub/HandVerify/datasets/processed-handwritten/iam_processed/110/b04-081.png,genuine,0.917891800403595,0.6469272971153259,0.27096450328826904,
/home/lorenzo/Documenti/GitHub/HandVerify/datasets/processed-handwritten/iam_processed/150/c03-007a.png,/home/lorenzo/Documenti/GitHub/HandVerify/datasets/processed-handwritten/iam_processed/539/m03-033.png,impostor,-0.39637255668640137,0.6469272971153259,-1.0432998538017273,
/home/lorenzo/Documenti/GitHub/HandVerify/datasets/processed-handwritten/iam_processed/110/b04-089.png,/home/lorenzo/Documenti/GitHub/HandVerify/datasets/processed-handwritten/iam_processed/344/g06-045m.png,impostor,0.3205726444721222,0.6469272971153259,-0.32635465264320374,
/home/lorenzo/Documenti/GitHub/HandVerify/datasets/processed-handwritten/iam_processed/070/a06-025.png,/home/lorenzo/Documenti/GitHub/HandVerify/datasets/processed-handwritten/iam_processed/288/f07-024a.png,impostor,-0.14945662021636963,0.6469272971153259,-0.7963839173316956,
/home/lorenzo/Documenti/GitHub/HandVerify/datasets/processed-handwritten/iam_processed/210/e01-018.png,/home/lorenzo/Documenti/GitHub/HandVerify/datasets/processed-handwritten/iam_processed/337/g06-045f.png,impostor,0.345838725566864,0.6469272971153259,-0.3010885715484619,
/home/lorenzo/Documenti/GitHub/HandVerify/datasets/processed-handwritten/iam_processed/587/n04-209.png,/home/lorenzo/Documenti/GitHub/HandVerify/datasets/processed-handwritten/iam_processed/587/n04-218.png,genuine,0.6585243344306946,0.6469272971153259,0.011597037315368652,
/home/lorenzo/Documenti/GitHub/HandVerify/datasets/processed-handwritten/iam_processed/150/c03-007a.png,/home/lorenzo/Documenti/GitHub/HandVerify/datasets/processed-handwritten/iam_processed/150/c03-021a.png,genuine,0.9604156613349915,0.6469272971153259,0.3134883642196655,
/home/lorenzo/Documenti/GitHub/HandVerify/datasets/processed-handwritten/iam_processed/055/a03-063.png,/home/lorenzo/Documenti/GitHub/HandVerify/datasets/processed-handwritten/iam_processed/169/c04-139.png,impostor,0.41203540563583374,0.6469272971153259,-0.2348918914794922,
/home/lorenzo/Documenti/GitHub/HandVerify/datasets/processed-handwritten/iam_processed/116/b05-032.png,/home/lorenzo/Documenti/GitHub/HandVerify/datasets/processed-handwritten/iam_processed/644/r02-065.png,impostor,0.044144246727228165,0.6469272971153259,-0.6027830503880978,
/home/lorenzo/Documenti/GitHub/HandVerify/datasets/processed-handwritten/iam_processed/296/g01-016.png,/home/lorenzo/Documenti/GitHub/HandVerify/datasets/processed-handwritten/iam_processed/296/g01-019.png,genuine,0.9912290573120117,0.6469272971153259,0.3443017601966858,
/home/lorenzo/Documenti/GitHub/HandVerify/datasets/processed-handwritten/iam_processed/339/g06-047h.png,/home/lorenzo/Documenti/GitHub/HandVerify/datasets/processed-handwritten/iam_processed/552/m06-076.png,impostor,0.6951234936714172,0.6469272971153259,0.04819619655609131,false_accept
/home/lorenzo/Documenti/GitHub/HandVerify/datasets/processed-handwritten/iam_processed/412/j04-098.png,/home/lorenzo/Documenti/GitHub/HandVerify/datasets/processed-handwritten/iam_processed/552/m06-048.png,impostor,0.1189635694026947,0.6469272971153259,-0.5279637277126312,
/home/lorenzo/Documenti/GitHub/HandVerify/datasets/processed-handwritten/iam_processed/280/f04-061.png,/home/lorenzo/Documenti/GitHub/HandVerify/datasets/processed-handwritten/iam_processed/644/r02-065.png,impostor,0.09697595983743668,0.6469272971153259,-0.5499513372778893,
/home/lorenzo/Documenti/GitHub/HandVerify/datasets/processed-handwritten/iam_processed/339/g06-011h.png,/home/lorenzo/Documenti/GitHub/HandVerify/datasets/processed-handwritten/iam_processed/339/g06-042h.png,genuine,0.8629131317138672,0.6469272971153259,0.21598583459854126,
/home/lorenzo/Documenti/GitHub/HandVerify/datasets/processed-handwritten/iam_processed/552/m06-098.png,/home/lorenzo/Documenti/GitHub/HandVerify/datasets/processed-handwritten/iam_processed/552/m06-067.png,genuine,0.9195891618728638,0.6469272971153259,0.27266186475753784,
/home/lorenzo/Documenti/GitHub/HandVerify/datasets/processed-handwritten/iam_processed/294/g07-003a.png,/home/lorenzo/Documenti/GitHub/HandVerify/datasets/processed-handwritten/iam_processed/552/m06-098.png,impostor,-0.32105520367622375,0.6469272971153259,-0.9679825007915497,
/home/lorenzo/Documenti/GitHub/HandVerify/datasets/processed-handwritten/iam_processed/137/c02-000.png,/home/lorenzo/Documenti/GitHub/HandVerify/datasets/processed-handwritten/iam_processed/599/p02-076.png,impostor,0.09987921267747879,0.6469272971153259,-0.5470480844378471,
/home/lorenzo/Documenti/GitHub/HandVerify/datasets/processed-handwritten/iam_processed/384/j06-014.png,/home/lorenzo/Documenti/GitHub/HandVerify/datasets/processed-handwritten/iam_processed/622/p03-072.png,impostor,0.31136637926101685,0.6469272971153259,-0.3355609178543091,
/home/lorenzo/Documenti/GitHub/HandVerify/datasets/processed-handwritten/iam_processed/583/n04-048.png,/home/lorenzo/Documenti/GitHub/HandVerify/datasets/processed-handwritten/iam_processed/583/n04-060.png,genuine,0.9959768652915955,0.6469272971153259,0.34904956817626953,
/home/lorenzo/Documenti/GitHub/HandVerify/datasets/processed-handwritten/iam_processed/150/c03-094a.png,/home/lorenzo/Documenti/GitHub/HandVerify/datasets/processed-handwritten/iam_processed/150/c03-003a.png,genuine,0.9638292193412781,0.6469272971153259,0.31690192222595215,
/home/lorenzo/Documenti/GitHub/HandVerify/datasets/processed-handwritten/iam_processed/110/b04-096.png,/home/lorenzo/Documenti/GitHub/HandVerify/datasets/processed-handwritten/iam_processed/405/j04-046.png,impostor,0.16256792843341827,0.6469272971153259,-0.48435936868190765,
/home/lorenzo/Documenti/GitHub/HandVerify/datasets/processed-handwritten/iam_processed/043/a03-014.png,/home/lorenzo/Documenti/GitHub/HandVerify/datasets/processed-handwritten/iam_processed/384/h06-082.png,impostor,0.4041703939437866,0.6469272971153259,-0.2427569031715393,
/home/lorenzo/Documenti/GitHub/HandVerify/datasets/processed-handwritten/iam_processed/213/e01-050.png,/home/lorenzo/Documenti/GitHub/HandVerify/datasets/processed-handwritten/iam_processed/213/e01-062.png,genuine,0.5821436047554016,0.6469272971153259,-0.06478369235992432,false_reject
/home/lorenzo/Documenti/GitHub/HandVerify/datasets/processed-handwritten/iam_processed/288/f07-028a.png,/home/lorenzo/Documenti/GitHub/HandVerify/datasets/processed-handwritten/iam_processed/288/f07-019a.png,genuine,0.9922851920127869,0.6469272971153259,0.34535789489746094,
/home/lorenzo/Documenti/GitHub/HandVerify/datasets/processed-handwritten/iam_processed/344/g06-018m.png,/home/lorenzo/Documenti/GitHub/HandVerify/datasets/processed-handwritten/iam_processed/344/g06-042m.png,genuine,0.8313723206520081,0.6469272971153259,0.18444502353668213,
/home/lorenzo/Documenti/GitHub/HandVerify/datasets/processed-handwritten/iam_processed/061/a04-047.png,/home/lorenzo/Documenti/GitHub/HandVerify/datasets/processed-handwritten/iam_processed/061/a04-059.png,genuine,0.8297788500785828,0.6469272971153259,0.18285155296325684,
/home/lorenzo/Documenti/GitHub/HandVerify/datasets/processed-handwritten/iam_processed/339/g06-018h.png,/home/lorenzo/Documenti/GitHub/HandVerify/datasets/processed-handwritten/iam_processed/339/g06-047h.png,genuine,0.5766525864601135,0.6469272971153259,-0.0702747106552124,false_reject
/home/lorenzo/Documenti/GitHub/HandVerify/datasets/processed-handwritten/iam_processed/250/f01-058.png,/home/lorenzo/Documenti/GitHub/HandVerify/datasets/processed-handwritten/iam_processed/454/k07-077.png,impostor,0.0664643794298172,0.6469272971153259,-0.5804629176855087,
/home/lorenzo/Documenti/GitHub/HandVerify/datasets/processed-handwritten/iam_processed/071/a06-036.png,/home/lorenzo/Documenti/GitHub/HandVerify/datasets/processed-handwritten/iam_processed/550/m04-238.png,impostor,0.028012480586767197,0.6469272971153259,-0.6189148165285587,
/home/lorenzo/Documenti/GitHub/HandVerify/datasets/processed-handwritten/iam_processed/350/g07-010b.png,/home/lorenzo/Documenti/GitHub/HandVerify/datasets/processed-handwritten/iam_processed/350/g07-003b.png,genuine,0.9864246845245361,0.6469272971153259,0.3394973874092102,
/home/lorenzo/Documenti/GitHub/HandVerify/datasets/processed-handwritten/iam_processed/456/k07-185.png,/home/lorenzo/Documenti/GitHub/HandVerify/datasets/processed-handwritten/iam_processed/456/k07-176.png,genuine,0.976889431476593,0.6469272971153259,0.3299621343612671,
/home/lorenzo/Documenti/GitHub/HandVerify/datasets/processed-handwritten/iam_processed/552/m06-091.png,/home/lorenzo/Documenti/GitHub/HandVerify/datasets/processed-handwritten/iam_processed/552/m06-098.png,genuine,0.9742221832275391,0.6469272971153259,0.32729488611221313,
/home/lorenzo/Documenti/GitHub/HandVerify/datasets/processed-handwritten/iam_processed/350/g07-014b.png,/home/lorenzo/Documenti/GitHub/HandVerify/datasets/processed-handwritten/iam_processed/605/p02-127.png,impostor,0.5105007886886597,0.6469272971153259,-0.13642650842666626,
/home/lorenzo/Documenti/GitHub/HandVerify/datasets/processed-handwritten/iam_processed/405/j04-046.png,/home/lorenzo/Documenti/GitHub/HandVerify/datasets/processed-handwritten/iam_processed/555/n01-031.png,impostor,-0.15325000882148743,0.6469272971153259,-0.8001773059368134,
/home/lorenzo/Documenti/GitHub/HandVerify/datasets/processed-handwritten/iam_processed/344/g06-026m.png,/home/lorenzo/Documenti/GitHub/HandVerify/datasets/processed-handwritten/iam_processed/344/g06-045m.png,genuine,0.9107231497764587,0.6469272971153259,0.2637958526611328,
/home/lorenzo/Documenti/GitHub/HandVerify/datasets/processed-handwritten/iam_processed/133/c06-116.png,/home/lorenzo/Documenti/GitHub/HandVerify/datasets/processed-handwritten/iam_processed/552/m06-106.png,impostor,0.11251175403594971,0.6469272971153259,-0.5344155430793762,
/home/lorenzo/Documenti/GitHub/HandVerify/datasets/processed-handwritten/iam_processed/344/g06-018m.png,/home/lorenzo/Documenti/GitHub/HandVerify/datasets/processed-handwritten/iam_processed/501/m01-017.png,impostor,-0.18578743934631348,0.6469272971153259,-0.8327147364616394,
/home/lorenzo/Documenti/GitHub/HandVerify/datasets/processed-handwritten/iam_processed/277/f04-043.png,/home/lorenzo/Documenti/GitHub/HandVerify/datasets/processed-handwritten/iam_processed/350/g07-010b.png,impostor,-0.3615645170211792,0.6469272971153259,-1.0084918141365051,
/home/lorenzo/Documenti/GitHub/HandVerify/datasets/processed-handwritten/iam_processed/178/d01-060.png,/home/lorenzo/Documenti/GitHub/HandVerify/datasets/processed-handwritten/iam_processed/178/d01-056.png,genuine,0.6657834053039551,0.6469272971153259,0.01885610818862915,
/home/lorenzo/Documenti/GitHub/HandVerify/datasets/processed-handwritten/iam_processed/294/g07-007a.png,/home/lorenzo/Documenti/GitHub/HandVerify/datasets/processed-handwritten/iam_processed/552/m06-098.png,impostor,-0.2939055562019348,0.6469272971153259,-0.9408328533172607,
/home/lorenzo/Documenti/GitHub/HandVerify/datasets/processed-handwritten/iam_processed/337/g06-037f.png,/home/lorenzo/Documenti/GitHub/HandVerify/datasets/processed-handwritten/iam_processed/341/g06-047j.png,impostor,-0.3035622835159302,0.6469272971153259,-0.9504895806312561,
/home/lorenzo/Documenti/GitHub/HandVerify/datasets/processed-handwritten/iam_processed/339/g06-042h.png,/home/lorenzo/Documenti/GitHub/HandVerify/datasets/processed-handwritten/iam_processed/639/r02-010.png,impostor,-0.5213722586631775,0.6469272971153259,-1.1682995557785034,
/home/lorenzo/Documenti/GitHub/HandVerify/datasets/processed-handwritten/iam_processed/083/a06-114.png,/home/lorenzo/Documenti/GitHub/HandVerify/datasets/processed-handwritten/iam_processed/294/f07-101a.png,impostor,0.09898091852664948,0.6469272971153259,-0.5479463785886765,
/home/lorenzo/Documenti/GitHub/HandVerify/datasets/processed-handwritten/iam_processed/294/f07-101a.png,/home/lorenzo/Documenti/GitHub/HandVerify/datasets/processed-handwritten/iam_processed/294/g07-007a.png,genuine,0.8866654634475708,0.6469272971153259,0.23973816633224487,
/home/lorenzo/Documenti/GitHub/HandVerify/datasets/processed-handwritten/iam_processed/384/h06-089.png,/home/lorenzo/Documenti/GitHub/HandVerify/datasets/processed-handwritten/iam_processed/384/j06-005.png,genuine,0.8171641826629639,0.6469272971153259,0.17023688554763794,
/home/lorenzo/Documenti/GitHub/HandVerify/datasets/processed-handwritten/iam_processed/178/d01-060.png,/home/lorenzo/Documenti/GitHub/HandVerify/datasets/processed-handwritten/iam_processed/384/j06-000.png,impostor,0.7882062196731567,0.6469272971153259,0.1412789225578308,false_accept
/home/lorenzo/Documenti/GitHub/HandVerify/datasets/processed-handwritten/iam_processed/150/c03-003a.png,/home/lorenzo/Documenti/GitHub/HandVerify/datasets/processed-handwritten/iam_processed/295/g01-004.png,impostor,-0.3465857207775116,0.6469272971153259,-0.9935130178928375,
/home/lorenzo/Documenti/GitHub/HandVerify/datasets/processed-handwritten/iam_processed/150/c03-016a.png,/home/lorenzo/Documenti/GitHub/HandVerify/datasets/processed-handwritten/iam_processed/150/c03-021a.png,genuine,0.980976939201355,0.6469272971153259,0.33404964208602905,
/home/lorenzo/Documenti/GitHub/HandVerify/datasets/processed-handwritten/iam_processed/384/j06-014.png,/home/lorenzo/Documenti/GitHub/HandVerify/datasets/processed-handwritten/iam_processed/384/h06-082.png,genuine,0.6497880220413208,0.6469272971153259,0.002860724925994873,
/home/lorenzo/Documenti/GitHub/HandVerify/datasets/processed-handwritten/iam_processed/061/a04-054.png,/home/lorenzo/Documenti/GitHub/HandVerify/datasets/processed-handwritten/iam_processed/326/g04-077.png,impostor,-0.36041292548179626,0.6469272971153259,-1.0073402225971222,
/home/lorenzo/Documenti/GitHub/HandVerify/datasets/processed-handwritten/iam_processed/384/j06-014.png,/home/lorenzo/Documenti/GitHub/HandVerify/datasets/processed-handwritten/iam_processed/384/h06-085.png,genuine,0.6796330213546753,0.6469272971153259,0.032705724239349365,
/home/lorenzo/Documenti/GitHub/HandVerify/datasets/processed-handwritten/iam_processed/339/g06-018h.png,/home/lorenzo/Documenti/GitHub/HandVerify/datasets/processed-handwritten/iam_processed/339/g06-050h.png,genuine,0.9082373380661011,0.6469272971153259,0.26131004095077515,
/home/lorenzo/Documenti/GitHub/HandVerify/datasets/processed-handwritten/iam_processed/384/h06-096.png,/home/lorenzo/Documenti/GitHub/HandVerify/datasets/processed-handwritten/iam_processed/587/n04-213.png,impostor,-0.043408285826444626,0.6469272971153259,-0.6903355829417706,
/home/lorenzo/Documenti/GitHub/HandVerify/datasets/processed-handwritten/iam_processed/552/m06-031.png,/home/lorenzo/Documenti/GitHub/HandVerify/datasets/processed-handwritten/iam_processed/552/m06-067.png,genuine,0.833899199962616,0.6469272971153259,0.18697190284729004,
/home/lorenzo/Documenti/GitHub/HandVerify/datasets/processed-handwritten/iam_processed/344/g06-045m.png,/home/lorenzo/Documenti/GitHub/HandVerify/datasets/processed-handwritten/iam_processed/644/r02-065.png,impostor,-0.03770408779382706,0.6469272971153259,-0.684631384909153,
/home/lorenzo/Documenti/GitHub/HandVerify/datasets/processed-handwritten/iam_processed/110/b04-089.png,/home/lorenzo/Documenti/GitHub/HandVerify/datasets/processed-handwritten/iam_processed/659/r03-026.png,impostor,-0.6830757260322571,0.6469272971153259,-1.330003023147583,
/home/lorenzo/Documenti/GitHub/HandVerify/datasets/processed-handwritten/iam_processed/150/c03-094a.png,/home/lorenzo/Documenti/GitHub/HandVerify/datasets/processed-handwritten/iam_processed/150/c03-081a.png,genuine,0.8872473835945129,0.6469272971153259,0.240320086479187,
/home/lorenzo/Documenti/GitHub/HandVerify/datasets/processed-handwritten/iam_processed/293/f07-096.png,/home/lorenzo/Documenti/GitHub/HandVerify/datasets/processed-handwritten/iam_processed/583/n04-068.png,impostor,0.0659671276807785,0.6469272971153259,-0.5809601694345474,
/home/lorenzo/Documenti/GitHub/HandVerify/datasets/processed-handwritten/iam_processed/456/k07-158.png,/home/lorenzo/Documenti/GitHub/HandVerify/datasets/processed-handwritten/iam_processed/456/k07-176.png,genuine,0.8615078926086426,0.6469272971153259,0.21458059549331665,
/home/lorenzo/Documenti/GitHub/HandVerify/datasets/processed-handwritten/iam_processed/090/b01-044.png,/home/lorenzo/Documenti/GitHub/HandVerify/datasets/processed-handwritten/iam_processed/213/e01-059.png,impostor,-0.3491698205471039,0.6469272971153259,-0.9960971176624298,
/home/lorenzo/Documenti/GitHub/HandVerify/datasets/processed-handwritten/iam_processed/150/c03-094a.png,/home/lorenzo/Documenti/GitHub/HandVerify/datasets/processed-handwritten/iam_processed/150/c03-007a.png,genuine,0.8856800198554993,0.6469272971153259,0.23875272274017334,
/home/lorenzo/Documenti/GitHub/HandVerify/datasets/processed-handwritten/iam_processed/341/g06-050j.png,/home/lorenzo/Documenti/GitHub/HandVerify/datasets/processed-handwritten/iam_processed/341/g06-026j.png,genuine,0.9607439041137695,0.6469272971153259,0.3138166069984436,
/home/lorenzo/Documenti/GitHub/HandVerify/datasets/processed-handwritten/iam_processed/031/a02-062.png,/home/lorenzo/Documenti/GitHub/HandVerify/datasets/processed-handwritten/iam_processed/575/n03-082.png,impostor,-0.3171308636665344,0.6469272971153259,-0.9640581607818604,
/home/lorenzo/Documenti/GitHub/HandVerify/datasets/processed-handwritten/iam_processed/341/g06-011j.png,/home/lorenzo/Documenti/GitHub/HandVerify/datasets/processed-handwritten/iam_processed/384/j06-000.png,impostor,-0.19298546016216278,0.6469272971153259,-0.8399127572774887,
/home/lorenzo/Documenti/GitHub/HandVerify/datasets/processed-handwritten/iam_processed/070/a06-025.png,/home/lorenzo/Documenti/GitHub/HandVerify/datasets/processed-handwritten/iam_processed/405/j04-046.png,impostor,0.014193147420883179,0.6469272971153259,-0.6327341496944427,
/home/lorenzo/Documenti/GitHub/HandVerify/datasets/processed-handwritten/iam_processed/344/g06-042m.png,/home/lorenzo/Documenti/GitHub/HandVerify/datasets/processed-handwritten/iam_processed/344/g06-011m.png,genuine,0.9569883346557617,0.6469272971153259,0.3100610375404358,
/home/lorenzo/Documenti/GitHub/HandVerify/datasets/processed-handwritten/iam_processed/583/n04-052.png,/home/lorenzo/Documenti/GitHub/HandVerify/datasets/processed-handwritten/iam_processed/583/n04-068.png,genuine,0.980742871761322,0.6469272971153259,0.3338155746459961,
/home/lorenzo/Documenti/GitHub/HandVerify/datasets/processed-handwritten/iam_processed/150/c03-007a.png,/home/lorenzo/Documenti/GitHub/HandVerify/datasets/processed-handwritten/iam_processed/150/c03-087a.png,genuine,0.8622959852218628,0.6469272971153259,0.21536868810653687,
/home/lorenzo/Documenti/GitHub/HandVerify/datasets/processed-handwritten/iam_processed/150/c03-087a.png,/home/lorenzo/Documenti/GitHub/HandVerify/datasets/processed-handwritten/iam_processed/150/c03-000a.png,genuine,0.8884151577949524,0.6469272971153259,0.24148786067962646,
/home/lorenzo/Documenti/GitHub/HandVerify/datasets/processed-handwritten/iam_processed/110/b04-096.png,/home/lorenzo/Documenti/GitHub/HandVerify/datasets/processed-handwritten/iam_processed/110/b04-081.png,genuine,0.9691368937492371,0.6469272971153259,0.32220959663391113,
/home/lorenzo/Documenti/GitHub/HandVerify/datasets/processed-handwritten/iam_processed/344/g06-037m.png,/home/lorenzo/Documenti/GitHub/HandVerify/datasets/processed-handwritten/iam_processed/344/g06-050m.png,genuine,0.9709827303886414,0.6469272971153259,0.32405543327331543,
/home/lorenzo/Documenti/GitHub/HandVerify/datasets/processed-handwritten/iam_processed/007/a01-038.png,/home/lorenzo/Documenti/GitHub/HandVerify/datasets/processed-handwritten/iam_processed/294/g07-003a.png,impostor,0.05444599688053131,0.6469272971153259,-0.5924813002347946,
/home/lorenzo/Documenti/GitHub/HandVerify/datasets/processed-handwritten/iam_processed/332/g06-050a.png,/home/lorenzo/Documenti/GitHub/HandVerify/datasets/processed-handwritten/iam_processed/344/g06-037m.png,impostor,0.35022082924842834,0.6469272971153259,-0.2967064678668976,
/home/lorenzo/Documenti/GitHub/HandVerify/datasets/processed-handwritten/iam_processed/327/g04-081.png,/home/lorenzo/Documenti/GitHub/HandVerify/datasets/processed-handwritten/iam_processed/405/j04-046.png,impostor,0.21859396994113922,0.6469272971153259,-0.4283333271741867,
/home/lorenzo/Documenti/GitHub/HandVerify/datasets/processed-handwritten/iam_processed/135/c01-014.png,/home/lorenzo/Documenti/GitHub/HandVerify/datasets/processed-handwritten/iam_processed/303/g02-059.png,impostor,-0.1354960799217224,0.6469272971153259,-0.7824233770370483,
/home/lorenzo/Documenti/GitHub/HandVerify/datasets/processed-handwritten/iam_processed/103/b03-098.png,/home/lorenzo/Documenti/GitHub/HandVerify/datasets/processed-handwritten/iam_processed/585/n04-139.png,impostor,-0.08255061507225037,0.6469272971153259,-0.7294779121875763,
/home/lorenzo/Documenti/GitHub/HandVerify/datasets/processed-handwritten/iam_processed/384/j06-014.png,/home/lorenzo/Documenti/GitHub/HandVerify/datasets/processed-handwritten/iam_processed/384/h06-092.png,genuine,0.7632690668106079,0.6469272971153259,0.11634176969528198,
/home/lorenzo/Documenti/GitHub/HandVerify/datasets/processed-handwritten/iam_processed/211/e01-025.png,/home/lorenzo/Documenti/GitHub/HandVerify/datasets/processed-handwritten/iam_processed/444/k04-061.png,impostor,-0.20171038806438446,0.6469272971153259,-0.8486376851797104,
/home/lorenzo/Documenti/GitHub/HandVerify/datasets/processed-handwritten/iam_processed/339/g06-018h.png,/home/lorenzo/Documenti/GitHub/HandVerify/datasets/processed-handwritten/iam_processed/339/g06-045h.png,genuine,0.9124159812927246,0.6469272971153259,0.2654886841773987,
/home/lorenzo/Documenti/GitHub/HandVerify/datasets/processed-handwritten/iam_processed/456/k07-158.png,/home/lorenzo/Documenti/GitHub/HandVerify/datasets/processed-handwritten/iam_processed/456/k07-152.png,genuine,0.9977806806564331,0.6469272971153259,0.3508533835411072,
/home/lorenzo/Documenti/GitHub/HandVerify/datasets/processed-handwritten/iam_processed/210/e01-018.png,/home/lorenzo/Documenti/GitHub/HandVerify/datasets/processed-handwritten/iam_processed/513/m01-121.png,impostor,0.4797493815422058,0.6469272971153259,-0.16717791557312012,
/home/lorenzo/Documenti/GitHub/HandVerify/datasets/processed-handwritten/iam_processed/007/a01-038.png,/home/lorenzo/Documenti/GitHub/HandVerify/datasets/processed-handwritten/iam_processed/583/n04-052.png,impostor,-0.457535982131958,0.6469272971153259,-1.104463279247284,
/home/lorenzo/Documenti/GitHub/HandVerify/datasets/processed-handwritten/iam_processed/220/e02-018.png,/home/lorenzo/Documenti/GitHub/HandVerify/datasets/processed-handwritten/iam_processed/339/g06-031h.png,impostor,-0.07012605667114258,0.6469272971153259,-0.7170533537864685,
/home/lorenzo/Documenti/GitHub/HandVerify/datasets/processed-handwritten/iam_processed/552/m06-098.png,/home/lorenzo/Documenti/GitHub/HandVerify/datasets/processed-handwritten/iam_processed/552/m06-048.png,genuine,0.9490041136741638,0.6469272971153259,0.3020768165588379,
/home/lorenzo/Documenti/GitHub/HandVerify/datasets/processed-handwritten/iam_processed/071/a06-036.png,/home/lorenzo/Documenti/GitHub/HandVerify/datasets/processed-handwritten/iam_processed/160/c04-023.png,impostor,-0.3525336682796478,0.6469272971153259,-0.9994609653949738,
/home/lorenzo/Documenti/GitHub/HandVerify/datasets/processed-handwritten/iam_processed/583/n04-052.png,/home/lorenzo/Documenti/GitHub/HandVerify/datasets/processed-handwritten/iam_processed/583/n04-048.png,genuine,0.9401962757110596,0.6469272971153259,0.29326897859573364,
/home/lorenzo/Documenti/GitHub/HandVerify/datasets/processed-handwritten/iam_processed/212/e01-032.png,/home/lorenzo/Documenti/GitHub/HandVerify/datasets/processed-handwritten/iam_processed/341/g06-026j.png,impostor,-0.46928301453590393,0.6469272971153259,-1.1162103116512299,
/home/lorenzo/Documenti/GitHub/HandVerify/datasets/processed-handwritten/iam_processed/142/c02-030.png,/home/lorenzo/Documenti/GitHub/HandVerify/datasets/processed-handwritten/iam_processed/178/d01-060.png,impostor,-0.321617066860199,0.6469272971153259,-0.9685443639755249,
/home/lorenzo/Documenti/GitHub/HandVerify/datasets/processed-handwritten/iam_processed/431/k03-117.png,/home/lorenzo/Documenti/GitHub/HandVerify/datasets/processed-handwritten/iam_processed/605/p02-127.png,impostor,0.76512610912323,0.6469272971153259,0.11819881200790405,false_accept
/home/lorenzo/Documenti/GitHub/HandVerify/datasets/processed-handwritten/iam_processed/478/l03-008.png,/home/lorenzo/Documenti/GitHub/HandVerify/datasets/processed-handwritten/iam_processed/585/n04-156.png,impostor,0.2558092474937439,0.6469272971153259,-0.39111804962158203,
/home/lorenzo/Documenti/GitHub/HandVerify/datasets/processed-handwritten/iam_processed/555/n01-020.png,/home/lorenzo/Documenti/GitHub/HandVerify/datasets/processed-handwritten/iam_processed/555/n01-045.png,genuine,0.9492775201797485,0.6469272971153259,0.3023502230644226,
/home/lorenzo/Documenti/GitHub/HandVerify/datasets/processed-handwritten/iam_processed/332/g06-050a.png,/home/lorenzo/Documenti/GitHub/HandVerify/datasets/processed-handwritten/iam_processed/332/g06-026a.png,genuine,0.9528176784515381,0.6469272971153259,0.30589038133621216,
/home/lorenzo/Documenti/GitHub/HandVerify/datasets/processed-handwritten/iam_processed/150/c03-087a.png,/home/lorenzo/Documenti/GitHub/HandVerify/datasets/processed-handwritten/iam_processed/150/c03-021a.png,genuine,0.9281822443008423,0.6469272971153259,0.28125494718551636,
/home/lorenzo/Documenti/GitHub/HandVerify/datasets/processed-handwritten/iam_processed/384/h06-085.png,/home/lorenzo/Documenti/GitHub/HandVerify/datasets/processed-handwritten/iam_processed/555/n01-031.png,impostor,-0.32214999198913574,0.6469272971153259,-0.9690772891044617,
/home/lorenzo/Documenti/GitHub/HandVerify/datasets/processed-handwritten/iam_processed/344/g06-031m.png,/home/lorenzo/Documenti/GitHub/HandVerify/datasets/processed-handwritten/iam_processed/344/g06-045m.png,genuine,0.9253304600715637,0.6469272971153259,0.2784031629562378,
/home/lorenzo/Documenti/GitHub/HandVerify/datasets/processed-handwritten/iam_processed/384/h06-096.png,/home/lorenzo/Documenti/GitHub/HandVerify/datasets/processed-handwritten/iam_processed/384/h06-085.png,genuine,0.6579010486602783,0.6469272971153259,0.010973751544952393,
/home/lorenzo/Documenti/GitHub/HandVerify/datasets/processed-handwritten/iam_processed/165/c04-128.png,/home/lorenzo/Documenti/GitHub/HandVerify/datasets/processed-handwritten/iam_processed/288/f07-019a.png,impostor,-0.33748140931129456,0.6469272971153259,-0.9844087064266205,
/home/lorenzo/Documenti/GitHub/HandVerify/datasets/processed-handwritten/iam_processed/332/g06-042a.png,/home/lorenzo/Documenti/GitHub/HandVerify/datasets/processed-handwritten/iam_processed/332/g06-047a.png,genuine,0.9785637855529785,0.6469272971153259,0.3316364884376526,
/home/lorenzo/Documenti/GitHub/HandVerify/datasets/processed-handwritten/iam_processed/332/g06-031a.png,/home/lorenzo/Documenti/GitHub/HandVerify/datasets/processed-handwritten/iam_processed/454/k07-067a.png,impostor,-0.10483144223690033,0.6469272971153259,-0.7517587393522263,
/home/lorenzo/Documenti/GitHub/HandVerify/datasets/processed-handwritten/iam_processed/587/n04-218.png,/home/lorenzo/Documenti/GitHub/HandVerify/datasets/processed-handwritten/iam_processed/587/n04-213.png,genuine,0.6435179114341736,0.6469272971153259,-0.0034093856811523438,false_reject
/home/lorenzo/Documenti/GitHub/HandVerify/datasets/processed-handwritten/iam_processed/062/a04-072.png,/home/lorenzo/Documenti/GitHub/HandVerify/datasets/processed-handwritten/iam_processed/296/g01-019.png,impostor,-0.35040339827537537,0.6469272971153259,-0.9973306953907013,
/home/lorenzo/Documenti/GitHub/HandVerify/datasets/processed-handwritten/iam_processed/405/j04-035.png,/home/lorenzo/Documenti/GitHub/HandVerify/datasets/processed-handwritten/iam_processed/456/k07-176.png,impostor,-0.07395067065954208,0.6469272971153259,-0.720877967774868,
/home/lorenzo/Documenti/GitHub/HandVerify/datasets/processed-handwritten/iam_processed/337/g06-018f.png,/home/lorenzo/Documenti/GitHub/HandVerify/datasets/processed-handwritten/iam_processed/632/p03-185.png,impostor,-0.06197834014892578,0.6469272971153259,-0.7089056372642517,
/home/lorenzo/Documenti/GitHub/HandVerify/datasets/processed-handwritten/iam_processed/339/g06-026h.png,/home/lorenzo/Documenti/GitHub/HandVerify/datasets/processed-handwritten/iam_processed/339/g06-011h.png,genuine,0.9286394119262695,0.6469272971153259,0.2817121148109436,
/home/lorenzo/Documenti/GitHub/HandVerify/datasets/processed-handwritten/iam_processed/280/f04-064.png,/home/lorenzo/Documenti/GitHub/HandVerify/datasets/processed-handwritten/iam_processed/280/f04-061.png,genuine,0.9874309301376343,0.6469272971153259,0.34050363302230835,
/home/lorenzo/Documenti/GitHub/HandVerify/datasets/processed-handwritten/iam_processed/552/m06-031.png,/home/lorenzo/Documenti/GitHub/HandVerify/datasets/processed-handwritten/iam_processed/552/m06-048.png,genuine,0.7434160709381104,0.6469272971153259,0.09648877382278442,
/home/lorenzo/Documenti/GitHub/HandVerify/datasets/processed-handwritten/iam_processed/062/a04-066.png,/home/lorenzo/Documenti/GitHub/HandVerify/datasets/processed-handwritten/iam_processed/431/k03-117.png,impostor,-0.004296354949474335,0.6469272971153259,-0.6512236520648003,
/home/lorenzo/Documenti/GitHub/HandVerify/datasets/processed-handwritten/iam_processed/293/f07-101b.png,/home/lorenzo/Documenti/GitHub/HandVerify/datasets/processed-handwritten/iam_processed/356/h01-000.png,impostor,-0.09402242302894592,0.6469272971153259,-0.7409497201442719,
/home/lorenzo/Documenti/GitHub/HandVerify/datasets/processed-handwritten/iam_processed/133/b06-100.png,/home/lorenzo/Documenti/GitHub/HandVerify/datasets/processed-handwritten/iam_processed/332/g06-045a.png,impostor,0.2240172028541565,0.6469272971153259,-0.42291009426116943,
/home/lorenzo/Documenti/GitHub/HandVerify/datasets/processed-handwritten/iam_processed/552/m06-031.png,/home/lorenzo/Documenti/GitHub/HandVerify/datasets/processed-handwritten/iam_processed/552/m06-083.png,genuine,0.6333730220794678,0.6469272971153259,-0.013554275035858154,false_reject
/home/lorenzo/Documenti/GitHub/HandVerify/datasets/processed-handwritten/iam_processed/344/g06-026m.png,/home/lorenzo/Documenti/GitHub/HandVerify/datasets/processed-handwritten/iam_processed/344/g06-011m.png,genuine,0.8462060689926147,0.6469272971153259,0.19927877187728882,
/home/lorenzo/Documenti/GitHub/HandVerify/datasets/processed-handwritten/iam_processed/341/g06-018j.png,/home/lorenzo/Documenti/GitHub/HandVerify/datasets/processed-handwritten/iam_processed/341/g06-031j.png,genuine,0.9534707069396973,0.6469272971153259,0.30654340982437134,
/home/lorenzo/Documenti/GitHub/HandVerify/datasets/processed-handwritten/iam_processed/344/g06-031m.png,/home/lorenzo/Documenti/GitHub/HandVerify/datasets/processed-handwritten/iam_processed/603/p02-115.png,impostor,0.17758072912693024,0.6469272971153259,-0.4693465679883957,
/home/lorenzo/Documenti/GitHub/HandVerify/datasets/processed-handwritten/iam_processed/133/b06-064.png,/home/lorenzo/Documenti/GitHub/HandVerify/datasets/processed-handwritten/iam_processed/332/g06-047a.png,impostor,0.40244823694229126,0.6469272971153259,-0.24447906017303467,
/home/lorenzo/Documenti/GitHub/HandVerify/datasets/processed-handwritten/iam_processed/061/a04-054.png,/home/lorenzo/Documenti/GitHub/HandVerify/datasets/processed-handwritten/iam_processed/288/f07-032a.png,impostor,-0.36081117391586304,0.6469272971153259,-1.007738471031189,
/home/lorenzo/Documenti/GitHub/HandVerify/datasets/processed-handwritten/iam_processed/552/m06-091.png,/home/lorenzo/Documenti/GitHub/HandVerify/datasets/processed-handwritten/iam_processed/552/m06-042.png,genuine,0.9508282542228699,0.6469272971153259,0.30390095710754395,
/home/lorenzo/Documenti/GitHub/HandVerify/datasets/processed-handwritten/iam_processed/169/c04-139.png,/home/lorenzo/Documenti/GitHub/HandVerify/datasets/processed-handwritten/iam_processed/659/r03-026.png,impostor,0.5061341524124146,0.6469272971153259,-0.14079314470291138,
/home/lorenzo/Documenti/GitHub/HandVerify/datasets/processed-handwritten/iam_processed/344/g06-026m.png,/home/lorenzo/Documenti/GitHub/HandVerify/datasets/processed-handwritten/iam_processed/344/g06-050m.png,genuine,0.8996442556381226,0.6469272971153259,0.25271695852279663,
/home/lorenzo/Documenti/GitHub/HandVerify/datasets/processed-handwritten/iam_processed/029/a02-053.png,/home/lorenzo/Documenti/GitHub/HandVerify/datasets/processed-handwritten/iam_processed/077/a06-070.png,impostor,-0.13581421971321106,0.6469272971153259,-0.782741516828537,
/home/lorenzo/Documenti/GitHub/HandVerify/datasets/processed-handwritten/iam_processed/165/c04-080.png,/home/lorenzo/Documenti/GitHub/HandVerify/datasets/processed-handwritten/iam_processed/165/c04-128.png,genuine,0.4940990209579468,0.6469272971153259,-0.15282827615737915,false_reject
/home/lorenzo/Documenti/GitHub/HandVerify/datasets/processed-handwritten/iam_processed/344/g06-050m.png,/home/lorenzo/Documenti/GitHub/HandVerify/datasets/processed-handwritten/iam_processed/344/g06-045m.png,genuine,0.9370303750038147,0.6469272971153259,0.29010307788848877,
/home/lorenzo/Documenti/GitHub/HandVerify/datasets/processed-handwritten/iam_processed/339/g06-037h.png,/home/lorenzo/Documenti/GitHub/HandVerify/datasets/processed-handwritten/iam_processed/339/g06-042h.png,genuine,0.9681032299995422,0.6469272971153259,0.3211759328842163,
/home/lorenzo/Documenti/GitHub/HandVerify/datasets/processed-handwritten/iam_processed/150/c03-094a.png,/home/lorenzo/Documenti/GitHub/HandVerify/datasets/processed-handwritten/iam_processed/150/c03-021a.png,genuine,0.9581011533737183,0.6469272971153259,0.31117385625839233,
/home/lorenzo/Documenti/GitHub/HandVerify/datasets/processed-handwritten/iam_processed/552/m06-031.png,/home/lorenzo/Documenti/GitHub/HandVerify/datasets/processed-handwritten/iam_processed/552/m06-098.png,genuine,0.6982129812240601,0.6469272971153259,0.05128568410873413,
/home/lorenzo/Documenti/GitHub/HandVerify/datasets/processed-handwritten/iam_processed/150/c03-003a.png,/home/lorenzo/Documenti/GitHub/HandVerify/datasets/processed-handwritten/iam_processed/368/h02-024.png,impostor,-0.14226067066192627,0.6469272971153259,-0.7891879677772522,
/home/lorenzo/Documenti/GitHub/HandVerify/datasets/processed-handwritten/iam_processed/294/g07-000a.png,/home/lorenzo/Documenti/GitHub/HandVerify/datasets/processed-handwritten/iam_processed/399/j01-070.png,impostor,0.29046630859375,0.6469272971153259,-0.3564609885215759,
/home/lorenzo/Documenti/GitHub/HandVerify/datasets/processed-handwritten/iam_processed/110/b04-081.png,/home/lorenzo/Documenti/GitHub/HandVerify/datasets/processed-handwritten/iam_processed/332/g06-047a.png,impostor,-0.31878477334976196,0.6469272971153259,-0.9657120704650879,
/home/lorenzo/Documenti/GitHub/HandVerify/datasets/processed-handwritten/iam_processed/337/g06-050f.png,/home/lorenzo/Documenti/GitHub/HandVerify/datasets/processed-handwritten/iam_processed/399/j01-070.png,impostor,-0.011217735707759857,0.6469272971153259,-0.6581450328230858,
/home/lorenzo/Documenti/GitHub/HandVerify/datasets/processed-handwritten/iam_processed/087/b01-009.png,/home/lorenzo/Documenti/GitHub/HandVerify/datasets/processed-handwritten/iam_processed/160/c04-023.png,impostor,-0.11566735804080963,0.6469272971153259,-0.7625946551561356,
/home/lorenzo/Documenti/GitHub/HandVerify/datasets/processed-handwritten/iam_processed/010/a01-030x.png,/home/lorenzo/Documenti/GitHub/HandVerify/datasets/processed-handwritten/iam_processed/062/a04-072.png,impostor,-0.30767184495925903,0.6469272971153259,-0.954599142074585,
/home/lorenzo/Documenti/GitHub/HandVerify/datasets/processed-handwritten/iam_processed/150/c03-087a.png,/home/lorenzo/Documenti/GitHub/HandVerify/datasets/processed-handwritten/iam_processed/150/c03-081a.png,genuine,0.899188756942749,0.6469272971153259,0.2522614598274231,
/home/lorenzo/Documenti/GitHub/HandVerify/datasets/processed-handwritten/iam_processed/384/h06-079.png,/home/lorenzo/Documenti/GitHub/HandVerify/datasets/processed-handwritten/iam_processed/384/j06-000.png,genuine,0.5539045333862305,0.6469272971153259,-0.09302276372909546,false_reject
/home/lorenzo/Documenti/GitHub/HandVerify/datasets/processed-handwritten/iam_processed/007/a01-038.png,/home/lorenzo/Documenti/GitHub/HandVerify/datasets/processed-handwritten/iam_processed/288/f07-032a.png,impostor,0.12262742221355438,0.6469272971153259,-0.5242998749017715,
/home/lorenzo/Documenti/GitHub/HandVerify/datasets/processed-handwritten/iam_processed/150/c03-096a.png,/home/lorenzo/Documenti/GitHub/HandVerify/datasets/processed-handwritten/iam_processed/341/g06-026j.png,impostor,0.10934065282344818,0.6469272971153259,-0.5375866442918777,
/home/lorenzo/Documenti/GitHub/HandVerify/datasets/processed-handwritten/iam_processed/110/b04-103.png,/home/lorenzo/Documenti/GitHub/HandVerify/datasets/processed-handwritten/iam_processed/110/b04-081.png,genuine,0.9653578996658325,0.6469272971153259,0.3184306025505066,
/home/lorenzo/Documenti/GitHub/HandVerify/datasets/processed-handwritten/iam_processed/350/g07-007b.png,/home/lorenzo/Documenti/GitHub/HandVerify/datasets/processed-handwritten/iam_processed/350/g07-014b.png,genuine,0.8756828308105469,0.6469272971153259,0.22875553369522095,
/home/lorenzo/Documenti/GitHub/HandVerify/datasets/processed-handwritten/iam_processed/061/a04-050.png,/home/lorenzo/Documenti/GitHub/HandVerify/datasets/processed-handwritten/iam_processed/078/a06-075.png,impostor,0.5334450602531433,0.6469272971153259,-0.11348223686218262,
/home/lorenzo/Documenti/GitHub/HandVerify/datasets/processed-handwritten/iam_processed/062/a04-069.png,/home/lorenzo/Documenti/GitHub/HandVerify/datasets/processed-handwritten/iam_processed/062/a04-066.png,genuine,0.881475031375885,0.6469272971153259,0.23454773426055908,
/home/lorenzo/Documenti/GitHub/HandVerify/datasets/processed-handwritten/iam_processed/169/c04-134.png,/home/lorenzo/Documenti/GitHub/HandVerify/datasets/processed-handwritten/iam_processed/367/h02-022.png,impostor,0.033359263092279434,0.6469272971153259,-0.6135680340230465,
/home/lorenzo/Documenti/GitHub/HandVerify/datasets/processed-handwritten/iam_processed/061/a04-047.png,/home/lorenzo/Documenti/GitHub/HandVerify/datasets/processed-handwritten/iam_processed/377/h04-035.png,impostor,-0.047663167119026184,0.6469272971153259,-0.6945904642343521,
/home/lorenzo/Documenti/GitHub/HandVerify/datasets/processed-handwritten/iam_processed/147/c02-078.png,/home/lorenzo/Documenti/GitHub/HandVerify/datasets/processed-handwritten/iam_processed/583/n04-075.png,impostor,0.589065670967102,0.6469272971153259,-0.05786162614822388,
/home/lorenzo/Documenti/GitHub/HandVerify/datasets/processed-handwritten/iam_processed/454/k07-085.png,/home/lorenzo/Documenti/GitHub/HandVerify/datasets/processed-handwritten/iam_processed/454/k07-067a.png,genuine,0.9925934672355652,0.6469272971153259,0.34566617012023926,
/home/lorenzo/Documenti/GitHub/HandVerify/datasets/processed-handwritten/iam_processed/071/a06-036.png,/home/lorenzo/Documenti/GitHub/HandVerify/datasets/processed-handwritten/iam_processed/079/a06-090.png,impostor,-0.1884036809206009,0.6469272971153259,-0.8353309780359268,
/home/lorenzo/Documenti/GitHub/HandVerify/datasets/processed-handwritten/iam_processed/288/f07-019a.png,/home/lorenzo/Documenti/GitHub/HandVerify/datasets/processed-handwritten/iam_processed/454/k07-059a.png,impostor,0.19138853251934052,0.6469272971153259,-0.4555387645959854,
/home/lorenzo/Documenti/GitHub/HandVerify/datasets/processed-handwritten/iam_processed/288/f07-028a.png,/home/lorenzo/Documenti/GitHub/HandVerify/datasets/processed-handwritten/iam_processed/288/f07-021a.png,genuine,0.9846418499946594,0.6469272971153259,0.3377145528793335,
/home/lorenzo/Documenti/GitHub/HandVerify/datasets/processed-handwritten/iam_processed/362/h02-004.png,/home/lorenzo/Documenti/GitHub/HandVerify/datasets/processed-handwritten/iam_processed/587/n04-209.png,impostor,0.2595038115978241,0.6469272971153259,-0.38742348551750183,
/home/lorenzo/Documenti/GitHub/HandVerify/datasets/processed-handwritten/iam_processed/454/k07-077.png,/home/lorenzo/Documenti/GitHub/HandVerify/datasets/processed-handwritten/iam_processed/454/k07-063a.png,genuine,0.8913228511810303,0.6469272971153259,0.24439555406570435,
/home/lorenzo/Documenti/GitHub/HandVerify/datasets/processed-handwritten/iam_processed/150/c03-081a.png,/home/lorenzo/Documenti/GitHub/HandVerify/datasets/processed-handwritten/iam_processed/150/c03-096a.png,genuine,0.9004662036895752,0.6469272971153259,0.25353890657424927,
/home/lorenzo/Documenti/GitHub/HandVerify/datasets/processed-handwritten/iam_processed/341/g06-047j.png,/home/lorenzo/Documenti/GitHub/HandVerify/datasets/processed-handwritten/iam_processed/341/g06-026j.png,genuine,0.9148664474487305,0.6469272971153259,0.26793915033340454,
/home/lorenzo/Documenti/GitHub/HandVerify/datasets/processed-handwritten/iam_processed/078/a06-075.png,/home/lorenzo/Documenti/GitHub/HandVerify/datasets/processed-handwritten/iam_processed/337/g06-050f.png,impostor,-0.3109826445579529,0.6469272971153259,-0.9579099416732788,
/home/lorenzo/Documenti/GitHub/HandVerify/datasets/processed-handwritten/iam_processed/165/c04-128.png,/home/lorenzo/Documenti/GitHub/HandVerify/datasets/processed-handwritten/iam_processed/405/j04-046.png,impostor,0.7984797954559326,0.6469272971153259,0.1515524983406067,false_accept
/home/lorenzo/Documenti/GitHub/HandVerify/datasets/processed-handwritten/iam_processed/384/h06-096.png,/home/lorenzo/Documenti/GitHub/HandVerify/datasets/processed-handwritten/iam_processed/384/j06-014.png,genuine,0.8132994174957275,0.6469272971153259,0.1663721203804016,
/home/lorenzo/Documenti/GitHub/HandVerify/datasets/processed-handwritten/iam_processed/339/g06-011h.png,/home/lorenzo/Documenti/GitHub/HandVerify/datasets/processed-handwritten/iam_processed/339/g06-045h.png,genuine,0.873934268951416,0.6469272971153259,0.2270069718360901,
/home/lorenzo/Documenti/GitHub/HandVerify/datasets/processed-handwritten/iam_processed/494/l04-179.png,/home/lorenzo/Documenti/GitHub/HandVerify/datasets/processed-handwritten/iam_processed/513/m01-104.png,impostor,-0.31771281361579895,0.6469272971153259,-0.9646401107311249,
/home/lorenzo/Documenti/GitHub/HandVerify/datasets/processed-handwritten/iam_processed/055/a03-063.png,/home/lorenzo/Documenti/GitHub/HandVerify/datasets/processed-handwritten/iam_processed/135/c01-014.png,impostor,-0.29584959149360657,0.6469272971153259,-0.9427768886089325,
/home/lorenzo/Documenti/GitHub/HandVerify/datasets/processed-handwritten/iam_processed/384/h06-079.png,/home/lorenzo/Documenti/GitHub/HandVerify/datasets/processed-handwritten/iam_processed/384/j06-014.png,genuine,0.5705156326293945,0.6469272971153259,-0.0764116644859314,false_reject
/home/lorenzo/Documenti/GitHub/HandVerify/datasets/processed-handwritten/iam_processed/303/g02-059.png,/home/lorenzo/Documenti/GitHub/HandVerify/datasets/processed-handwritten/iam_processed/339/g06-045h.png,impostor,-0.25245362520217896,0.6469272971153259,-0.8993809223175049,
/home/lorenzo/Documenti/GitHub/HandVerify/datasets/processed-handwritten/iam_processed/288/f07-024a.png,/home/lorenzo/Documenti/GitHub/HandVerify/datasets/processed-handwritten/iam_processed/640/r02-013.png,impostor,-0.1947048306465149,0.6469272971153259,-0.8416321277618408,
/home/lorenzo/Documenti/GitHub/HandVerify/datasets/processed-handwritten/iam_processed/150/c03-016a.png,/home/lorenzo/Documenti/GitHub/HandVerify/datasets/processed-handwritten/iam_processed/150/c03-081a.png,genuine,0.910504162311554,0.6469272971153259,0.263576865196228,
/home/lorenzo/Documenti/GitHub/HandVerify/datasets/processed-handwritten/iam_processed/250/f01-053.png,/home/lorenzo/Documenti/GitHub/HandVerify/datasets/processed-handwritten/iam_processed/552/m06-067.png,impostor,-0.05817345529794693,0.6469272971153259,-0.7051007524132729,
/home/lorenzo/Documenti/GitHub/HandVerify/datasets/processed-handwritten/iam_processed/110/b04-089.png,/home/lorenzo/Documenti/GitHub/HandVerify/datasets/processed-handwritten/iam_processed/110/b04-103.png,genuine,0.9005237817764282,0.6469272971153259,0.2535964846611023,
/home/lorenzo/Documenti/GitHub/HandVerify/datasets/processed-handwritten/iam_processed/442/k04-028.png,/home/lorenzo/Documenti/GitHub/HandVerify/datasets/processed-handwritten/iam_processed/442/k04-033.png,genuine,0.970768392086029,0.6469272971153259,0.3238410949707031,
/home/lorenzo/Documenti/GitHub/HandVerify/datasets/processed-handwritten/iam_processed/061/a04-047.png,/home/lorenzo/Documenti/GitHub/HandVerify/datasets/processed-handwritten/iam_processed/583/n04-060.png,impostor,0.23351332545280457,0.6469272971153259,-0.41341397166252136,
/home/lorenzo/Documenti/GitHub/HandVerify/datasets/processed-handwritten/iam_processed/337/g06-050f.png,/home/lorenzo/Documenti/GitHub/HandVerify/datasets/processed-handwritten/iam_processed/337/g06-026f.png,genuine,0.7834243774414062,0.6469272971153259,0.13649708032608032,
/home/lorenzo/Documenti/GitHub/HandVerify/datasets/processed-handwritten/iam_processed/112/b04-154.png,/home/lorenzo/Documenti/GitHub/HandVerify/datasets/processed-handwritten/iam_processed/112/b04-140.png,genuine,0.939670205116272,0.6469272971153259,0.29274290800094604,
/home/lorenzo/Documenti/GitHub/HandVerify/datasets/processed-handwritten/iam_processed/360/h01-027.png,/home/lorenzo/Documenti/GitHub/HandVerify/datasets/processed-handwritten/iam_processed/585/n04-156.png,impostor,-0.22390922904014587,0.6469272971153259,-0.8708365261554718,
/home/lorenzo/Documenti/GitHub/HandVerify/datasets/processed-handwritten/iam_processed/110/b04-096.png,/home/lorenzo/Documenti/GitHub/HandVerify/datasets/processed-handwritten/iam_processed/110/b04-089.png,genuine,0.8839755654335022,0.6469272971153259,0.23704826831817627,
/home/lorenzo/Documenti/GitHub/HandVerify/datasets/processed-handwritten/iam_processed/341/g06-031j.png,/home/lorenzo/Documenti/GitHub/HandVerify/datasets/processed-handwritten/iam_processed/350/g07-007b.png,impostor,-0.161257803440094,0.6469272971153259,-0.8081851005554199,
/home/lorenzo/Documenti/GitHub/HandVerify/datasets/processed-handwritten/iam_processed/251/f01-066.png,/home/lorenzo/Documenti/GitHub/HandVerify/datasets/processed-handwritten/iam_processed/555/n01-020.png,impostor,0.5815598368644714,0.6469272971153259,-0.06536746025085449,
/home/lorenzo/Documenti/GitHub/HandVerify/datasets/processed-handwritten/iam_processed/339/g06-037h.png,/home/lorenzo/Documenti/GitHub/HandVerify/datasets/processed-handwritten/iam_processed/339/g06-045h.png,genuine,0.9684945940971375,0.6469272971153259,0.3215672969818115,
/home/lorenzo/Documenti/GitHub/HandVerify/datasets/processed-handwritten/iam_processed/304/g02-062.png,/home/lorenzo/Documenti/GitHub/HandVerify/datasets/processed-handwritten/iam_processed/550/m04-238.png,impostor,0.5945530533790588,0.6469272971153259,-0.05237424373626709,
/home/lorenzo/Documenti/GitHub/HandVerify/datasets/processed-handwritten/iam_processed/339/g06-037h.png,/home/lorenzo/Documenti/GitHub/HandVerify/datasets/processed-handwritten/iam_processed/640/r02-013.png,impostor,-0.16318875551223755,0.6469272971153259,-0.8101160526275635,
/home/lorenzo/Documenti/GitHub/HandVerify/datasets/processed-handwritten/iam_processed/237/e04-062.png,/home/lorenzo/Documenti/GitHub/HandVerify/datasets/processed-handwritten/iam_processed/296/g01-019.png,impostor,0.04187566041946411,0.6469272971153259,-0.6050516366958618,
/home/lorenzo/Documenti/GitHub/HandVerify/datasets/processed-handwritten/iam_processed/350/g07-003b.png,/home/lorenzo/Documenti/GitHub/HandVerify/datasets/processed-handwritten/iam_processed/431/k03-117.png,impostor,0.46355560421943665,0.6469272971153259,-0.18337169289588928,
/home/lorenzo/Documenti/GitHub/HandVerify/datasets/processed-handwritten/iam_processed/341/g06-018j.png,/home/lorenzo/Documenti/GitHub/HandVerify/datasets/processed-handwritten/iam_processed/341/g06-047j.png,genuine,0.9399970769882202,0.6469272971153259,0.2930697798728943,
/home/lorenzo/Documenti/GitHub/HandVerify/datasets/processed-handwritten/iam_processed/341/g06-031j.png,/home/lorenzo/Documenti/GitHub/HandVerify/datasets/processed-handwritten/iam_processed/481/l04-026.png,impostor,0.10108338296413422,0.6469272971153259,-0.5458439141511917,
/home/lorenzo/Documenti/GitHub/HandVerify/datasets/processed-handwritten/iam_processed/384/h06-089.png,/home/lorenzo/Documenti/GitHub/HandVerify/datasets/processed-handwritten/iam_processed/384/h06-085.png,genuine,0.8488378524780273,0.6469272971153259,0.20191055536270142,
/home/lorenzo/Documenti/GitHub/HandVerify/datasets/processed-handwritten/iam_processed/337/g06-047f.png,/home/lorenzo/Documenti/GitHub/HandVerify/datasets/processed-handwritten/iam_processed/444/k04-057.png,impostor,0.6505852341651917,0.6469272971153259,0.0036579370498657227,false_accept
/home/lorenzo/Documenti/GitHub/HandVerify/datasets/processed-handwritten/iam_processed/552/m06-031.png,/home/lorenzo/Documenti/GitHub/HandVerify/datasets/processed-handwritten/iam_processed/552/m06-056.png,genuine,0.9462600946426392,0.6469272971153259,0.29933279752731323,
/home/lorenzo/Documenti/GitHub/HandVerify/datasets/processed-handwritten/iam_processed/133/b06-064.png,/home/lorenzo/Documenti/GitHub/HandVerify/datasets/processed-handwritten/iam_processed/133/c06-080.png,genuine,0.8748617768287659,0.6469272971153259,0.22793447971343994,
/home/lorenzo/Documenti/GitHub/HandVerify/datasets/processed-handwritten/iam_processed/007/a01-014.png,/home/lorenzo/Documenti/GitHub/HandVerify/datasets/processed-handwritten/iam_processed/062/a04-066.png,impostor,0.1418735384941101,0.6469272971153259,-0.5050537586212158,
/home/lorenzo/Documenti/GitHub/HandVerify/datasets/processed-handwritten/iam_processed/341/g06-050j.png,/home/lorenzo/Documenti/GitHub/HandVerify/datasets/processed-handwritten/iam_processed/341/g06-042j.png,genuine,0.9761544466018677,0.6469272971153259,0.32922714948654175,
/home/lorenzo/Documenti/GitHub/HandVerify/datasets/processed-handwritten/iam_processed/150/c03-087a.png,/home/lorenzo/Documenti/GitHub/HandVerify/datasets/processed-handwritten/iam_processed/360/h01-027.png,impostor,-0.19179823994636536,0.6469272971153259,-0.8387255370616913,
/home/lorenzo/Documenti/GitHub/HandVerify/datasets/processed-handwritten/iam_processed/344/g06-026m.png,/home/lorenzo/Documenti/GitHub/HandVerify/datasets/processed-handwritten/iam_processed/344/g06-042m.png,genuine,0.940924346446991,0.6469272971153259,0.29399704933166504,
/home/lorenzo/Documenti/GitHub/HandVerify/datasets/processed-handwritten/iam_processed/339/g06-011h.png,/home/lorenzo/Documenti/GitHub/HandVerify/datasets/processed-handwritten/iam_processed/341/g06-031j.png,impostor,-0.063157819211483,0.6469272971153259,-0.7100851163268089,
/home/lorenzo/Documenti/GitHub/HandVerify/datasets/processed-handwritten/iam_processed/112/b04-134.png,/home/lorenzo/Documenti/GitHub/HandVerify/datasets/processed-handwritten/iam_processed/112/b04-147.png,genuine,0.965072751045227,0.6469272971153259,0.3181454539299011,
/home/lorenzo/Documenti/GitHub/HandVerify/datasets/processed-handwritten/iam_processed/184/d04-005.png,/home/lorenzo/Documenti/GitHub/HandVerify/datasets/processed-handwritten/iam_processed/337/g06-031f.png,impostor,0.5387495756149292,0.6469272971153259,-0.10817772150039673,
/home/lorenzo/Documenti/GitHub/HandVerify/datasets/processed-handwritten/iam_processed/337/g06-026f.png,/home/lorenzo/Documenti/GitHub/HandVerify/datasets/processed-handwritten/iam_processed/552/m06-091.png,impostor,0.4495478868484497,0.6469272971153259,-0.19737941026687622,
/home/lorenzo/Documenti/GitHub/HandVerify/datasets/processed-handwritten/iam_processed/296/g01-019.png,/home/lorenzo/Documenti/GitHub/HandVerify/datasets/processed-handwritten/iam_processed/296/g01-012.png,genuine,0.8674635887145996,0.6469272971153259,0.22053629159927368,
/home/lorenzo/Documenti/GitHub/HandVerify/datasets/processed-handwritten/iam_processed/337/g06-011f.png,/home/lorenzo/Documenti/GitHub/HandVerify/datasets/processed-handwritten/iam_processed/337/g06-042f.png,genuine,0.9898513555526733,0.6469272971153259,0.3429240584373474,
/home/lorenzo/Documenti/GitHub/HandVerify/datasets/processed-handwritten/iam_processed/552/m06-048.png,/home/lorenzo/Documenti/GitHub/HandVerify/datasets/processed-handwritten/iam_processed/552/m06-067.png,genuine,0.9685662984848022,0.6469272971153259,0.3216390013694763,
/home/lorenzo/Documenti/GitHub/HandVerify/datasets/processed-handwritten/iam_processed/337/g06-037f.png,/home/lorenzo/Documenti/GitHub/HandVerify/datasets/processed-handwritten/iam_processed/593/p02-000.png,impostor,-0.10974003374576569,0.6469272971153259,-0.7566673308610916,
/home/lorenzo/Documenti/GitHub/HandVerify/datasets/processed-handwritten/iam_processed/165/c04-080.png,/home/lorenzo/Documenti/GitHub/HandVerify/datasets/processed-handwritten/iam_processed/344/g06-047m.png,impostor,-0.4711587429046631,0.6469272971153259,-1.118086040019989,
/home/lorenzo/Documenti/GitHub/HandVerify/datasets/processed-handwritten/iam_processed/179/d01-085.png,/home/lorenzo/Documenti/GitHub/HandVerify/datasets/processed-handwritten/iam_processed/481/l04-020.png,impostor,-0.4507029056549072,0.6469272971153259,-1.0976302027702332,
/home/lorenzo/Documenti/GitHub/HandVerify/datasets/processed-handwritten/iam_processed/285/g07-079a.png,/home/lorenzo/Documenti/GitHub/HandVerify/datasets/processed-handwritten/iam_processed/285/f07-042a.png,genuine,0.9913493394851685,0.6469272971153259,0.34442204236984253,
/home/lorenzo/Documenti/GitHub/HandVerify/datasets/processed-handwritten/iam_processed/112/b04-140.png,/home/lorenzo/Documenti/GitHub/HandVerify/datasets/processed-handwritten/iam_processed/337/g06-018f.png,impostor,0.10453653335571289,0.6469272971153259,-0.542390763759613,
/home/lorenzo/Documenti/GitHub/HandVerify/datasets/processed-handwritten/iam_processed/079/a06-090.png,/home/lorenzo/Documenti/GitHub/HandVerify/datasets/processed-handwritten/iam_processed/344/g06-047m.png,impostor,0.21773099899291992,0.6469272971153259,-0.429196298122406,
/home/lorenzo/Documenti/GitHub/HandVerify/datasets/processed-handwritten/iam_processed/337/g06-011f.png,/home/lorenzo/Documenti/GitHub/HandVerify/datasets/processed-handwritten/iam_processed/337/g06-045f.png,genuine,0.9823108315467834,0.6469272971153259,0.3353835344314575,
/home/lorenzo/Documenti/GitHub/HandVerify/datasets/processed-handwritten/iam_processed/077/a06-070.png,/home/lorenzo/Documenti/GitHub/HandVerify/datasets/processed-handwritten/iam_processed/550/m04-238.png,impostor,0.32612016797065735,0.6469272971153259,-0.3208071291446686,
/home/lorenzo/Documenti/GitHub/HandVerify/datasets/processed-handwritten/iam_processed/135/c01-009.png,/home/lorenzo/Documenti/GitHub/HandVerify/datasets/processed-handwritten/iam_processed/135/c01-014.png,genuine,0.9603027105331421,0.6469272971153259,0.31337541341781616,
/home/lorenzo/Documenti/GitHub/HandVerify/datasets/processed-handwritten/iam_processed/160/c04-023.png,/home/lorenzo/Documenti/GitHub/HandVerify/datasets/processed-handwritten/iam_processed/169/c04-134.png,impostor,-0.017408981919288635,0.6469272971153259,-0.6643362790346146,
/home/lorenzo/Documenti/GitHub/HandVerify/datasets/processed-handwritten/iam_processed/337/g06-037f.png,/home/lorenzo/Documenti/GitHub/HandVerify/datasets/processed-handwritten/iam_processed/337/g06-018f.png,genuine,0.9611034393310547,0.6469272971153259,0.31417614221572876,
/home/lorenzo/Documenti/GitHub/HandVerify/datasets/processed-handwritten/iam_processed/288/f07-019a.png,/home/lorenzo/Documenti/GitHub/HandVerify/datasets/processed-handwritten/iam_processed/638/r02-006.png,impostor,-0.08642406761646271,0.6469272971153259,-0.7333513647317886,
/home/lorenzo/Documenti/GitHub/HandVerify/datasets/processed-handwritten/iam_processed/585/n04-149.png,/home/lorenzo/Documenti/GitHub/HandVerify/datasets/processed-handwritten/iam_processed/585/n04-139.png,genuine,0.9708219766616821,0.6469272971153259,0.3238946795463562,
/home/lorenzo/Documenti/GitHub/HandVerify/datasets/processed-handwritten/iam_processed/150/c03-096a.png,/home/lorenzo/Documenti/GitHub/HandVerify/datasets/processed-handwritten/iam_processed/150/c03-021a.png,genuine,0.9217872619628906,0.6469272971153259,0.2748599648475647,
/home/lorenzo/Documenti/GitHub/HandVerify/datasets/processed-handwritten/iam_processed/384/h06-096.png,/home/lorenzo/Documenti/GitHub/HandVerify/datasets/processed-handwritten/iam_processed/384/j06-005.png,genuine,0.8878517150878906,0.6469272971153259,0.2409244179725647,
/home/lorenzo/Documenti/GitHub/HandVerify/datasets/processed-handwritten/iam_processed/454/k07-059a.png,/home/lorenzo/Documenti/GitHub/HandVerify/datasets/processed-handwritten/iam_processed/454/k07-063a.png,genuine,0.8419206738471985,0.6469272971153259,0.19499337673187256,
/home/lorenzo/Documenti/GitHub/HandVerify/datasets/processed-handwritten/iam_processed/160/c04-028.png,/home/lorenzo/Documenti/GitHub/HandVerify/datasets/processed-handwritten/iam_processed/639/r02-010.png,impostor,-0.17944872379302979,0.6469272971153259,-0.8263760209083557,
/home/lorenzo/Documenti/GitHub/HandVerify/datasets/processed-handwritten/iam_processed/150/c03-007a.png,/home/lorenzo/Documenti/GitHub/HandVerify/datasets/processed-handwritten/iam_processed/150/c03-003a.png,genuine,0.9622432589530945,0.6469272971153259,0.31531596183776855,
/home/lorenzo/Documenti/GitHub/HandVerify/datasets/processed-handwritten/iam_processed/552/m06-031.png,/home/lorenzo/Documenti/GitHub/HandVerify/datasets/processed-handwritten/iam_processed/552/m06-042.png,genuine,0.7007347345352173,0.6469272971153259,0.05380743741989136,
/home/lorenzo/Documenti/GitHub/HandVerify/datasets/processed-handwritten/iam_processed/344/g06-050m.png,/home/lorenzo/Documenti/GitHub/HandVerify/datasets/processed-handwritten/iam_processed/344/g06-042m.png,genuine,0.9440912008285522,0.6469272971153259,0.2971639037132263,
/home/lorenzo/Documenti/GitHub/HandVerify/datasets/processed-handwritten/iam_processed/384/j06-000.png,/home/lorenzo/Documenti/GitHub/HandVerify/datasets/processed-handwritten/iam_processed/384/j06-014.png,genuine,0.8265093564987183,0.6469272971153259,0.17958205938339233,
/home/lorenzo/Documenti/GitHub/HandVerify/datasets/processed-handwritten/iam_processed/295/g01-008.png,/home/lorenzo/Documenti/GitHub/HandVerify/datasets/processed-handwritten/iam_processed/605/p02-127.png,impostor,-0.29161158204078674,0.6469272971153259,-0.9385388791561127,
/home/lorenzo/Documenti/GitHub/HandVerify/datasets/processed-handwritten/iam_processed/212/e01-032.png,/home/lorenzo/Documenti/GitHub/HandVerify/datasets/processed-handwritten/iam_processed/339/g06-018h.png,impostor,0.184717059135437,0.6469272971153259,-0.4622102379798889,
/home/lorenzo/Documenti/GitHub/HandVerify/datasets/processed-handwritten/iam_processed/454/k07-067a.png,/home/lorenzo/Documenti/GitHub/HandVerify/datasets/processed-handwritten/iam_processed/600/p02-101.png,impostor,0.16590248048305511,0.6469272971153259,-0.4810248166322708,
/home/lorenzo/Documenti/GitHub/HandVerify/datasets/processed-handwritten/iam_processed/344/g06-018m.png,/home/lorenzo/Documenti/GitHub/HandVerify/datasets/processed-handwritten/iam_processed/632/p03-185.png,impostor,0.26220178604125977,0.6469272971153259,-0.38472551107406616,
/home/lorenzo/Documenti/GitHub/HandVerify/datasets/processed-handwritten/iam_processed/137/c02-000.png,/home/lorenzo/Documenti/GitHub/HandVerify/datasets/processed-handwritten/iam_processed/169/c04-139.png,impostor,-0.41425493359565735,0.6469272971153259,-1.0611822307109833,
/home/lorenzo/Documenti/GitHub/HandVerify/datasets/processed-handwritten/iam_processed/077/a06-070.png,/home/lorenzo/Documenti/GitHub/HandVerify/datasets/processed-handwritten/iam_processed/344/g06-026m.png,impostor,0.5868643522262573,0.6469272971153259,-0.060062944889068604,
/home/lorenzo/Documenti/GitHub/HandVerify/datasets/processed-handwritten/iam_processed/165/c04-128.png,/home/lorenzo/Documenti/GitHub/HandVerify/datasets/processed-handwritten/iam_processed/360/h01-027.png,impostor,-0.06723304837942123,0.6469272971153259,-0.7141603454947472,
/home/lorenzo/Documenti/GitHub/HandVerify/datasets/processed-handwritten/iam_processed/552/m06-031.png,/home/lorenzo/Documenti/GitHub/HandVerify/datasets/processed-handwritten/iam_processed/583/n04-052.png,impostor,-0.14251095056533813,0.6469272971153259,-0.7894382476806641,
/home/lorenzo/Documenti/GitHub/HandVerify/datasets/processed-handwritten/iam_processed/552/m06-042.png,/home/lorenzo/Documenti/GitHub/HandVerify/datasets/processed-handwritten/iam_processed/552/m06-048.png,genuine,0.9627381563186646,0.6469272971153259,0.3158108592033386,
/home/lorenzo/Documenti/GitHub/HandVerify/datasets/processed-handwritten/iam_processed/294/f07-101a.png,/home/lorenzo/Documenti/GitHub/HandVerify/datasets/processed-handwritten/iam_processed/550/m04-231.png,impostor,-0.057951055467128754,0.6469272971153259,-0.7048783525824547,
/home/lorenzo/Documenti/GitHub/HandVerify/datasets/processed-handwritten/iam_processed/150/c03-007a.png,/home/lorenzo/Documenti/GitHub/HandVerify/datasets/processed-handwritten/iam_processed/165/c04-080.png,impostor,0.633206307888031,0.6469272971153259,-0.013720989227294922,
/home/lorenzo/Documenti/GitHub/HandVerify/datasets/processed-handwritten/iam_processed/062/a04-069.png,/home/lorenzo/Documenti/GitHub/HandVerify/datasets/processed-handwritten/iam_processed/150/c03-087a.png,impostor,-0.44469165802001953,0.6469272971153259,-1.0916189551353455,
/home/lorenzo/Documenti/GitHub/HandVerify/datasets/processed-handwritten/iam_processed/061/a04-047.png,/home/lorenzo/Documenti/GitHub/HandVerify/datasets/processed-handwritten/iam_processed/061/a04-054.png,genuine,0.963067889213562,0.6469272971153259,0.3161405920982361,
/home/lorenzo/Documenti/GitHub/HandVerify/datasets/processed-handwritten/iam_processed/010/a01-030x.png,/home/lorenzo/Documenti/GitHub/HandVerify/datasets/processed-handwritten/iam_processed/090/b01-053.png,impostor,-0.11722438037395477,0.6469272971153259,-0.7641516774892807,
/home/lorenzo/Documenti/GitHub/HandVerify/datasets/processed-handwritten/iam_processed/384/h06-079.png,/home/lorenzo/Documenti/GitHub/HandVerify/datasets/processed-handwritten/iam_processed/384/h06-085.png,genuine,0.3839288651943207,0.6469272971153259,-0.26299843192100525,false_reject
/home/lorenzo/Documenti/GitHub/HandVerify/datasets/processed-handwritten/iam_processed/332/g06-045a.png,/home/lorenzo/Documenti/GitHub/HandVerify/datasets/processed-handwritten/iam_processed/332/g06-026a.png,genuine,0.8772425651550293,0.6469272971153259,0.23031526803970337,
/home/lorenzo/Documenti/GitHub/HandVerify/datasets/processed-handwritten/iam_processed/341/g06-031j.png,/home/lorenzo/Documenti/GitHub/HandVerify/datasets/processed-handwritten/iam_processed/341/g06-042j.png,genuine,0.9512822031974792,0.6469272971153259,0.3043549060821533,
/home/lorenzo/Documenti/GitHub/HandVerify/datasets/processed-handwritten/iam_processed/212/e01-035.png,/home/lorenzo/Documenti/GitHub/HandVerify/datasets/processed-handwritten/iam_processed/285/f07-046a.png,impostor,0.10717283189296722,0.6469272971153259,-0.5397544652223587,
/home/lorenzo/Documenti/GitHub/HandVerify/datasets/processed-handwritten/iam_processed/341/g06-045j.png,/home/lorenzo/Documenti/GitHub/HandVerify/datasets/processed-handwritten/iam_processed/651/r02-117.png,impostor,0.10803406685590744,0.6469272971153259,-0.5388932302594185,
/home/lorenzo/Documenti/GitHub/HandVerify/datasets/processed-handwritten/iam_processed/250/f01-058.png,/home/lorenzo/Documenti/GitHub/HandVerify/datasets/processed-handwritten/iam_processed/384/j06-000.png,impostor,-0.1229134052991867,0.6469272971153259,-0.7698407024145126,
/home/lorenzo/Documenti/GitHub/HandVerify/datasets/processed-handwritten/iam_processed/133/c06-116.png,/home/lorenzo/Documenti/GitHub/HandVerify/datasets/processed-handwritten/iam_processed/344/g06-050m.png,impostor,0.024477191269397736,0.6469272971153259,-0.6224501058459282,
/home/lorenzo/Documenti/GitHub/HandVerify/datasets/processed-handwritten/iam_processed/229/e02-117.png,/home/lorenzo/Documenti/GitHub/HandVerify/datasets/processed-handwritten/iam_processed/384/h06-085.png,impostor,-0.1013541966676712,0.6469272971153259,-0.7482814937829971,
/home/lorenzo/Documenti/GitHub/HandVerify/datasets/processed-handwritten/iam_processed/110/b04-096.png,/home/lorenzo/Documenti/GitHub/HandVerify/datasets/processed-handwritten/iam_processed/110/b04-103.png,genuine,0.9547468423843384,0.6469272971153259,0.30781954526901245,
/home/lorenzo/Documenti/GitHub/HandVerify/datasets/processed-handwritten/iam_processed/165/c04-080.png,/home/lorenzo/Documenti/GitHub/HandVerify/datasets/processed-handwritten/iam_processed/332/g06-050a.png,impostor,-0.42206305265426636,0.6469272971153259,-1.0689903497695923,
/home/lorenzo/Documenti/GitHub/HandVerify/datasets/processed-handwritten/iam_processed/341/g06-018j.png,/home/lorenzo/Documenti/GitHub/HandVerify/datasets/processed-handwritten/iam_processed/341/g06-026j.png,genuine,0.9340919256210327,0.6469272971153259,0.2871646285057068,
/home/lorenzo/Documenti/GitHub/HandVerify/datasets/processed-handwritten/iam_processed/150/c03-084a.png,/home/lorenzo/Documenti/GitHub/HandVerify/datasets/processed-handwritten/iam_processed/150/c03-096a.png,genuine,0.9539291262626648,0.6469272971153259,0.30700182914733887,
/home/lorenzo/Documenti/GitHub/HandVerify/datasets/processed-handwritten/iam_processed/150/c03-084a.png,/home/lorenzo/Documenti/GitHub/HandVerify/datasets/processed-handwritten/iam_processed/150/c03-003a.png,genuine,0.8739632368087769,0.6469272971153259,0.22703593969345093,
/home/lorenzo/Documenti/GitHub/HandVerify/datasets/processed-handwritten/iam_processed/133/c06-043.png,/home/lorenzo/Documenti/GitHub/HandVerify/datasets/processed-handwritten/iam_processed/133/c06-080.png,genuine,0.8501331210136414,0.6469272971153259,0.20320582389831543,
/home/lorenzo/Documenti/GitHub/HandVerify/datasets/processed-handwritten/iam_processed/285/f07-039a.png,/home/lorenzo/Documenti/GitHub/HandVerify/datasets/processed-handwritten/iam_processed/285/f07-000.png,genuine,0.9932138919830322,0.6469272971153259,0.3462865948677063,
/home/lorenzo/Documenti/GitHub/HandVerify/datasets/processed-handwritten/iam_processed/341/g06-037j.png,/home/lorenzo/Documenti/GitHub/HandVerify/datasets/processed-handwritten/iam_processed/341/g06-031j.png,genuine,0.9692882895469666,0.6469272971153259,0.3223609924316406,
/home/lorenzo/Documenti/GitHub/HandVerify/datasets/processed-handwritten/iam_processed/583/n04-052.png,/home/lorenzo/Documenti/GitHub/HandVerify/datasets/processed-handwritten/iam_processed/583/n04-075.png,genuine,0.9820501804351807,0.6469272971153259,0.33512288331985474,
/home/lorenzo/Documenti/GitHub/HandVerify/datasets/processed-handwritten/iam_processed/285/g07-079a.png,/home/lorenzo/Documenti/GitHub/HandVerify/datasets/processed-handwritten/iam_processed/285/f07-000.png,genuine,0.9813677072525024,0.6469272971153259,0.3344404101371765,
/home/lorenzo/Documenti/GitHub/HandVerify/datasets/processed-handwritten/iam_processed/339/g06-031h.png,/home/lorenzo/Documenti/GitHub/HandVerify/datasets/processed-handwritten/iam_processed/339/g06-037h.png,genuine,0.940025806427002,0.6469272971153259,0.293098509311676,
/home/lorenzo/Documenti/GitHub/HandVerify/datasets/processed-handwritten/iam_processed/552/m06-106.png,/home/lorenzo/Documenti/GitHub/HandVerify/datasets/processed-handwritten/iam_processed/552/m06-048.png,genuine,0.9964379072189331,0.6469272971153259,0.3495106101036072,
/home/lorenzo/Documenti/GitHub/HandVerify/datasets/processed-handwritten/iam_processed/513/m01-104.png,/home/lorenzo/Documenti/GitHub/HandVerify/datasets/processed-handwritten/iam_processed/537/m03-013.png,impostor,-0.14256583154201508,0.6469272971153259,-0.789493128657341,
/home/lorenzo/Documenti/GitHub/HandVerify/datasets/processed-handwritten/iam_processed/079/a06-090.png,/home/lorenzo/Documenti/GitHub/HandVerify/datasets/processed-handwritten/iam_processed/280/f04-064.png,impostor,0.4177648723125458,0.6469272971153259,-0.22916242480278015,
/home/lorenzo/Documenti/GitHub/HandVerify/datasets/processed-handwritten/iam_processed/341/g06-018j.png,/home/lorenzo/Documenti/GitHub/HandVerify/datasets/processed-handwritten/iam_processed/431/k03-117.png,impostor,0.43103301525115967,0.6469272971153259,-0.21589428186416626,
/home/lorenzo/Documenti/GitHub/HandVerify/datasets/processed-handwritten/iam_processed/412/j04-098.png,/home/lorenzo/Documenti/GitHub/HandVerify/datasets/processed-handwritten/iam_processed/521/m02-052.png,impostor,0.7213208079338074,0.6469272971153259,0.07439351081848145,false_accept
/home/lorenzo/Documenti/GitHub/HandVerify/datasets/processed-handwritten/iam_processed/150/c03-087a.png,/home/lorenzo/Documenti/GitHub/HandVerify/datasets/processed-handwritten/iam_processed/550/m04-231.png,impostor,-0.33664101362228394,0.6469272971153259,-0.9835683107376099,
/home/lorenzo/Documenti/GitHub/HandVerify/datasets/processed-handwritten/iam_processed/550/n04-009.png,/home/lorenzo/Documenti/GitHub/HandVerify/datasets/processed-handwritten/iam_processed/550/m04-246.png,genuine,0.826826810836792,0.6469272971153259,0.17989951372146606,
/home/lorenzo/Documenti/GitHub/HandVerify/datasets/processed-handwritten/iam_processed/337/g06-045f.png,/home/lorenzo/Documenti/GitHub/HandVerify/datasets/processed-handwritten/iam_processed/337/g06-037f.png,genuine,0.9835702180862427,0.6469272971153259,0.33664292097091675,
/home/lorenzo/Documenti/GitHub/HandVerify/datasets/processed-handwritten/iam_processed/327/g04-081.png,/home/lorenzo/Documenti/GitHub/HandVerify/datasets/processed-handwritten/iam_processed/550/m04-231.png,impostor,0.1156705766916275,0.6469272971153259,-0.5312567204236984,
/home/lorenzo/Documenti/GitHub/HandVerify/datasets/processed-handwritten/iam_processed/285/f07-042a.png,/home/lorenzo/Documenti/GitHub/HandVerify/datasets/processed-handwritten/iam_processed/555/n01-031.png,impostor,-0.355701208114624,0.6469272971153259,-1.00262850522995,
/home/lorenzo/Documenti/GitHub/HandVerify/datasets/processed-handwritten/iam_processed/555/n01-045.png,/home/lorenzo/Documenti/GitHub/HandVerify/datasets/processed-handwritten/iam_processed/555/n01-031.png,genuine,0.783029317855835,0.6469272971153259,0.13610202074050903,
/home/lorenzo/Documenti/GitHub/HandVerify/datasets/processed-handwritten/iam_processed/337/g06-026f.png,/home/lorenzo/Documenti/GitHub/HandVerify/datasets/processed-handwritten/iam_processed/337/g06-047f.png,genuine,0.9872411489486694,0.6469272971153259,0.3403138518333435,
/home/lorenzo/Documenti/GitHub/HandVerify/datasets/processed-handwritten/iam_processed/341/g06-031j.png,/home/lorenzo/Documenti/GitHub/HandVerify/datasets/processed-handwritten/iam_processed/341/g06-026j.png,genuine,0.9500522017478943,0.6469272971153259,0.30312490463256836,
/home/lorenzo/Documenti/GitHub/HandVerify/datasets/processed-handwritten/iam_processed/341/g06-011j.png,/home/lorenzo/Documenti/GitHub/HandVerify/datasets/processed-handwritten/iam_processed/341/g06-045j.png,genuine,0.9391189217567444,0.6469272971153259,0.29219162464141846,
/home/lorenzo/Documenti/GitHub/HandVerify/datasets/processed-handwritten/iam_processed/150/c03-016a.png,/home/lorenzo/Documenti/GitHub/HandVerify/datasets/processed-handwritten/iam_processed/150/c03-096a.png,genuine,0.9493287205696106,0.6469272971153259,0.30240142345428467,
/home/lorenzo/Documenti/GitHub/HandVerify/datasets/processed-handwritten/iam_processed/384/j06-000.png,/home/lorenzo/Documenti/GitHub/HandVerify/datasets/processed-handwritten/iam_processed/384/h06-096.png,genuine,0.9049004316329956,0.6469272971153259,0.2579731345176697,
/home/lorenzo/Documenti/GitHub/HandVerify/datasets/processed-handwritten/iam_processed/550/m04-238.png,/home/lorenzo/Documenti/GitHub/HandVerify/datasets/processed-handwritten/iam_processed/550/m04-246.png,genuine,0.8563716411590576,0.6469272971153259,0.2094443440437317,
/home/lorenzo/Documenti/GitHub/HandVerify/datasets/processed-handwritten/iam_processed/360/h01-027.png,/home/lorenzo/Documenti/GitHub/HandVerify/datasets/processed-handwritten/iam_processed/501/m01-017.png,impostor,0.4066793620586395,0.6469272971153259,-0.2402479350566864,
/home/lorenzo/Documenti/GitHub/HandVerify/datasets/processed-handwritten/iam_processed/150/c03-021a.png,/home/lorenzo/Documenti/GitHub/HandVerify/datasets/processed-handwritten/iam_processed/581/n03-126.png,impostor,-0.09412957727909088,0.6469272971153259,-0.7410568743944168,
/home/lorenzo/Documenti/GitHub/HandVerify/datasets/processed-handwritten/iam_processed/112/b04-154.png,/home/lorenzo/Documenti/GitHub/HandVerify/datasets/processed-handwritten/iam_processed/552/m06-106.png,impostor,0.2308800220489502,0.6469272971153259,-0.41604727506637573,
/home/lorenzo/Documenti/GitHub/HandVerify/datasets/processed-handwritten/iam_processed/150/c03-084a.png,/home/lorenzo/Documenti/GitHub/HandVerify/datasets/processed-handwritten/iam_processed/150/c03-021a.png,genuine,0.8762322664260864,0.6469272971153259,0.2293049693107605,
/home/lorenzo/Documenti/GitHub/HandVerify/datasets/processed-handwritten/iam_processed/332/g06-050a.png,/home/lorenzo/Documenti/GitHub/HandVerify/datasets/processed-handwritten/iam_processed/332/g06-011a.png,genuine,0.8933897018432617,0.6469272971153259,0.2464624047279358,
/home/lorenzo/Documenti/GitHub/HandVerify/datasets/processed-handwritten/iam_processed/303/g02-059.png,/home/lorenzo/Documenti/GitHub/HandVerify/datasets/processed-handwritten/iam_processed/341/g06-018j.png,impostor,-0.004548963159322739,0.6469272971153259,-0.6514762602746487,
/home/lorenzo/Documenti/GitHub/HandVerify/datasets/processed-handwritten/iam_processed/384/h06-089.png,/home/lorenzo/Documenti/GitHub/HandVerify/datasets/processed-handwritten/iam_processed/384/j06-008.png,genuine,0.8380270004272461,0.6469272971153259,0.19109970331192017,
/home/lorenzo/Documenti/GitHub/HandVerify/datasets/processed-handwritten/iam_processed/552/m06-076.png,/home/lorenzo/Documenti/GitHub/HandVerify/datasets/processed-handwritten/iam_processed/552/m06-048.png,genuine,0.9743947982788086,0.6469272971153259,0.32746750116348267,
/home/lorenzo/Documenti/GitHub/HandVerify/datasets/processed-handwritten/iam_processed/344/g06-018m.png,/home/lorenzo/Documenti/GitHub/HandVerify/datasets/processed-handwritten/iam_processed/344/g06-047m.png,genuine,0.8251389265060425,0.6469272971153259,0.17821162939071655,
/home/lorenzo/Documenti/GitHub/HandVerify/datasets/processed-handwritten/iam_processed/179/d01-080.png,/home/lorenzo/Documenti/GitHub/HandVerify/datasets/processed-handwritten/iam_processed/220/e02-018.png,impostor,0.15934424102306366,0.6469272971153259,-0.48758305609226227,
/home/lorenzo/Documenti/GitHub/HandVerify/datasets/processed-handwritten/iam_processed/150/c03-081a.png,/home/lorenzo/Documenti/GitHub/HandVerify/datasets/processed-handwritten/iam_processed/150/c03-000a.png,genuine,0.7400381565093994,0.6469272971153259,0.09311085939407349,
/home/lorenzo/Documenti/GitHub/HandVerify/datasets/processed-handwritten/iam_processed/599/p02-081.png,/home/lorenzo/Documenti/GitHub/HandVerify/datasets/processed-handwritten/iam_processed/599/p02-076.png,genuine,0.9884732365608215,0.6469272971153259,0.3415459394454956,
/home/lorenzo/Documenti/GitHub/HandVerify/datasets/processed-handwritten/iam_processed/055/a03-063.png,/home/lorenzo/Documenti/GitHub/HandVerify/datasets/processed-handwritten/iam_processed/341/g06-045j.png,impostor,0.33631089329719543,0.6469272971153259,-0.3106164038181305,
/home/lorenzo/Documenti/GitHub/HandVerify/datasets/processed-handwritten/iam_processed/341/g06-011j.png,/home/lorenzo/Documenti/GitHub/HandVerify/datasets/processed-handwritten/iam_processed/341/g06-037j.png,genuine,0.9557779431343079,0.6469272971153259,0.30885064601898193,
/home/lorenzo/Documenti/GitHub/HandVerify/datasets/processed-handwritten/iam_processed/337/g06-031f.png,/home/lorenzo/Documenti/GitHub/HandVerify/datasets/processed-handwritten/iam_processed/337/g06-047f.png,genuine,0.9693751335144043,0.6469272971153259,0.32244783639907837,
/home/lorenzo/Documenti/GitHub/HandVerify/datasets/processed-handwritten/iam_processed/285/f07-042a.png,/home/lorenzo/Documenti/GitHub/HandVerify/datasets/processed-handwritten/iam_processed/285/f07-046a.png,genuine,0.9977453351020813,0.6469272971153259,0.35081803798675537,
/home/lorenzo/Documenti/GitHub/HandVerify/datasets/processed-handwritten/iam_processed/337/g06-031f.png,/home/lorenzo/Documenti/GitHub/HandVerify/datasets/processed-handwritten/iam_processed/337/g06-042f.png,genuine,0.9369159936904907,0.6469272971153259,0.2899886965751648,
/home/lorenzo/Documenti/GitHub/HandVerify/datasets/processed-handwritten/iam_processed/091/b01-079.png,/home/lorenzo/Documenti/GitHub/HandVerify/datasets/processed-handwritten/iam_processed/426/k02-093.png,impostor,-0.002888910472393036,0.6469272971153259,-0.649816207587719,
/home/lorenzo/Documenti/GitHub/HandVerify/datasets/processed-handwritten/iam_processed/456/k07-185.png,/home/lorenzo/Documenti/GitHub/HandVerify/datasets/processed-handwritten/iam_processed/456/k07-152.png,genuine,0.7892042994499207,0.6469272971153259,0.14227700233459473,
/home/lorenzo/Documenti/GitHub/HandVerify/datasets/processed-handwritten/iam_processed/293/f07-088b.png,/home/lorenzo/Documenti/GitHub/HandVerify/datasets/processed-handwritten/iam_processed/293/f07-092b.png,genuine,0.9548588395118713,0.6469272971153259,0.3079315423965454,
/home/lorenzo/Documenti/GitHub/HandVerify/datasets/processed-handwritten/iam_processed/169/c04-139.png,/home/lorenzo/Documenti/GitHub/HandVerify/datasets/processed-handwritten/iam_processed/169/c04-134.png,genuine,0.9858049154281616,0.6469272971153259,0.3388776183128357,
/home/lorenzo/Documenti/GitHub/HandVerify/datasets/processed-handwritten/iam_processed/288/f07-024a.png,/home/lorenzo/Documenti/GitHub/HandVerify/datasets/processed-handwritten/iam_processed/288/f07-019a.png,genuine,0.9182565212249756,0.6469272971153259,0.27132922410964966,
/home/lorenzo/Documenti/GitHub/HandVerify/datasets/processed-handwritten/iam_processed/293/f07-096.png,/home/lorenzo/Documenti/GitHub/HandVerify/datasets/processed-handwritten/iam_processed/293/g07-000b.png,genuine,0.9707956910133362,0.6469272971153259,0.32386839389801025,
/home/lorenzo/Documenti/GitHub/HandVerify/datasets/processed-handwritten/iam_processed/087/b01-004.png,/home/lorenzo/Documenti/GitHub/HandVerify/datasets/processed-handwritten/iam_processed/150/c03-096a.png,impostor,-0.15702761709690094,0.6469272971153259,-0.8039549142122269,
/home/lorenzo/Documenti/GitHub/HandVerify/datasets/processed-handwritten/iam_processed/344/g06-050m.png,/home/lorenzo/Documenti/GitHub/HandVerify/datasets/processed-handwritten/iam_processed/456/k07-176.png,impostor,0.06944058835506439,0.6469272971153259,-0.5774867087602615,
/home/lorenzo/Documenti/GitHub/HandVerify/datasets/processed-handwritten/iam_processed/150/c03-016a.png,/home/lorenzo/Documenti/GitHub/HandVerify/datasets/processed-handwritten/iam_processed/150/c03-087a.png,genuine,0.9363508224487305,0.6469272971153259,0.28942352533340454,
/home/lorenzo/Documenti/GitHub/HandVerify/datasets/processed-handwritten/iam_processed/212/e01-032.png,/home/lorenzo/Documenti/GitHub/HandVerify/datasets/processed-handwritten/iam_processed/212/e01-035.png,genuine,0.460329532623291,0.6469272971153259,-0.1865977644920349,false_reject
/home/lorenzo/Documenti/GitHub/HandVerify/datasets/processed-handwritten/iam_processed/112/b04-134.png,/home/lorenzo/Documenti/GitHub/HandVerify/datasets/processed-handwritten/iam_processed/112/b04-154.png,genuine,0.9789937138557434,0.6469272971153259,0.3320664167404175,
/home/lorenzo/Documenti/GitHub/HandVerify/datasets/processed-handwritten/iam_processed/212/e01-035.png,/home/lorenzo/Documenti/GitHub/HandVerify/datasets/processed-handwritten/iam_processed/442/k04-028.png,impostor,-0.28806787729263306,0.6469272971153259,-0.934995174407959,
/home/lorenzo/Documenti/GitHub/HandVerify/datasets/processed-handwritten/iam_processed/337/g06-011f.png,/home/lorenzo/Documenti/GitHub/HandVerify/datasets/processed-handwritten/iam_processed/337/g06-018f.png,genuine,0.9799001216888428,0.6469272971153259,0.33297282457351685,
/home/lorenzo/Documenti/GitHub/HandVerify/datasets/processed-handwritten/iam_processed/341/g06-018j.png,/home/lorenzo/Documenti/GitHub/HandVerify/datasets/processed-handwritten/iam_processed/341/g06-042j.png,genuine,0.8496059775352478,0.6469272971153259,0.20267868041992188,
/home/lorenzo/Documenti/GitHub/HandVerify/datasets/processed-handwritten/iam_processed/344/g06-031m.png,/home/lorenzo/Documenti/GitHub/HandVerify/datasets/processed-handwritten/iam_processed/344/g06-047m.png,genuine,0.8640708923339844,0.6469272971153259,0.21714359521865845,
/home/lorenzo/Documenti/GitHub/HandVerify/datasets/processed-handwritten/iam_processed/339/g06-031h.png,/home/lorenzo/Documenti/GitHub/HandVerify/datasets/processed-handwritten/iam_processed/339/g06-011h.png,genuine,0.8830550909042358,0.6469272971153259,0.2361277937889099,
/home/lorenzo/Documenti/GitHub/HandVerify/datasets/processed-handwritten/iam_processed/384/j06-005.png,/home/lorenzo/Documenti/GitHub/HandVerify/datasets/processed-handwritten/iam_processed/384/h06-085.png,genuine,0.7449407577514648,0.6469272971153259,0.09801346063613892,
/home/lorenzo/Documenti/GitHub/HandVerify/datasets/processed-handwritten/iam_processed/583/n04-075.png,/home/lorenzo/Documenti/GitHub/HandVerify/datasets/processed-handwritten/iam_processed/583/n04-068.png,genuine,0.9813923835754395,0.6469272971153259,0.3344650864601135,
/home/lorenzo/Documenti/GitHub/HandVerify/datasets/processed-handwritten/iam_processed/285/f07-039a.png,/home/lorenzo/Documenti/GitHub/HandVerify/datasets/processed-handwritten/iam_processed/285/f07-042a.png,genuine,0.9965851306915283,0.6469272971153259,0.3496578335762024,
/home/lorenzo/Documenti/GitHub/HandVerify/datasets/processed-handwritten/iam_processed/150/c03-096a.png,/home/lorenzo/Documenti/GitHub/HandVerify/datasets/processed-handwritten/iam_processed/293/g07-000b.png,impostor,-0.11056318879127502,0.6469272971153259,-0.757490485906601,
/home/lorenzo/Documenti/GitHub/HandVerify/datasets/processed-handwritten/iam_processed/211/e01-025.png,/home/lorenzo/Documenti/GitHub/HandVerify/datasets/processed-handwritten/iam_processed/367/h02-022.png,impostor,-0.3018582761287689,0.6469272971153259,-0.9487855732440948,
/home/lorenzo/Documenti/GitHub/HandVerify/datasets/processed-handwritten/iam_processed/552/m06-056.png,/home/lorenzo/Documenti/GitHub/HandVerify/datasets/processed-handwritten/iam_processed/552/m06-098.png,genuine,0.8849183320999146,0.6469272971153259,0.23799103498458862,
/home/lorenzo/Documenti/GitHub/HandVerify/datasets/processed-handwritten/iam_processed/344/g06-042m.png,/home/lorenzo/Documenti/GitHub/HandVerify/datasets/processed-handwritten/iam_processed/442/k04-033.png,impostor,0.0414811372756958,0.6469272971153259,-0.6054461598396301,
/home/lorenzo/Documenti/GitHub/HandVerify/datasets/processed-handwritten/iam_processed/150/c03-087a.png,/home/lorenzo/Documenti/GitHub/HandVerify/datasets/processed-handwritten/iam_processed/150/c03-003a.png,genuine,0.9424444437026978,0.6469272971153259,0.2955171465873718,
/home/lorenzo/Documenti/GitHub/HandVerify/datasets/processed-handwritten/iam_processed/110/b04-081.png,/home/lorenzo/Documenti/GitHub/HandVerify/datasets/processed-handwritten/iam_processed/555/n01-020.png,impostor,-0.31381893157958984,0.6469272971153259,-0.9607462286949158,
/home/lorenzo/Documenti/GitHub/HandVerify/datasets/processed-handwritten/iam_processed/062/a04-072.png,/home/lorenzo/Documenti/GitHub/HandVerify/datasets/processed-handwritten/iam_processed/062/a04-066.png,genuine,0.6455912590026855,0.6469272971153259,-0.0013360381126403809,false_reject
/home/lorenzo/Documenti/GitHub/HandVerify/datasets/processed-handwritten/iam_processed/285/f07-042a.png,/home/lorenzo/Documenti/GitHub/HandVerify/datasets/processed-handwritten/iam_processed/350/g07-010b.png,impostor,-0.03421558439731598,0.6469272971153259,-0.6811428815126419,
/home/lorenzo/Documenti/GitHub/HandVerify/datasets/processed-handwritten/iam_processed/350/g07-014b.png,/home/lorenzo/Documenti/GitHub/HandVerify/datasets/processed-handwritten/iam_processed/350/g07-003b.png,genuine,0.9397285580635071,0.6469272971153259,0.29280126094818115,
/home/lorenzo/Documenti/GitHub/HandVerify/datasets/processed-handwritten/iam_processed/150/c03-081a.png,/home/lorenzo/Documenti/GitHub/HandVerify/datasets/processed-handwritten/iam_processed/478/l03-008.png,impostor,0.734541118144989,0.6469272971153259,0.08761382102966309,false_accept
/home/lorenzo/Documenti/GitHub/HandVerify/datasets/processed-handwritten/iam_processed/384/j06-000.png,/home/lorenzo/Documenti/GitHub/HandVerify/datasets/processed-handwritten/iam_processed/384/h06-092.png,genuine,0.7520474195480347,0.6469272971153259,0.10512012243270874,
/home/lorenzo/Documenti/GitHub/HandVerify/datasets/processed-handwritten/iam_processed/267/f03-169.png,/home/lorenzo/Documenti/GitHub/HandVerify/datasets/processed-handwritten/iam_processed/524/m02-066.png,impostor,0.52443927526474,0.6469272971153259,-0.12248802185058594,
/home/lorenzo/Documenti/GitHub/HandVerify/datasets/processed-handwritten/iam_processed/337/g06-047f.png,/home/lorenzo/Documenti/GitHub/HandVerify/datasets/processed-handwritten/iam_processed/337/g06-045f.png,genuine,0.9960800409317017,0.6469272971153259,0.34915274381637573,
/home/lorenzo/Documenti/GitHub/HandVerify/datasets/processed-handwritten/iam_processed/456/k07-166.png,/home/lorenzo/Documenti/GitHub/HandVerify/datasets/processed-handwritten/iam_processed/513/m01-104.png,impostor,0.2947937846183777,0.6469272971153259,-0.35213351249694824,
/home/lorenzo/Documenti/GitHub/HandVerify/datasets/processed-handwritten/iam_processed/341/g06-050j.png,/home/lorenzo/Documenti/GitHub/HandVerify/datasets/processed-handwritten/iam_processed/341/g06-031j.png,genuine,0.9748183488845825,0.6469272971153259,0.3278910517692566,
/home/lorenzo/Documenti/GitHub/HandVerify/datasets/processed-handwritten/iam_processed/587/n04-209.png,/home/lorenzo/Documenti/GitHub/HandVerify/datasets/processed-handwritten/iam_processed/587/n04-202.png,genuine,0.7188751697540283,0.6469272971153259,0.07194787263870239,
/home/lorenzo/Documenti/GitHub/HandVerify/datasets/processed-handwritten/iam_processed/550/n04-000.png,/home/lorenzo/Documenti/GitHub/HandVerify/datasets/processed-handwritten/iam_processed/550/m04-246.png,genuine,0.9667454361915588,0.6469272971153259,0.3198181390762329,
/home/lorenzo/Documenti/GitHub/HandVerify/datasets/processed-handwritten/iam_processed/110/b04-103.png,/home/lorenzo/Documenti/GitHub/HandVerify/datasets/processed-handwritten/iam_processed/250/f01-053.png,impostor,0.6252217888832092,0.6469272971153259,-0.0217055082321167,
/home/lorenzo/Documenti/GitHub/HandVerify/datasets/processed-handwritten/iam_processed/341/g06-011j.png,/home/lorenzo/Documenti/GitHub/HandVerify/datasets/processed-handwritten/iam_processed/341/g06-047j.png,genuine,0.896347165107727,0.6469272971153259,0.24941986799240112,
/home/lorenzo/Documenti/GitHub/HandVerify/datasets/processed-handwritten/iam_processed/237/e04-068.png,/home/lorenzo/Documenti/GitHub/HandVerify/datasets/processed-handwritten/iam_processed/237/e04-062.png,genuine,0.8388453722000122,0.6469272971153259,0.19191807508468628,
/home/lorenzo/Documenti/GitHub/HandVerify/datasets/processed-handwritten/iam_processed/341/g06-031j.png,/home/lorenzo/Documenti/GitHub/HandVerify/datasets/processed-handwritten/iam_processed/341/g06-045j.png,genuine,0.9787036180496216,0.6469272971153259,0.33177632093429565,
/home/lorenzo/Documenti/GitHub/HandVerify/datasets/processed-handwritten/iam_processed/341/g06-047j.png,/home/lorenzo/Documenti/GitHub/HandVerify/datasets/processed-handwritten/iam_processed/341/g06-045j.png,genuine,0.9589816331863403,0.6469272971153259,0.3120543360710144,
/home/lorenzo/Documenti/GitHub/HandVerify/datasets/processed-handwritten/iam_processed/384/j06-000.png,/home/lorenzo/Documenti/GitHub/HandVerify/datasets/processed-handwritten/iam_processed/384/h06-082.png,genuine,0.6769196391105652,0.6469272971153259,0.029992341995239258,
/home/lorenzo/Documenti/GitHub/HandVerify/datasets/processed-handwritten/iam_processed/341/g06-042j.png,/home/lorenzo/Documenti/GitHub/HandVerify/datasets/processed-handwritten/iam_processed/341/g06-045j.png,genuine,0.9053922891616821,0.6469272971153259,0.2584649920463562,
/home/lorenzo/Documenti/GitHub/HandVerify/datasets/processed-handwritten/iam_processed/341/g06-031j.png,/home/lorenzo/Documenti/GitHub/HandVerify/datasets/processed-handwritten/iam_processed/350/g07-014b.png,impostor,-0.21218527853488922,0.6469272971153259,-0.8591125756502151,
/home/lorenzo/Documenti/GitHub/HandVerify/datasets/processed-handwritten/iam_processed/031/a02-062.png,/home/lorenzo/Documenti/GitHub/HandVerify/datasets/processed-handwritten/iam_processed/211/e01-025.png,impostor,0.01622876152396202,0.6469272971153259,-0.6306985355913639,
/home/lorenzo/Documenti/GitHub/HandVerify/datasets/processed-handwritten/iam_processed/384/h06-082.png,/home/lorenzo/Documenti/GitHub/HandVerify/datasets/processed-handwritten/iam_processed/384/h06-085.png,genuine,0.9464872479438782,0.6469272971153259,0.29955995082855225,
/home/lorenzo/Documenti/GitHub/HandVerify/datasets/processed-handwritten/iam_processed/150/c03-081a.png,/home/lorenzo/Documenti/GitHub/HandVerify/datasets/processed-handwritten/iam_processed/212/e01-032.png,impostor,-0.2961406409740448,0.6469272971153259,-0.9430679380893707,
/home/lorenzo/Documenti/GitHub/HandVerify/datasets/processed-handwritten/iam_processed/007/a01-038.png,/home/lorenzo/Documenti/GitHub/HandVerify/datasets/processed-handwritten/iam_processed/150/c03-084a.png,impostor,0.0005833208560943604,0.6469272971153259,-0.6463439762592316,
/home/lorenzo/Documenti/GitHub/HandVerify/datasets/processed-handwritten/iam_processed/150/c03-094a.png,/home/lorenzo/Documenti/GitHub/HandVerify/datasets/processed-handwritten/iam_processed/150/c03-016a.png,genuine,0.966308057308197,0.6469272971153259,0.3193807601928711,
/home/lorenzo/Documenti/GitHub/HandVerify/datasets/processed-handwritten/iam_processed/285/f07-042a.png,/home/lorenzo/Documenti/GitHub/HandVerify/datasets/processed-handwritten/iam_processed/377/h04-035.png,impostor,-0.059939462691545486,0.6469272971153259,-0.7068667598068714,
/home/lorenzo/Documenti/GitHub/HandVerify/datasets/processed-handwritten/iam_processed/384/h06-089.png,/home/lorenzo/Documenti/GitHub/HandVerify/datasets/processed-handwritten/iam_processed/384/h06-079.png,genuine,0.6527521014213562,0.6469272971153259,0.0058248043060302734,
/home/lorenzo/Documenti/GitHub/HandVerify/datasets/processed-handwritten/iam_processed/552/m06-042.png,/home/lorenzo/Documenti/GitHub/HandVerify/datasets/processed-handwritten/iam_processed/599/p02-081.png,impostor,-0.2308846265077591,0.6469272971153259,-0.877811923623085,
/home/lorenzo/Documenti/GitHub/HandVerify/datasets/processed-handwritten/iam_processed/583/n04-068.png,/home/lorenzo/Documenti/GitHub/HandVerify/datasets/processed-handwritten/iam_processed/583/n04-048.png,genuine,0.9295492172241211,0.6469272971153259,0.28262192010879517,
/home/lorenzo/Documenti/GitHub/HandVerify/datasets/processed-handwritten/iam_processed/090/b01-044.png,/home/lorenzo/Documenti/GitHub/HandVerify/datasets/processed-handwritten/iam_processed/160/c04-023.png,impostor,0.005332406610250473,0.6469272971153259,-0.6415948905050755,
/home/lorenzo/Documenti/GitHub/HandVerify/datasets/processed-handwritten/iam_processed/087/b01-000.png,/home/lorenzo/Documenti/GitHub/HandVerify/datasets/processed-handwritten/iam_processed/087/b01-009.png,genuine,0.9664009213447571,0.6469272971153259,0.31947362422943115,
/home/lorenzo/Documenti/GitHub/HandVerify/datasets/processed-handwritten/iam_processed/165/c04-128.png,/home/lorenzo/Documenti/GitHub/HandVerify/datasets/processed-handwritten/iam_processed/213/e01-050.png,impostor,0.11872202157974243,0.6469272971153259,-0.5282052755355835,
/home/lorenzo/Documenti/GitHub/HandVerify/datasets/processed-handwritten/iam_processed/169/c04-139.png,/home/lorenzo/Documenti/GitHub/HandVerify/datasets/processed-handwritten/iam_processed/636/r02-000.png,impostor,0.1628536581993103,0.6469272971153259,-0.4840736389160156,
/home/lorenzo/Documenti/GitHub/HandVerify/datasets/processed-handwritten/iam_processed/178/d01-056.png,/home/lorenzo/Documenti/GitHub/HandVerify/datasets/processed-handwritten/iam_processed/211/e01-022.png,impostor,-0.05496794730424881,0.6469272971153259,-0.7018952444195747,
/home/lorenzo/Documenti/GitHub/HandVerify/datasets/processed-handwritten/iam_processed/341/g06-037j.png,/home/lorenzo/Documenti/GitHub/HandVerify/datasets/processed-handwritten/iam_processed/341/g06-042j.png,genuine,0.9874832630157471,0.6469272971153259,0.34055596590042114,
/home/lorenzo/Documenti/GitHub/HandVerify/datasets/processed-handwritten/iam_processed/078/a06-075.png,/home/lorenzo/Documenti/GitHub/HandVerify/datasets/processed-handwritten/iam_processed/167/c04-105.png,impostor,0.5854787826538086,0.6469272971153259,-0.061448514461517334,
/home/lorenzo/Documenti/GitHub/HandVerify/datasets/processed-handwritten/iam_processed/211/e01-025.png,/home/lorenzo/Documenti/GitHub/HandVerify/datasets/processed-handwritten/iam_processed/288/f07-028a.png,impostor,-0.1392175704240799,0.6469272971153259,-0.7861448675394058,
/home/lorenzo/Documenti/GitHub/HandVerify/datasets/processed-handwritten/iam_processed/456/k07-176.png,/home/lorenzo/Documenti/GitHub/HandVerify/datasets/processed-handwritten/iam_processed/518/m01-149.png,impostor,-0.10491088777780533,0.6469272971153259,-0.7518381848931313,
/home/lorenzo/Documenti/GitHub/HandVerify/datasets/processed-handwritten/iam_processed/339/g06-045h.png,/home/lorenzo/Documenti/GitHub/HandVerify/datasets/processed-handwritten/iam_processed/339/g06-047h.png,genuine,0.5472550392150879,0.6469272971153259,-0.09967225790023804,false_reject
/home/lorenzo/Documenti/GitHub/HandVerify/datasets/processed-handwritten/iam_processed/623/p03-080.png,/home/lorenzo/Documenti/GitHub/HandVerify/datasets/processed-handwritten/iam_processed/660/r03-030.png,impostor,0.21202751994132996,0.6469272971153259,-0.43489977717399597,
/home/lorenzo/Documenti/GitHub/HandVerify/datasets/processed-handwritten/iam_processed/087/b01-000.png,/home/lorenzo/Documenti/GitHub/HandVerify/datasets/processed-handwritten/iam_processed/363/h02-008.png,impostor,0.10747446864843369,0.6469272971153259,-0.5394528284668922,
/home/lorenzo/Documenti/GitHub/HandVerify/datasets/processed-handwritten/iam_processed/344/g06-047m.png,/home/lorenzo/Documenti/GitHub/HandVerify/datasets/processed-handwritten/iam_processed/344/g06-011m.png,genuine,0.8064073324203491,0.6469272971153259,0.1594800353050232,
/home/lorenzo/Documenti/GitHub/HandVerify/datasets/processed-handwritten/iam_processed/062/a04-066.png,/home/lorenzo/Documenti/GitHub/HandVerify/datasets/processed-handwritten/iam_processed/521/m02-052.png,impostor,-0.22176355123519897,0.6469272971153259,-0.8686908483505249,
/home/lorenzo/Documenti/GitHub/HandVerify/datasets/processed-handwritten/iam_processed/552/m06-031.png,/home/lorenzo/Documenti/GitHub/HandVerify/datasets/processed-handwritten/iam_processed/552/m06-106.png,genuine,0.744012713432312,0.6469272971153259,0.09708541631698608,
/home/lorenzo/Documenti/GitHub/HandVerify/datasets/processed-handwritten/iam_processed/587/n04-202.png,/home/lorenzo/Documenti/GitHub/HandVerify/datasets/processed-handwritten/iam_processed/587/n04-218.png,genuine,0.5661614537239075,0.6469272971153259,-0.08076584339141846,false_reject
/home/lorenzo/Documenti/GitHub/HandVerify/datasets/processed-handwritten/iam_processed/061/a04-047.png,/home/lorenzo/Documenti/GitHub/HandVerify/datasets/processed-handwritten/iam_processed/384/j06-005.png,impostor,-0.35335904359817505,0.6469272971153259,-1.000286340713501,
/home/lorenzo/Documenti/GitHub/HandVerify/datasets/processed-handwritten/iam_processed/150/c03-007a.png,/home/lorenzo/Documenti/GitHub/HandVerify/datasets/processed-handwritten/iam_processed/150/c03-081a.png,genuine,0.6968569755554199,0.6469272971153259,0.049929678440093994,
/home/lorenzo/Documenti/GitHub/HandVerify/datasets/processed-handwritten/iam_processed/288/f07-028a.png,/home/lorenzo/Documenti/GitHub/HandVerify/datasets/processed-handwritten/iam_processed/288/f07-024a.png,genuine,0.9102321267127991,0.6469272971153259,0.26330482959747314,
/home/lorenzo/Documenti/GitHub/HandVerify/datasets/processed-handwritten/iam_processed/341/g06-031j.png,/home/lorenzo/Documenti/GitHub/HandVerify/datasets/processed-handwritten/iam_processed/341/g06-047j.png,genuine,0.9832051992416382,0.6469272971153259,0.33627790212631226,
/home/lorenzo/Documenti/GitHub/HandVerify/datasets/processed-handwritten/iam_processed/344/g06-026m.png,/home/lorenzo/Documenti/GitHub/HandVerify/datasets/processed-handwritten/iam_processed/456/k07-185.png,impostor,-0.2016233205795288,0.6469272971153259,-0.8485506176948547,
/home/lorenzo/Documenti/GitHub/HandVerify/datasets/processed-handwritten/iam_processed/150/c03-007a.png,/home/lorenzo/Documenti/GitHub/HandVerify/datasets/processed-handwritten/iam_processed/150/c03-000a.png,genuine,0.9708018898963928,0.6469272971153259,0.3238745927810669,
/home/lorenzo/Documenti/GitHub/HandVerify/datasets/processed-handwritten/iam_processed/384/j06-014.png,/home/lorenzo/Documenti/GitHub/HandVerify/datasets/processed-handwritten/iam_processed/384/j06-005.png,genuine,0.8527646064758301,0.6469272971153259,0.20583730936050415,
/home/lorenzo/Documenti/GitHub/HandVerify/datasets/processed-handwritten/iam_processed/061/a04-050.png,/home/lorenzo/Documenti/GitHub/HandVerify/datasets/processed-handwritten/iam_processed/454/k07-059a.png,impostor,-0.3492892384529114,0.6469272971153259,-0.9962165355682373,
/home/lorenzo/Documenti/GitHub/HandVerify/datasets/processed-handwritten/iam_processed/339/g06-018h.png,/home/lorenzo/Documenti/GitHub/HandVerify/datasets/processed-handwritten/iam_processed/339/g06-042h.png,genuine,0.897083044052124,0.6469272971153259,0.2501557469367981,
/home/lorenzo/Documenti/GitHub/HandVerify/datasets/processed-handwritten/iam_processed/142/c02-030.png,/home/lorenzo/Documenti/GitHub/HandVerify/datasets/processed-handwritten/iam_processed/288/f07-021a.png,impostor,-0.2173433005809784,0.6469272971153259,-0.8642705976963043,
/home/lorenzo/Documenti/GitHub/HandVerify/datasets/processed-handwritten/iam_processed/344/g06-037m.png,/home/lorenzo/Documenti/GitHub/HandVerify/datasets/processed-handwritten/iam_processed/552/m06-048.png,impostor,-0.3271709680557251,0.6469272971153259,-0.974098265171051,
/home/lorenzo/Documenti/GitHub/HandVerify/datasets/processed-handwritten/iam_processed/555/n01-020.png,/home/lorenzo/Documenti/GitHub/HandVerify/datasets/processed-handwritten/iam_processed/555/n01-031.png,genuine,0.7076436281204224,0.6469272971153259,0.060716331005096436,
/home/lorenzo/Documenti/GitHub/HandVerify/datasets/processed-handwritten/iam_processed/288/f07-019a.png,/home/lorenzo/Documenti/GitHub/HandVerify/datasets/processed-handwritten/iam_processed/552/m06-031.png,impostor,-0.11094903200864792,0.6469272971153259,-0.7578763291239738,
/home/lorenzo/Documenti/GitHub/HandVerify/datasets/processed-handwritten/iam_processed/339/g06-047h.png,/home/lorenzo/Documenti/GitHub/HandVerify/datasets/processed-handwritten/iam_processed/339/g06-042h.png,genuine,0.41060271859169006,0.6469272971153259,-0.23632457852363586,false_reject
/home/lorenzo/Documenti/GitHub/HandVerify/datasets/processed-handwritten/iam_processed/494/l04-174.png,/home/lorenzo/Documenti/GitHub/HandVerify/datasets/processed-handwritten/iam_processed/494/l04-179.png,genuine,0.9563026428222656,0.6469272971153259,0.3093753457069397,
/home/lorenzo/Documenti/GitHub/HandVerify/datasets/processed-handwritten/iam_processed/552/m06-056.png,/home/lorenzo/Documenti/GitHub/HandVerify/datasets/processed-handwritten/iam_processed/552/m06-076.png,genuine,0.9179714322090149,0.6469272971153259,0.27104413509368896,
/home/lorenzo/Documenti/GitHub/HandVerify/datasets/processed-handwritten/iam_processed/110/b04-089.png,/home/lorenzo/Documenti/GitHub/HandVerify/datasets/processed-handwritten/iam_processed/442/k04-033.png,impostor,-0.5418540239334106,0.6469272971153259,-1.1887813210487366,
/home/lorenzo/Documenti/GitHub/HandVerify/datasets/processed-handwritten/iam_processed/296/g01-016.png,/home/lorenzo/Documenti/GitHub/HandVerify/datasets/processed-handwritten/iam_processed/556/n01-036.png,impostor,-0.22179286181926727,0.6469272971153259,-0.8687201589345932,
/home/lorenzo/Documenti/GitHub/HandVerify/datasets/processed-handwritten/iam_processed/150/c03-081a.png,/home/lorenzo/Documenti/GitHub/HandVerify/datasets/processed-handwritten/iam_processed/587/n04-218.png,impostor,-0.025856882333755493,0.6469272971153259,-0.6727841794490814,
/home/lorenzo/Documenti/GitHub/HandVerify/datasets/processed-handwritten/iam_processed/332/g06-018a.png,/home/lorenzo/Documenti/GitHub/HandVerify/datasets/processed-handwritten/iam_processed/332/g06-047a.png,genuine,0.9690683484077454,0.6469272971153259,0.32214105129241943,
/home/lorenzo/Documenti/GitHub/HandVerify/datasets/processed-handwritten/iam_processed/367/h02-022.png,/home/lorenzo/Documenti/GitHub/HandVerify/datasets/processed-handwritten/iam_processed/481/l04-026.png,impostor,0.410293847322464,0.6469272971153259,-0.23663344979286194,
/home/lorenzo/Documenti/GitHub/HandVerify/datasets/processed-handwritten/iam_processed/110/b04-096.png,/home/lorenzo/Documenti/GitHub/HandVerify/datasets/processed-handwritten/iam_processed/304/g02-062.png,impostor,-0.08016200363636017,0.6469272971153259,-0.7270893007516861,
/home/lorenzo/Documenti/GitHub/HandVerify/datasets/processed-handwritten/iam_processed/133/b06-064.png,/home/lorenzo/Documenti/GitHub/HandVerify/datasets/processed-handwritten/iam_processed/133/c06-116.png,genuine,0.9139857292175293,0.6469272971153259,0.26705843210220337,
/home/lorenzo/Documenti/GitHub/HandVerify/datasets/processed-handwritten/iam_processed/150/c03-021a.png,/home/lorenzo/Documenti/GitHub/HandVerify/datasets/processed-handwritten/iam_processed/337/g06-026f.png,impostor,-0.035214610397815704,0.6469272971153259,-0.6821419075131416,
/home/lorenzo/Documenti/GitHub/HandVerify/datasets/processed-handwritten/iam_processed/337/g06-026f.png,/home/lorenzo/Documenti/GitHub/HandVerify/datasets/processed-handwritten/iam_processed/337/g06-037f.png,genuine,0.9929851293563843,0.6469272971153259,0.34605783224105835,
/home/lorenzo/Documenti/GitHub/HandVerify/datasets/processed-handwritten/iam_processed/091/b01-073.png,/home/lorenzo/Documenti/GitHub/HandVerify/datasets/processed-handwritten/iam_processed/293/f07-096.png,impostor,-0.10029259324073792,0.6469272971153259,-0.7472198903560638,
/home/lorenzo/Documenti/GitHub/HandVerify/datasets/processed-handwritten/iam_processed/293/f07-088b.png,/home/lorenzo/Documenti/GitHub/HandVerify/datasets/processed-handwritten/iam_processed/304/g02-062.png,impostor,-0.09887270629405975,0.6469272971153259,-0.7458000034093857,
/home/lorenzo/Documenti/GitHub/HandVerify/datasets/processed-handwritten/iam_processed/341/g06-037j.png,/home/lorenzo/Documenti/GitHub/HandVerify/datasets/processed-handwritten/iam_processed/341/g06-026j.png,genuine,0.9430128931999207,0.6469272971153259,0.2960855960845947,
/home/lorenzo/Documenti/GitHub/HandVerify/datasets/processed-handwritten/iam_processed/337/g06-050f.png,/home/lorenzo/Documenti/GitHub/HandVerify/datasets/processed-handwritten/iam_processed/337/g06-018f.png,genuine,0.6588180661201477,0.6469272971153259,0.011890769004821777,
/home/lorenzo/Documenti/GitHub/HandVerify/datasets/processed-handwritten/iam_processed/137/c02-000.png,/home/lorenzo/Documenti/GitHub/HandVerify/datasets/processed-handwritten/iam_processed/285/f07-046a.png,impostor,-0.1231197789311409,0.6469272971153259,-0.7700470760464668,
/home/lorenzo/Documenti/GitHub/HandVerify/datasets/processed-handwritten/iam_processed/133/c06-043.png,/home/lorenzo/Documenti/GitHub/HandVerify/datasets/processed-handwritten/iam_processed/583/n04-060.png,impostor,-0.12437326461076736,0.6469272971153259,-0.7713005617260933,
/home/lorenzo/Documenti/GitHub/HandVerify/datasets/processed-handwritten/iam_processed/061/a04-054.png,/home/lorenzo/Documenti/GitHub/HandVerify/datasets/processed-handwritten/iam_processed/179/d01-080.png,impostor,-0.3042016923427582,0.6469272971153259,-0.9511289894580841,
/home/lorenzo/Documenti/GitHub/HandVerify/datasets/processed-handwritten/iam_processed/332/g06-045a.png,/home/lorenzo/Documenti/GitHub/HandVerify/datasets/processed-handwritten/iam_processed/332/g06-047a.png,genuine,0.8965126872062683,0.6469272971153259,0.24958539009094238,
/home/lorenzo/Documenti/GitHub/HandVerify/datasets/processed-handwritten/iam_processed/285/f07-039a.png,/home/lorenzo/Documenti/GitHub/HandVerify/datasets/processed-handwritten/iam_processed/442/k04-033.png,impostor,-0.30708587169647217,0.6469272971153259,-0.9540131688117981,
/home/lorenzo/Documenti/GitHub/HandVerify/datasets/processed-handwritten/iam_processed/337/g06-050f.png,/home/lorenzo/Documenti/GitHub/HandVerify/datasets/processed-handwritten/iam_processed/337/g06-037f.png,genuine,0.7684967517852783,0.6469272971153259,0.12156945466995239,
/home/lorenzo/Documenti/GitHub/HandVerify/datasets/processed-handwritten/iam_processed/110/b04-096.png,/home/lorenzo/Documenti/GitHub/HandVerify/datasets/processed-handwritten/iam_processed/350/g07-010b.png,impostor,-0.2966114580631256,0.6469272971153259,-0.9435387551784515,
/home/lorenzo/Documenti/GitHub/HandVerify/datasets/processed-handwritten/iam_processed/288/f07-032a.png,/home/lorenzo/Documenti/GitHub/HandVerify/datasets/processed-handwritten/iam_processed/288/f07-028a.png,genuine,0.996249258518219,0.6469272971153259,0.34932196140289307,
/home/lorenzo/Documenti/GitHub/HandVerify/datasets/processed-handwritten/iam_processed/090/b01-053.png,/home/lorenzo/Documenti/GitHub/HandVerify/datasets/processed-handwritten/iam_processed/090/b01-049.png,genuine,0.9236757159233093,0.6469272971153259,0.2767484188079834,
/home/lorenzo/Documenti/GitHub/HandVerify/datasets/processed-handwritten/iam_processed/341/g06-011j.png,/home/lorenzo/Documenti/GitHub/HandVerify/datasets/processed-handwritten/iam_processed/341/g06-042j.png,genuine,0.9300105571746826,0.6469272971153259,0.2830832600593567,
/home/lorenzo/Documenti/GitHub/HandVerify/datasets/processed-handwritten/iam_processed/344/g06-018m.png,/home/lorenzo/Documenti/GitHub/HandVerify/datasets/processed-handwritten/iam_processed/344/g06-037m.png,genuine,0.8645589351654053,0.6469272971153259,0.21763163805007935,
/home/lorenzo/Documenti/GitHub/HandVerify/datasets/processed-handwritten/iam_processed/344/g06-018m.png,/home/lorenzo/Documenti/GitHub/HandVerify/datasets/processed-handwritten/iam_processed/344/g06-045m.png,genuine,0.9184303879737854,0.6469272971153259,0.2715030908584595,
/home/lorenzo/Documenti/GitHub/HandVerify/datasets/processed-handwritten/iam_processed/237/e04-062.png,/home/lorenzo/Documenti/GitHub/HandVerify/datasets/processed-handwritten/iam_processed/575/n03-082.png,impostor,-0.1307748705148697,0.6469272971153259,-0.7777021676301956,
/home/lorenzo/Documenti/GitHub/HandVerify/datasets/processed-handwritten/iam_processed/294/g07-003a.png,/home/lorenzo/Documenti/GitHub/HandVerify/datasets/processed-handwritten/iam_processed/294/g07-000a.png,genuine,0.9853678941726685,0.6469272971153259,0.33844059705734253,
/home/lorenzo/Documenti/GitHub/HandVerify/datasets/processed-handwritten/iam_processed/341/g06-018j.png,/home/lorenzo/Documenti/GitHub/HandVerify/datasets/processed-handwritten/iam_processed/341/g06-045j.png,genuine,0.9583703279495239,0.6469272971153259,0.311443030834198,
/home/lorenzo/Documenti/GitHub/HandVerify/datasets/processed-handwritten/iam_processed/344/g06-018m.png,/home/lorenzo/Documenti/GitHub/HandVerify/datasets/processed-handwritten/iam_processed/344/g06-050m.png,genuine,0.8375598788261414,0.6469272971153259,0.19063258171081543,
/home/lorenzo/Documenti/GitHub/HandVerify/datasets/processed-handwritten/iam_processed/150/c03-081a.png,/home/lorenzo/Documenti/GitHub/HandVerify/datasets/processed-handwritten/iam_processed/150/c03-003a.png,genuine,0.7724624276161194,0.6469272971153259,0.12553513050079346,
/home/lorenzo/Documenti/GitHub/HandVerify/datasets/processed-handwritten/iam_processed/071/a06-036.png,/home/lorenzo/Documenti/GitHub/HandVerify/datasets/processed-handwritten/iam_processed/478/l03-008.png,impostor,-0.43180006742477417,0.6469272971153259,-1.0787273645401,
/home/lorenzo/Documenti/GitHub/HandVerify/datasets/processed-handwritten/iam_processed/293/g07-000b.png,/home/lorenzo/Documenti/GitHub/HandVerify/datasets/processed-handwritten/iam_processed/293/f07-088b.png,genuine,0.9702462553977966,0.6469272971153259,0.3233189582824707,
/home/lorenzo/Documenti/GitHub/HandVerify/datasets/processed-handwritten/iam_processed/150/c03-000a.png,/home/lorenzo/Documenti/GitHub/HandVerify/datasets/processed-handwritten/iam_processed/150/c03-021a.png,genuine,0.9614660143852234,0.6469272971153259,0.31453871726989746,
/home/lorenzo/Documenti/GitHub/HandVerify/datasets/processed-handwritten/iam_processed/461/l01-065.png,/home/lorenzo/Documenti/GitHub/HandVerify/datasets/processed-handwritten/iam_processed/644/r02-065.png,impostor,0.8739895224571228,0.6469272971153259,0.22706222534179688,false_accept
/home/lorenzo/Documenti/GitHub/HandVerify/datasets/processed-handwritten/iam_processed/344/g06-031m.png,/home/lorenzo/Documenti/GitHub/HandVerify/datasets/processed-handwritten/iam_processed/344/g06-011m.png,genuine,0.9625357389450073,0.6469272971153259,0.3156084418296814,
/home/lorenzo/Documenti/GitHub/HandVerify/datasets/processed-handwritten/iam_processed/112/b04-154.png,/home/lorenzo/Documenti/GitHub/HandVerify/datasets/processed-handwritten/iam_processed/112/b04-147.png,genuine,0.9375802874565125,0.6469272971153259,0.2906529903411865,
/home/lorenzo/Documenti/GitHub/HandVerify/datasets/processed-handwritten/iam_processed/339/g06-045h.png,/home/lorenzo/Documenti/GitHub/HandVerify/datasets/processed-handwritten/iam_processed/341/g06-050j.png,impostor,-0.2434236705303192,0.6469272971153259,-0.8903509676456451,
/home/lorenzo/Documenti/GitHub/HandVerify/datasets/processed-handwritten/iam_processed/150/c03-016a.png,/home/lorenzo/Documenti/GitHub/HandVerify/datasets/processed-handwritten/iam_processed/293/g07-000b.png,impostor,-0.08651565760374069,0.6469272971153259,-0.7334429547190666,
/home/lorenzo/Documenti/GitHub/HandVerify/datasets/processed-handwritten/iam_processed/150/c03-081a.png,/home/lorenzo/Documenti/GitHub/HandVerify/datasets/processed-handwritten/iam_processed/552/m06-056.png,impostor,-0.029870018362998962,0.6469272971153259,-0.6767973154783249,
/home/lorenzo/Documenti/GitHub/HandVerify/datasets/processed-handwritten/iam_processed/150/c03-007a.png,/home/lorenzo/Documenti/GitHub/HandVerify/datasets/processed-handwritten/iam_processed/150/c03-084a.png,genuine,0.8135781288146973,0.6469272971153259,0.16665083169937134,
/home/lorenzo/Documenti/GitHub/HandVerify/datasets/processed-handwritten/iam_processed/441/k04-014.png,/home/lorenzo/Documenti/GitHub/HandVerify/datasets/processed-handwritten/iam_processed/583/n04-060.png,impostor,-0.0430084764957428,0.6469272971153259,-0.6899357736110687,
/home/lorenzo/Documenti/GitHub/HandVerify/datasets/processed-handwritten/iam_processed/337/g06-050f.png,/home/lorenzo/Documenti/GitHub/HandVerify/datasets/processed-handwritten/iam_processed/337/g06-031f.png,genuine,0.769530177116394,0.6469272971153259,0.12260288000106812,
/home/lorenzo/Documenti/GitHub/HandVerify/datasets/processed-handwritten/iam_processed/091/b01-079.png,/home/lorenzo/Documenti/GitHub/HandVerify/datasets/processed-handwritten/iam_processed/150/c03-094a.png,impostor,-0.3535703122615814,0.6469272971153259,-1.0004976093769073,
/home/lorenzo/Documenti/GitHub/HandVerify/datasets/processed-handwritten/iam_processed/091/b01-073.png,/home/lorenzo/Documenti/GitHub/HandVerify/datasets/processed-handwritten/iam_processed/237/e04-062.png,impostor,-0.2720318138599396,0.6469272971153259,-0.9189591109752655,
/home/lorenzo/Documenti/GitHub/HandVerify/datasets/processed-handwritten/iam_processed/150/c03-087a.png,/home/lorenzo/Documenti/GitHub/HandVerify/datasets/processed-handwritten/iam_processed/384/h06-092.png,impostor,0.5594143271446228,0.6469272971153259,-0.08751296997070312,
/home/lorenzo/Documenti/GitHub/HandVerify/datasets/processed-handwritten/iam_processed/112/b04-147.png,/home/lorenzo/Documenti/GitHub/HandVerify/datasets/processed-handwritten/iam_processed/587/n04-218.png,impostor,0.08215322345495224,0.6469272971153259,-0.5647740736603737,
/home/lorenzo/Documenti/GitHub/HandVerify/datasets/processed-handwritten/iam_processed/341/g06-037j.png,/home/lorenzo/Documenti/GitHub/HandVerify/datasets/processed-handwritten/iam_processed/341/g06-047j.png,genuine,0.9510520696640015,0.6469272971153259,0.30412477254867554,
/home/lorenzo/Documenti/GitHub/HandVerify/datasets/processed-handwritten/iam_processed/288/f07-024a.png,/home/lorenzo/Documenti/GitHub/HandVerify/datasets/processed-handwritten/iam_processed/454/k07-059a.png,impostor,0.034375131130218506,0.6469272971153259,-0.6125521659851074,
/home/lorenzo/Documenti/GitHub/HandVerify/datasets/processed-handwritten/iam_processed/293/f07-092b.png,/home/lorenzo/Documenti/GitHub/HandVerify/datasets/processed-handwritten/iam_processed/552/m06-076.png,impostor,-0.24390757083892822,0.6469272971153259,-0.8908348679542542,
/home/lorenzo/Documenti/GitHub/HandVerify/datasets/processed-handwritten/iam_processed/010/a01-020x.png,/home/lorenzo/Documenti/GitHub/HandVerify/datasets/processed-handwritten/iam_processed/229/e02-117.png,impostor,0.02768184430897236,0.6469272971153259,-0.6192454528063536,
/home/lorenzo/Documenti/GitHub/HandVerify/datasets/processed-handwritten/iam_processed/332/g06-042a.png,/home/lorenzo/Documenti/GitHub/HandVerify/datasets/processed-handwritten/iam_processed/623/p03-080.png,impostor,0.1291210800409317,0.6469272971153259,-0.5178062170743942,
/home/lorenzo/Documenti/GitHub/HandVerify/datasets/processed-handwritten/iam_processed/133/c06-043.png,/home/lorenzo/Documenti/GitHub/HandVerify/datasets/processed-handwritten/iam_processed/133/c06-116.png,genuine,0.9369481205940247,0.6469272971153259,0.29002082347869873,
/home/lorenzo/Documenti/GitHub/HandVerify/datasets/processed-handwritten/iam_processed/332/g06-026a.png,/home/lorenzo/Documenti/GitHub/HandVerify/datasets/processed-handwritten/iam_processed/332/g06-011a.png,genuine,0.9800050854682922,0.6469272971153259,0.3330777883529663,
/home/lorenzo/Documenti/GitHub/HandVerify/datasets/processed-handwritten/iam_processed/344/g06-037m.png,/home/lorenzo/Documenti/GitHub/HandVerify/datasets/processed-handwritten/iam_processed/344/g06-047m.png,genuine,0.8701386451721191,0.6469272971153259,0.2232113480567932,
/home/lorenzo/Documenti/GitHub/HandVerify/datasets/processed-handwritten/iam_processed/078/a06-075.png,/home/lorenzo/Documenti/GitHub/HandVerify/datasets/processed-handwritten/iam_processed/220/e02-018.png,impostor,0.08631900697946548,0.6469272971153259,-0.5606082901358604,
/home/lorenzo/Documenti/GitHub/HandVerify/datasets/processed-handwritten/iam_processed/384/j06-005.png,/home/lorenzo/Documenti/GitHub/HandVerify/datasets/processed-handwritten/iam_processed/384/j06-008.png,genuine,0.9845792055130005,0.6469272971153259,0.33765190839767456,
/home/lorenzo/Documenti/GitHub/HandVerify/datasets/processed-handwritten/iam_processed/552/m06-098.png,/home/lorenzo/Documenti/GitHub/HandVerify/datasets/processed-handwritten/iam_processed/552/m06-042.png,genuine,0.9851958751678467,0.6469272971153259,0.33826857805252075,
/home/lorenzo/Documenti/GitHub/HandVerify/datasets/processed-handwritten/iam_processed/384/h06-079.png,/home/lorenzo/Documenti/GitHub/HandVerify/datasets/processed-handwritten/iam_processed/384/j06-008.png,genuine,0.6326614022254944,0.6469272971153259,-0.014265894889831543,false_reject
/home/lorenzo/Documenti/GitHub/HandVerify/datasets/processed-handwritten/iam_processed/212/e01-035.png,/home/lorenzo/Documenti/GitHub/HandVerify/datasets/processed-handwritten/iam_processed/339/g06-050h.png,impostor,0.5151015520095825,0.6469272971153259,-0.1318257451057434,
/home/lorenzo/Documenti/GitHub/HandVerify/datasets/processed-handwritten/iam_processed/294/g07-007a.png,/home/lorenzo/Documenti/GitHub/HandVerify/datasets/processed-handwritten/iam_processed/575/n03-082.png,impostor,-0.20129910111427307,0.6469272971153259,-0.848226398229599,
/home/lorenzo/Documenti/GitHub/HandVerify/datasets/processed-handwritten/iam_processed/344/g06-042m.png,/home/lorenzo/Documenti/GitHub/HandVerify/datasets/processed-handwritten/iam_processed/587/n04-202.png,impostor,0.2645224928855896,0.6469272971153259,-0.38240480422973633,
/home/lorenzo/Documenti/GitHub/HandVerify/datasets/processed-handwritten/iam_processed/585/n04-156.png,/home/lorenzo/Documenti/GitHub/HandVerify/datasets/processed-handwritten/iam_processed/585/n04-163.png,genuine,0.9636785984039307,0.6469272971153259,0.31675130128860474,
/home/lorenzo/Documenti/GitHub/HandVerify/datasets/processed-handwritten/iam_processed/024/a02-012.png,/home/lorenzo/Documenti/GitHub/HandVerify/datasets/processed-handwritten/iam_processed/442/k04-028.png,impostor,-0.030214130878448486,0.6469272971153259,-0.6771414279937744,
/home/lorenzo/Documenti/GitHub/HandVerify/datasets/processed-handwritten/iam_processed/029/a02-053.png,/home/lorenzo/Documenti/GitHub/HandVerify/datasets/processed-handwritten/iam_processed/236/e04-058.png,impostor,-0.0012908149510622025,0.6469272971153259,-0.6482181120663881,
/home/lorenzo/Documenti/GitHub/HandVerify/datasets/processed-handwritten/iam_processed/110/b04-081.png,/home/lorenzo/Documenti/GitHub/HandVerify/datasets/processed-handwritten/iam_processed/575/n03-082.png,impostor,0.8051193952560425,0.6469272971153259,0.15819209814071655,false_accept
/home/lorenzo/Documenti/GitHub/HandVerify/datasets/processed-handwritten/iam_processed/384/h06-096.png,/home/lorenzo/Documenti/GitHub/HandVerify/datasets/processed-handwritten/iam_processed/384/h06-092.png,genuine,0.7761340737342834,0.6469272971153259,0.12920677661895752,
/home/lorenzo/Documenti/GitHub/HandVerify/datasets/processed-handwritten/iam_processed/039/a02-120.png,/home/lorenzo/Documenti/GitHub/HandVerify/datasets/processed-handwritten/iam_processed/137/c02-000.png,impostor,0.504715085029602,0.6469272971153259,-0.14221221208572388,
/home/lorenzo/Documenti/GitHub/HandVerify/datasets/processed-handwritten/iam_processed/552/m06-076.png,/home/lorenzo/Documenti/GitHub/HandVerify/datasets/processed-handwritten/iam_processed/653/r02-131.png,impostor,-0.13425284624099731,0.6469272971153259,-0.7811801433563232,
/home/lorenzo/Documenti/GitHub/HandVerify/datasets/processed-handwritten/iam_processed/350/g07-014b.png,/home/lorenzo/Documenti/GitHub/HandVerify/datasets/processed-handwritten/iam_processed/350/g07-010b.png,genuine,0.9434918761253357,0.6469272971153259,0.29656457901000977,
/home/lorenzo/Documenti/GitHub/HandVerify/datasets/processed-handwritten/iam_processed/341/g06-037j.png,/home/lorenzo/Documenti/GitHub/HandVerify/datasets/processed-handwritten/iam_processed/384/h06-089.png,impostor,-0.25044870376586914,0.6469272971153259,-0.8973760008811951,
/home/lorenzo/Documenti/GitHub/HandVerify/datasets/processed-handwritten/iam_processed/061/a04-050.png,/home/lorenzo/Documenti/GitHub/HandVerify/datasets/processed-handwritten/iam_processed/384/j06-000.png,impostor,-0.32855284214019775,0.6469272971153259,-0.9754801392555237,
/home/lorenzo/Documenti/GitHub/HandVerify/datasets/processed-handwritten/iam_processed/062/a04-069.png,/home/lorenzo/Documenti/GitHub/HandVerify/datasets/processed-handwritten/iam_processed/150/c03-094a.png,impostor,-0.44796833395957947,0.6469272971153259,-1.0948956310749054,
/home/lorenzo/Documenti/GitHub/HandVerify/datasets/processed-handwritten/iam_processed/337/g06-018f.png,/home/lorenzo/Documenti/GitHub/HandVerify/datasets/processed-handwritten/iam_processed/350/g07-003b.png,impostor,-0.35879790782928467,0.6469272971153259,-1.0057252049446106,
/home/lorenzo/Documenti/GitHub/HandVerify/datasets/processed-handwritten/iam_processed/341/g06-026j.png,/home/lorenzo/Documenti/GitHub/HandVerify/datasets/processed-handwritten/iam_processed/344/g06-011m.png,impostor,0.3063749074935913,0.6469272971153259,-0.3405523896217346,
/home/lorenzo/Documenti/GitHub/HandVerify/datasets/processed-handwritten/iam_processed/585/n04-130.png,/home/lorenzo/Documenti/GitHub/HandVerify/datasets/processed-handwritten/iam_processed/587/n04-209.png,impostor,-0.2593196630477905,0.6469272971153259,-0.9062469601631165,
/home/lorenzo/Documenti/GitHub/HandVerify/datasets/processed-handwritten/iam_processed/150/c03-096a.png,/home/lorenzo/Documenti/GitHub/HandVerify/datasets/processed-handwritten/iam_processed/326/g04-077.png,impostor,0.06097366288304329,0.6469272971153259,-0.5859536342322826,
/home/lorenzo/Documenti/GitHub/HandVerify/datasets/processed-handwritten/iam_processed/055/a03-063.png,/home/lorenzo/Documenti/GitHub/HandVerify/datasets/processed-handwritten/iam_processed/339/g06-047h.png,impostor,-0.2762153744697571,0.6469272971153259,-0.923142671585083,
/home/lorenzo/Documenti/GitHub/HandVerify/datasets/processed-handwritten/iam_processed/055/a03-063.png,/home/lorenzo/Documenti/GitHub/HandVerify/datasets/processed-handwritten/iam_processed/294/g07-000a.png,impostor,-0.14220543205738068,0.6469272971153259,-0.7891327291727066,
/home/lorenzo/Documenti/GitHub/HandVerify/datasets/processed-handwritten/iam_processed/150/c03-007a.png,/home/lorenzo/Documenti/GitHub/HandVerify/datasets/processed-handwritten/iam_processed/213/e01-059.png,impostor,-0.12504161894321442,0.6469272971153259,-0.7719689160585403,
/home/lorenzo/Documenti/GitHub/HandVerify/datasets/processed-handwritten/iam_processed/341/g06-050j.png,/home/lorenzo/Documenti/GitHub/HandVerify/datasets/processed-handwritten/iam_processed/341/g06-045j.png,genuine,0.9561395645141602,0.6469272971153259,0.30921226739883423,
/home/lorenzo/Documenti/GitHub/HandVerify/datasets/processed-handwritten/iam_processed/179/d01-085.png,/home/lorenzo/Documenti/GitHub/HandVerify/datasets/processed-handwritten/iam_processed/179/d01-080.png,genuine,0.9658349752426147,0.6469272971153259,0.3189076781272888,
/home/lorenzo/Documenti/GitHub/HandVerify/datasets/processed-handwritten/iam_processed/112/b04-134.png,/home/lorenzo/Documenti/GitHub/HandVerify/datasets/processed-handwritten/iam_processed/593/p02-000.png,impostor,-0.33547118306159973,0.6469272971153259,-0.9823984801769257,
/home/lorenzo/Documenti/GitHub/HandVerify/datasets/processed-handwritten/iam_processed/061/a04-050.png,/home/lorenzo/Documenti/GitHub/HandVerify/datasets/processed-handwritten/iam_processed/341/g06-031j.png,impostor,0.4744938015937805,0.6469272971153259,-0.1724334955215454,
/home/lorenzo/Documenti/GitHub/HandVerify/datasets/processed-handwritten/iam_processed/150/c03-096a.png,/home/lorenzo/Documenti/GitHub/HandVerify/datasets/processed-handwritten/iam_processed/150/c03-000a.png,genuine,0.9052278399467468,0.6469272971153259,0.2583005428314209,
/home/lorenzo/Documenti/GitHub/HandVerify/datasets/processed-handwritten/iam_processed/184/d04-008.png,/home/lorenzo/Documenti/GitHub/HandVerify/datasets/processed-handwritten/iam_processed/332/g06-026a.png,impostor,-0.4158952832221985,0.6469272971153259,-1.0628225803375244,
/home/lorenzo/Documenti/GitHub/HandVerify/datasets/processed-handwritten/iam_processed/587/n04-202.png,/home/lorenzo/Documenti/GitHub/HandVerify/datasets/processed-handwritten/iam_processed/587/n04-213.png,genuine,0.7808924913406372,0.6469272971153259,0.13396519422531128,
/home/lorenzo/Documenti/GitHub/HandVerify/datasets/processed-handwritten/iam_processed/344/g06-018m.png,/home/lorenzo/Documenti/GitHub/HandVerify/datasets/processed-handwritten/iam_processed/344/g06-011m.png,genuine,0.7001470327377319,0.6469272971153259,0.053219735622406006,
/home/lorenzo/Documenti/GitHub/HandVerify/datasets/processed-handwritten/iam_processed/339/g06-050h.png,/home/lorenzo/Documenti/GitHub/HandVerify/datasets/processed-handwritten/iam_processed/585/n04-163.png,impostor,-0.11546433717012405,0.6469272971153259,-0.76239163428545,
/home/lorenzo/Documenti/GitHub/HandVerify/datasets/processed-handwritten/iam_processed/062/a04-066.png,/home/lorenzo/Documenti/GitHub/HandVerify/datasets/processed-handwritten/iam_processed/184/d04-005.png,impostor,0.008363969624042511,0.6469272971153259,-0.6385633274912834,
/home/lorenzo/Documenti/GitHub/HandVerify/datasets/processed-handwritten/iam_processed/332/g06-031a.png,/home/lorenzo/Documenti/GitHub/HandVerify/datasets/processed-handwritten/iam_processed/399/j01-070.png,impostor,-0.29456627368927,0.6469272971153259,-0.941493570804596,
/home/lorenzo/Documenti/GitHub/HandVerify/datasets/processed-handwritten/iam_processed/007/a01-038.png,/home/lorenzo/Documenti/GitHub/HandVerify/datasets/processed-handwritten/iam_processed/178/d01-056.png,impostor,-0.17255043983459473,0.6469272971153259,-0.8194777369499207,
/home/lorenzo/Documenti/GitHub/HandVerify/datasets/processed-handwritten/iam_processed/332/g06-018a.png,/home/lorenzo/Documenti/GitHub/HandVerify/datasets/processed-handwritten/iam_processed/332/g06-031a.png,genuine,0.9361346960067749,0.6469272971153259,0.289207398891449,
/home/lorenzo/Documenti/GitHub/HandVerify/datasets/processed-handwritten/iam_processed/150/c03-096a.png,/home/lorenzo/Documenti/GitHub/HandVerify/datasets/processed-handwritten/iam_processed/150/c03-003a.png,genuine,0.9347174167633057,0.6469272971153259,0.28779011964797974,
/home/lorenzo/Documenti/GitHub/HandVerify/datasets/processed-handwritten/iam_processed/296/g01-019.png,/home/lorenzo/Documenti/GitHub/HandVerify/datasets/processed-handwritten/iam_processed/337/g06-018f.png,impostor,-0.3624386191368103,0.6469272971153259,-1.0093659162521362,
/home/lorenzo/Documenti/GitHub/HandVerify/datasets/processed-handwritten/iam_processed/147/c02-078.png,/home/lorenzo/Documenti/GitHub/HandVerify/datasets/processed-handwritten/iam_processed/384/h06-085.png,impostor,-0.5427206754684448,0.6469272971153259,-1.1896479725837708,
/home/lorenzo/Documenti/GitHub/HandVerify/datasets/processed-handwritten/iam_processed/288/f07-021a.png,/home/lorenzo/Documenti/GitHub/HandVerify/datasets/processed-handwritten/iam_processed/585/n04-156.png,impostor,-0.0485835000872612,0.6469272971153259,-0.6955107972025871,
/home/lorenzo/Documenti/GitHub/HandVerify/datasets/processed-handwritten/iam_processed/288/f07-032a.png,/home/lorenzo/Documenti/GitHub/HandVerify/datasets/processed-handwritten/iam_processed/288/f07-024a.png,genuine,0.8833725452423096,0.6469272971153259,0.23644524812698364,
/home/lorenzo/Documenti/GitHub/HandVerify/datasets/processed-handwritten/iam_processed/454/k07-085.png,/home/lorenzo/Documenti/GitHub/HandVerify/datasets/processed-handwritten/iam_processed/454/k07-063a.png,genuine,0.9336872696876526,0.6469272971153259,0.28675997257232666,
/home/lorenzo/Documenti/GitHub/HandVerify/datasets/processed-handwritten/iam_processed/344/g06-011m.png,/home/lorenzo/Documenti/GitHub/HandVerify/datasets/processed-handwritten/iam_processed/587/n04-202.png,impostor,0.18911007046699524,0.6469272971153259,-0.4578172266483307,
/home/lorenzo/Documenti/GitHub/HandVerify/datasets/processed-handwritten/iam_processed/150/c03-003a.png,/home/lorenzo/Documenti/GitHub/HandVerify/datasets/processed-handwritten/iam_processed/337/g06-026f.png,impostor,-0.14445778727531433,0.6469272971153259,-0.7913850843906403,
/home/lorenzo/Documenti/GitHub/HandVerify/datasets/processed-handwritten/iam_processed/091/b01-073.png,/home/lorenzo/Documenti/GitHub/HandVerify/datasets/processed-handwritten/iam_processed/251/f01-066.png,impostor,-0.008683793246746063,0.6469272971153259,-0.655611090362072,
/home/lorenzo/Documenti/GitHub/HandVerify/datasets/processed-handwritten/iam_processed/133/b06-100.png,/home/lorenzo/Documenti/GitHub/HandVerify/datasets/processed-handwritten/iam_processed/133/c06-116.png,genuine,0.9025804400444031,0.6469272971153259,0.25565314292907715,
/home/lorenzo/Documenti/GitHub/HandVerify/datasets/processed-handwritten/iam_processed/133/c06-043.png,/home/lorenzo/Documenti/GitHub/HandVerify/datasets/processed-handwritten/iam_processed/133/b06-100.png,genuine,0.9365950226783752,0.6469272971153259,0.2896677255630493,
/home/lorenzo/Documenti/GitHub/HandVerify/datasets/processed-handwritten/iam_processed/454/k07-085.png,/home/lorenzo/Documenti/GitHub/HandVerify/datasets/processed-handwritten/iam_processed/454/k07-077.png,genuine,0.9671450257301331,0.6469272971153259,0.32021772861480713,
/home/lorenzo/Documenti/GitHub/HandVerify/datasets/processed-handwritten/iam_processed/267/f03-169.png,/home/lorenzo/Documenti/GitHub/HandVerify/datasets/processed-handwritten/iam_processed/581/n03-126.png,impostor,0.08985400199890137,0.6469272971153259,-0.5570732951164246,
/home/lorenzo/Documenti/GitHub/HandVerify/datasets/processed-handwritten/iam_processed/332/g06-047a.png,/home/lorenzo/Documenti/GitHub/HandVerify/datasets/processed-handwritten/iam_processed/550/m04-231.png,impostor,0.5421242117881775,0.6469272971153259,-0.10480308532714844,
/home/lorenzo/Documenti/GitHub/HandVerify/datasets/processed-handwritten/iam_processed/552/m06-091.png,/home/lorenzo/Documenti/GitHub/HandVerify/datasets/processed-handwritten/iam_processed/552/m06-067.png,genuine,0.9288833141326904,0.6469272971153259,0.2819560170173645,
/home/lorenzo/Documenti/GitHub/HandVerify/datasets/processed-handwritten/iam_processed/341/g06-047j.png,/home/lorenzo/Documenti/GitHub/HandVerify/datasets/processed-handwritten/iam_processed/341/g06-042j.png,genuine,0.9262114763259888,0.6469272971153259,0.27928417921066284,
/home/lorenzo/Documenti/GitHub/HandVerify/datasets/processed-handwritten/iam_processed/223/e02-074.png,/home/lorenzo/Documenti/GitHub/HandVerify/datasets/processed-handwritten/iam_processed/339/g06-050h.png,impostor,-0.1712549924850464,0.6469272971153259,-0.8181822896003723,
/home/lorenzo/Documenti/GitHub/HandVerify/datasets/processed-handwritten/iam_processed/061/a04-054.png,/home/lorenzo/Documenti/GitHub/HandVerify/datasets/processed-handwritten/iam_processed/583/n04-048.png,impostor,0.2680056691169739,0.6469272971153259,-0.37892162799835205,
/home/lorenzo/Documenti/GitHub/HandVerify/datasets/processed-handwritten/iam_processed/339/g06-050h.png,/home/lorenzo/Documenti/GitHub/HandVerify/datasets/processed-handwritten/iam_processed/339/g06-042h.png,genuine,0.8679173588752747,0.6469272971153259,0.22099006175994873,
/home/lorenzo/Documenti/GitHub/HandVerify/datasets/processed-handwritten/iam_processed/288/f07-024a.png,/home/lorenzo/Documenti/GitHub/HandVerify/datasets/processed-handwritten/iam_processed/337/g06-042f.png,impostor,-0.26844316720962524,0.6469272971153259,-0.9153704643249512,
/home/lorenzo/Documenti/GitHub/HandVerify/datasets/processed-handwritten/iam_processed/169/c04-134.png,/home/lorenzo/Documenti/GitHub/HandVerify/datasets/processed-handwritten/iam_processed/622/p03-072.png,impostor,0.35945457220077515,0.6469272971153259,-0.2874727249145508,
/home/lorenzo/Documenti/GitHub/HandVerify/datasets/processed-handwritten/iam_processed/332/g06-031a.png,/home/lorenzo/Documenti/GitHub/HandVerify/datasets/processed-handwritten/iam_processed/481/l04-020.png,impostor,0.6028108596801758,0.6469272971153259,-0.044116437435150146,
/home/lorenzo/Documenti/GitHub/HandVerify/datasets/processed-handwritten/iam_processed/061/a04-054.png,/home/lorenzo/Documenti/GitHub/HandVerify/datasets/processed-handwritten/iam_processed/061/a04-050.png,genuine,0.9585322141647339,0.6469272971153259,0.31160491704940796,
/home/lorenzo/Documenti/GitHub/HandVerify/datasets/processed-handwritten/iam_processed/110/b04-089.png,/home/lorenzo/Documenti/GitHub/HandVerify/datasets/processed-handwritten/iam_processed/362/h02-004.png,impostor,-0.19545181095600128,0.6469272971153259,-0.8423791080713272,
/home/lorenzo/Documenti/GitHub/HandVerify/datasets/processed-handwritten/iam_processed/165/c04-080.png,/home/lorenzo/Documenti/GitHub/HandVerify/datasets/processed-handwritten/iam_processed/552/m06-042.png,impostor,-0.039136312901973724,0.6469272971153259,-0.6860636100172997,
/home/lorenzo/Documenti/GitHub/HandVerify/datasets/processed-handwritten/iam_processed/337/g06-031f.png,/home/lorenzo/Documenti/GitHub/HandVerify/datasets/processed-handwritten/iam_processed/337/g06-045f.png,genuine,0.9606825113296509,0.6469272971153259,0.31375521421432495,
/home/lorenzo/Documenti/GitHub/HandVerify/datasets/processed-handwritten/iam_processed/339/g06-037h.png,/home/lorenzo/Documenti/GitHub/HandVerify/datasets/processed-handwritten/iam_processed/339/g06-050h.png,genuine,0.8713952898979187,0.6469272971153259,0.22446799278259277,
/home/lorenzo/Documenti/GitHub/HandVerify/datasets/processed-handwritten/iam_processed/384/h06-082.png,/home/lorenzo/Documenti/GitHub/HandVerify/datasets/processed-handwritten/iam_processed/384/h06-092.png,genuine,0.8631001114845276,0.6469272971153259,0.21617281436920166,
/home/lorenzo/Documenti/GitHub/HandVerify/datasets/processed-handwritten/iam_processed/150/c03-094a.png,/home/lorenzo/Documenti/GitHub/HandVerify/datasets/processed-handwritten/iam_processed/587/n04-213.png,impostor,0.002824649214744568,0.6469272971153259,-0.6441026479005814,
/home/lorenzo/Documenti/GitHub/HandVerify/datasets/processed-handwritten/iam_processed/583/n04-068.png,/home/lorenzo/Documenti/GitHub/HandVerify/datasets/processed-handwritten/iam_processed/583/n04-060.png,genuine,0.9387749433517456,0.6469272971153259,0.2918476462364197,
/home/lorenzo/Documenti/GitHub/HandVerify/datasets/processed-handwritten/iam_processed/049/a03-034.png,/home/lorenzo/Documenti/GitHub/HandVerify/datasets/processed-handwritten/iam_processed/585/n04-163.png,impostor,0.1477859616279602,0.6469272971153259,-0.4991413354873657,
/home/lorenzo/Documenti/GitHub/HandVerify/datasets/processed-handwritten/iam_processed/552/m06-076.png,/home/lorenzo/Documenti/GitHub/HandVerify/datasets/processed-handwritten/iam_processed/552/m06-106.png,genuine,0.9846359491348267,0.6469272971153259,0.33770865201950073,
/home/lorenzo/Documenti/GitHub/HandVerify/datasets/processed-handwritten/iam_processed/165/c04-080.png,/home/lorenzo/Documenti/GitHub/HandVerify/datasets/processed-handwritten/iam_processed/344/g06-011m.png,impostor,-0.5564016699790955,0.6469272971153259,-1.2033289670944214,
/home/lorenzo/Documenti/GitHub/HandVerify/datasets/processed-handwritten/iam_processed/585/n04-156.png,/home/lorenzo/Documenti/GitHub/HandVerify/datasets/processed-handwritten/iam_processed/585/n04-139.png,genuine,0.9743718504905701,0.6469272971153259,0.32744455337524414,
/home/lorenzo/Documenti/GitHub/HandVerify/datasets/processed-handwritten/iam_processed/337/g06-026f.png,/home/lorenzo/Documenti/GitHub/HandVerify/datasets/processed-handwritten/iam_processed/337/g06-045f.png,genuine,0.9863405227661133,0.6469272971153259,0.33941322565078735,
/home/lorenzo/Documenti/GitHub/HandVerify/datasets/processed-handwritten/iam_processed/213/e01-062.png,/home/lorenzo/Documenti/GitHub/HandVerify/datasets/processed-handwritten/iam_processed/344/g06-050m.png,impostor,0.05663498863577843,0.6469272971153259,-0.5902923084795475,
/home/lorenzo/Documenti/GitHub/HandVerify/datasets/processed-handwritten/iam_processed/552/m06-076.png,/home/lorenzo/Documenti/GitHub/HandVerify/datasets/processed-handwritten/iam_processed/552/m06-083.png,genuine,0.9807460308074951,0.6469272971153259,0.3338187336921692,
/home/lorenzo/Documenti/GitHub/HandVerify/datasets/processed-handwritten/iam_processed/296/g01-019.png,/home/lorenzo/Documenti/GitHub/HandVerify/datasets/processed-handwritten/iam_processed/494/l04-174.png,impostor,-0.17355136573314667,0.6469272971153259,-0.8204786628484726,
/home/lorenzo/Documenti/GitHub/HandVerify/datasets/processed-handwritten/iam_processed/049/a03-034.png,/home/lorenzo/Documenti/GitHub/HandVerify/datasets/processed-handwritten/iam_processed/339/g06-031h.png,impostor,-0.016428910195827484,0.6469272971153259,-0.6633562073111534,
/home/lorenzo/Documenti/GitHub/HandVerify/datasets/processed-handwritten/iam_processed/384/h06-092.png,/home/lorenzo/Documenti/GitHub/HandVerify/datasets/processed-handwritten/iam_processed/481/l04-026.png,impostor,-0.3065553307533264,0.6469272971153259,-0.9534826278686523,
/home/lorenzo/Documenti/GitHub/HandVerify/datasets/processed-handwritten/iam_processed/585/n04-130.png,/home/lorenzo/Documenti/GitHub/HandVerify/datasets/processed-handwritten/iam_processed/585/n04-149.png,genuine,0.9176422953605652,0.6469272971153259,0.27071499824523926,
/home/lorenzo/Documenti/GitHub/HandVerify/datasets/processed-handwritten/iam_processed/552/m06-056.png,/home/lorenzo/Documenti/GitHub/HandVerify/datasets/processed-handwritten/iam_processed/552/m06-042.png,genuine,0.8825957775115967,0.6469272971153259,0.23566848039627075,
/home/lorenzo/Documenti/GitHub/HandVerify/datasets/processed-handwritten/iam_processed/112/b04-134.png,/home/lorenzo/Documenti/GitHub/HandVerify/datasets/processed-handwritten/iam_processed/135/c01-014.png,impostor,0.1001208946108818,0.6469272971153259,-0.5468064025044441,
/home/lorenzo/Documenti/GitHub/HandVerify/datasets/processed-handwritten/iam_processed/295/g01-004.png,/home/lorenzo/Documenti/GitHub/HandVerify/datasets/processed-handwritten/iam_processed/295/g01-008.png,genuine,0.31209418177604675,0.6469272971153259,-0.3348331153392792,false_reject
/home/lorenzo/Documenti/GitHub/HandVerify/datasets/processed-handwritten/iam_processed/160/c04-028.png,/home/lorenzo/Documenti/GitHub/HandVerify/datasets/processed-handwritten/iam_processed/160/c04-023.png,genuine,0.6878646612167358,0.6469272971153259,0.04093736410140991,
/home/lorenzo/Documenti/GitHub/HandVerify/datasets/processed-handwritten/iam_processed/294/g07-000a.png,/home/lorenzo/Documenti/GitHub/HandVerify/datasets/processed-handwritten/iam_processed/294/g07-007a.png,genuine,0.973831832408905,0.6469272971153259,0.3269045352935791,
/home/lorenzo/Documenti/GitHub/HandVerify/datasets/processed-handwritten/iam_processed/552/m06-042.png,/home/lorenzo/Documenti/GitHub/HandVerify/datasets/processed-handwritten/iam_processed/552/m06-067.png,genuine,0.9450980424880981,0.6469272971153259,0.2981707453727722,
/home/lorenzo/Documenti/GitHub/HandVerify/datasets/processed-handwritten/iam_processed/150/c03-094a.png,/home/lorenzo/Documenti/GitHub/HandVerify/datasets/processed-handwritten/iam_processed/250/f01-058.png,impostor,-0.21197283267974854,0.6469272971153259,-0.8589001297950745,
/home/lorenzo/Documenti/GitHub/HandVerify/datasets/processed-handwritten/iam_processed/220/e02-018.png,/home/lorenzo/Documenti/GitHub/HandVerify/datasets/processed-handwritten/iam_processed/332/g06-042a.png,impostor,0.055969782173633575,0.6469272971153259,-0.5909575149416924,
/home/lorenzo/Documenti/GitHub/HandVerify/datasets/processed-handwritten/iam_processed/112/b04-140.png,/home/lorenzo/Documenti/GitHub/HandVerify/datasets/processed-handwritten/iam_processed/167/c04-105.png,impostor,-0.39963626861572266,0.6469272971153259,-1.0465635657310486,
/home/lorenzo/Documenti/GitHub/HandVerify/datasets/processed-handwritten/iam_processed/332/g06-018a.png,/home/lorenzo/Documenti/GitHub/HandVerify/datasets/processed-handwritten/iam_processed/332/g06-042a.png,genuine,0.9517896771430969,0.6469272971153259,0.304862380027771,
/home/lorenzo/Documenti/GitHub/HandVerify/datasets/processed-handwritten/iam_processed/090/b01-049.png,/home/lorenzo/Documenti/GitHub/HandVerify/datasets/processed-handwritten/iam_processed/090/b01-044.png,genuine,0.9843014478683472,0.6469272971153259,0.33737415075302124,
/home/lorenzo/Documenti/GitHub/HandVerify/datasets/processed-handwritten/iam_processed/350/g07-003b.png,/home/lorenzo/Documenti/GitHub/HandVerify/datasets/processed-handwritten/iam_processed/363/h02-008.png,impostor,-0.07277685403823853,0.6469272971153259,-0.7197041511535645,
/home/lorenzo/Documenti/GitHub/HandVerify/datasets/processed-handwritten/iam_processed/150/c03-084a.png,/home/lorenzo/Documenti/GitHub/HandVerify/datasets/processed-handwritten/iam_processed/150/c03-000a.png,genuine,0.8262938261032104,0.6469272971153259,0.17936652898788452,
/home/lorenzo/Documenti/GitHub/HandVerify/datasets/processed-handwritten/iam_processed/087/b01-000.png,/home/lorenzo/Documenti/GitHub/HandVerify/datasets/processed-handwritten/iam_processed/087/b01-004.png,genuine,0.9751970767974854,0.6469272971153259,0.3282697796821594,
/home/lorenzo/Documenti/GitHub/HandVerify/datasets/processed-handwritten/iam_processed/294/f07-101a.png,/home/lorenzo/Documenti/GitHub/HandVerify/datasets/processed-handwritten/iam_processed/294/g07-000a.png,genuine,0.8182652592658997,0.6469272971153259,0.17133796215057373,
/home/lorenzo/Documenti/GitHub/HandVerify/datasets/processed-handwritten/iam_processed/293/g07-000b.png,/home/lorenzo/Documenti/GitHub/HandVerify/datasets/processed-handwritten/iam_processed/293/f07-101b.png,genuine,0.839184045791626,0.6469272971153259,0.19225674867630005,
/home/lorenzo/Documenti/GitHub/HandVerify/datasets/processed-handwritten/iam_processed/150/c03-084a.png,/home/lorenzo/Documenti/GitHub/HandVerify/datasets/processed-handwritten/iam_processed/295/g01-008.png,impostor,-0.155430406332016,0.6469272971153259,-0.8023577034473419,
/home/lorenzo/Documenti/GitHub/HandVerify/datasets/processed-handwritten/iam_processed/344/g06-037m.png,/home/lorenzo/Documenti/GitHub/HandVerify/datasets/processed-handwritten/iam_processed/344/g06-026m.png,genuine,0.9016306400299072,0.6469272971153259,0.2547033429145813,
/home/lorenzo/Documenti/GitHub/HandVerify/datasets/processed-handwritten/iam_processed/332/g06-031a.png,/home/lorenzo/Documenti/GitHub/HandVerify/datasets/processed-handwritten/iam_processed/332/g06-050a.png,genuine,0.9483698606491089,0.6469272971153259,0.30144256353378296,
/home/lorenzo/Documenti/GitHub/HandVerify/datasets/processed-handwritten/iam_processed/552/m06-056.png,/home/lorenzo/Documenti/GitHub/HandVerify/datasets/processed-handwritten/iam_processed/552/m06-067.png,genuine,0.9477164149284363,0.6469272971153259,0.30078911781311035,
/home/lorenzo/Documenti/GitHub/HandVerify/datasets/processed-handwritten/iam_processed/405/j04-035.png,/home/lorenzo/Documenti/GitHub/HandVerify/datasets/processed-handwritten/iam_processed/405/j04-046.png,genuine,0.7005801200866699,0.6469272971153259,0.053652822971343994,
/home/lorenzo/Documenti/GitHub/HandVerify/datasets/processed-handwritten/iam_processed/513/m01-121.png,/home/lorenzo/Documenti/GitHub/HandVerify/datasets/processed-handwritten/iam_processed/513/m01-104.png,genuine,0.9502432346343994,0.6469272971153259,0.3033159375190735,
/home/lorenzo/Documenti/GitHub/HandVerify/datasets/processed-handwritten/iam_processed/341/g06-042j.png,/home/lorenzo/Documenti/GitHub/HandVerify/datasets/processed-handwritten/iam_processed/585/n04-130.png,impostor,-0.08475123345851898,0.6469272971153259,-0.7316785305738449,
/home/lorenzo/Documenti/GitHub/HandVerify/datasets/processed-handwritten/iam_processed/337/g06-031f.png,/home/lorenzo/Documenti/GitHub/HandVerify/datasets/processed-handwritten/iam_processed/337/g06-018f.png,genuine,0.9232895374298096,0.6469272971153259,0.27636224031448364,
/home/lorenzo/Documenti/GitHub/HandVerify/datasets/processed-handwritten/iam_processed/220/e02-018.png,/home/lorenzo/Documenti/GitHub/HandVerify/datasets/processed-handwritten/iam_processed/399/j01-070.png,impostor,0.7086030840873718,0.6469272971153259,0.0616757869720459,false_accept
/home/lorenzo/Documenti/GitHub/HandVerify/datasets/processed-handwritten/iam_processed/350/g07-014b.png,/home/lorenzo/Documenti/GitHub/HandVerify/datasets/processed-handwritten/iam_processed/639/r02-010.png,impostor,0.5890766382217407,0.6469272971153259,-0.057850658893585205,
/home/lorenzo/Documenti/GitHub/HandVerify/datasets/processed-handwritten/iam_processed/213/e01-059.png,/home/lorenzo/Documenti/GitHub/HandVerify/datasets/processed-handwritten/iam_processed/456/k07-152.png,impostor,0.025324702262878418,0.6469272971153259,-0.6216025948524475,
/home/lorenzo/Documenti/GitHub/HandVerify/datasets/processed-handwritten/iam_processed/293/f07-096.png,/home/lorenzo/Documenti/GitHub/HandVerify/datasets/processed-handwritten/iam_processed/442/k04-033.png,impostor,-0.446480393409729,0.6469272971153259,-1.093407690525055,
/home/lorenzo/Documenti/GitHub/HandVerify/datasets/processed-handwritten/iam_processed/339/g06-026h.png,/home/lorenzo/Documenti/GitHub/HandVerify/datasets/processed-handwritten/iam_processed/339/g06-031h.png,genuine,0.9086043238639832,0.6469272971153259,0.2616770267486572,
/home/lorenzo/Documenti/GitHub/HandVerify/datasets/processed-handwritten/iam_processed/110/b04-089.png,/home/lorenzo/Documenti/GitHub/HandVerify/datasets/processed-handwritten/iam_processed/587/n04-209.png,impostor,-0.09283417463302612,0.6469272971153259,-0.739761471748352,
/home/lorenzo/Documenti/GitHub/HandVerify/datasets/processed-handwritten/iam_processed/220/e02-018.png,/home/lorenzo/Documenti/GitHub/HandVerify/datasets/processed-handwritten/iam_processed/585/n04-139.png,impostor,0.6396588683128357,0.6469272971153259,-0.007268428802490234,
/home/lorenzo/Documenti/GitHub/HandVerify/datasets/processed-handwritten/iam_processed/456/k07-166.png,/home/lorenzo/Documenti/GitHub/HandVerify/datasets/processed-handwritten/iam_processed/456/k07-152.png,genuine,0.9232906103134155,0.6469272971153259,0.2763633131980896,
/home/lorenzo/Documenti/GitHub/HandVerify/datasets/processed-handwritten/iam_processed/405/j04-035.png,/home/lorenzo/Documenti/GitHub/HandVerify/datasets/processed-handwritten/iam_processed/513/m01-104.png,impostor,-0.23359614610671997,0.6469272971153259,-0.8805234432220459,
/home/lorenzo/Documenti/GitHub/HandVerify/datasets/processed-handwritten/iam_processed/481/l04-020.png,/home/lorenzo/Documenti/GitHub/HandVerify/datasets/processed-handwritten/iam_processed/481/l04-026.png,genuine,0.7838798761367798,0.6469272971153259,0.13695257902145386,
/home/lorenzo/Documenti/GitHub/HandVerify/datasets/processed-handwritten/iam_processed/087/b01-000.png,/home/lorenzo/Documenti/GitHub/HandVerify/datasets/processed-handwritten/iam_processed/585/n04-156.png,impostor,-0.14436309039592743,0.6469272971153259,-0.7912903875112534,
/home/lorenzo/Documenti/GitHub/HandVerify/datasets/processed-handwritten/iam_processed/384/h06-089.png,/home/lorenzo/Documenti/GitHub/HandVerify/datasets/processed-handwritten/iam_processed/384/h06-096.png,genuine,0.8351259827613831,0.6469272971153259,0.18819868564605713,
/home/lorenzo/Documenti/GitHub/HandVerify/datasets/processed-handwritten/iam_processed/023/a02-008.png,/home/lorenzo/Documenti/GitHub/HandVerify/datasets/processed-handwritten/iam_processed/307/g02-073.png,impostor,0.07900670915842056,0.6469272971153259,-0.5679205879569054,
/home/lorenzo/Documenti/GitHub/HandVerify/datasets/processed-handwritten/iam_processed/550/m04-231.png,/home/lorenzo/Documenti/GitHub/HandVerify/datasets/processed-handwritten/iam_processed/550/m04-246.png,genuine,0.879953920841217,0.6469272971153259,0.2330266237258911,
/home/lorenzo/Documenti/GitHub/HandVerify/datasets/processed-handwritten/iam_processed/285/f07-042a.png,/home/lorenzo/Documenti/GitHub/HandVerify/datasets/processed-handwritten/iam_processed/552/m06-098.png,impostor,-0.3554946482181549,0.6469272971153259,-1.0024219453334808,
/home/lorenzo/Documenti/GitHub/HandVerify/datasets/processed-handwritten/iam_processed/133/c06-080.png,/home/lorenzo/Documenti/GitHub/HandVerify/datasets/processed-handwritten/iam_processed/339/g06-011h.png,impostor,0.2010112702846527,0.6469272971153259,-0.4459160268306732,
/home/lorenzo/Documenti/GitHub/HandVerify/datasets/processed-handwritten/iam_processed/552/m06-106.png,/home/lorenzo/Documenti/GitHub/HandVerify/datasets/processed-handwritten/iam_processed/552/m06-067.png,genuine,0.9618622660636902,0.6469272971153259,0.31493496894836426,
/home/lorenzo/Documenti/GitHub/HandVerify/datasets/processed-handwritten/iam_processed/339/g06-045h.png,/home/lorenzo/Documenti/GitHub/HandVerify/datasets/processed-handwritten/iam_processed/339/g06-042h.png,genuine,0.9333295822143555,0.6469272971153259,0.28640228509902954,
/home/lorenzo/Documenti/GitHub/HandVerify/datasets/processed-handwritten/iam_processed/133/b06-064.png,/home/lorenzo/Documenti/GitHub/HandVerify/datasets/processed-handwritten/iam_processed/133/b06-100.png,genuine,0.7662060856819153,0.6469272971153259,0.11927878856658936,
/home/lorenzo/Documenti/GitHub/HandVerify/datasets/processed-handwritten/iam_processed/344/g06-031m.png,/home/lorenzo/Documenti/GitHub/HandVerify/datasets/processed-handwritten/iam_processed/344/g06-037m.png,genuine,0.954146146774292,0.6469272971153259,0.30721884965896606,
/home/lorenzo/Documenti/GitHub/HandVerify/datasets/processed-handwritten/iam_processed/285/f07-000.png,/home/lorenzo/Documenti/GitHub/HandVerify/datasets/processed-handwritten/iam_processed/285/f07-046a.png,genuine,0.9956454634666443,0.6469272971153259,0.34871816635131836,
/home/lorenzo/Documenti/GitHub/HandVerify/datasets/processed-handwritten/iam_processed/384/h06-092.png,/home/lorenzo/Documenti/GitHub/HandVerify/datasets/processed-handwritten/iam_processed/384/j06-008.png,genuine,0.7812774181365967,0.6469272971153259,0.13435012102127075,
/home/lorenzo/Documenti/GitHub/HandVerify/datasets/processed-handwritten/iam_processed/599/p02-076.png,/home/lorenzo/Documenti/GitHub/HandVerify/datasets/processed-handwritten/iam_processed/600/p02-101.png,impostor,-0.18686987459659576,0.6469272971153259,-0.8337971717119217,
/home/lorenzo/Documenti/GitHub/HandVerify/datasets/processed-handwritten/iam_processed/384/h06-096.png,/home/lorenzo/Documenti/GitHub/HandVerify/datasets/processed-handwritten/iam_processed/555/n01-031.png,impostor,-0.45247018337249756,0.6469272971153259,-1.0993974804878235,
/home/lorenzo/Documenti/GitHub/HandVerify/datasets/processed-handwritten/iam_processed/133/c06-080.png,/home/lorenzo/Documenti/GitHub/HandVerify/datasets/processed-handwritten/iam_processed/332/g06-045a.png,impostor,0.12942977249622345,0.6469272971153259,-0.5174975246191025,
/home/lorenzo/Documenti/GitHub/HandVerify/datasets/processed-handwritten/iam_processed/061/a04-054.png,/home/lorenzo/Documenti/GitHub/HandVerify/datasets/processed-handwritten/iam_processed/341/g06-031j.png,impostor,0.4830057919025421,0.6469272971153259,-0.1639215052127838,
/home/lorenzo/Documenti/GitHub/HandVerify/datasets/processed-handwritten/iam_processed/150/c03-007a.png,/home/lorenzo/Documenti/GitHub/HandVerify/datasets/processed-handwritten/iam_processed/150/c03-096a.png,genuine,0.8454420566558838,0.6469272971153259,0.19851475954055786,
/home/lorenzo/Documenti/GitHub/HandVerify/datasets/processed-handwritten/iam_processed/368/h02-024.png,/home/lorenzo/Documenti/GitHub/HandVerify/datasets/processed-handwritten/iam_processed/600/p02-101.png,impostor,-0.17246784269809723,0.6469272971153259,-0.8193951398134232,
/home/lorenzo/Documenti/GitHub/HandVerify/datasets/processed-handwritten/iam_processed/454/k07-077.png,/home/lorenzo/Documenti/GitHub/HandVerify/datasets/processed-handwritten/iam_processed/454/k07-067a.png,genuine,0.9562204480171204,0.6469272971153259,0.30929315090179443,
/home/lorenzo/Documenti/GitHub/HandVerify/datasets/processed-handwritten/iam_processed/150/c03-016a.png,/home/lorenzo/Documenti/GitHub/HandVerify/datasets/processed-handwritten/iam_processed/150/c03-003a.png,genuine,0.9409677982330322,0.6469272971153259,0.2940405011177063,
/home/lorenzo/Documenti/GitHub/HandVerify/datasets/processed-handwritten/iam_processed/344/g06-026m.png,/home/lorenzo/Documenti/GitHub/HandVerify/datasets/processed-handwritten/iam_processed/344/g06-047m.png,genuine,0.8955631256103516,0.6469272971153259,0.24863582849502563,
/home/lorenzo/Documenti/GitHub/HandVerify/datasets/processed-handwritten/iam_processed/277/f04-043.png,/home/lorenzo/Documenti/GitHub/HandVerify/datasets/processed-handwritten/iam_processed/344/g06-045m.png,impostor,-0.40822336077690125,0.6469272971153259,-1.0551506578922272,
/home/lorenzo/Documenti/GitHub/HandVerify/datasets/processed-handwritten/iam_processed/293/g07-000b.png,/home/lorenzo/Documenti/GitHub/HandVerify/datasets/processed-handwritten/iam_processed/293/f07-092b.png,genuine,0.9827036261558533,0.6469272971153259,0.33577632904052734,
/home/lorenzo/Documenti/GitHub/HandVerify/datasets/processed-handwritten/iam_processed/103/b03-098.png,/home/lorenzo/Documenti/GitHub/HandVerify/datasets/processed-handwritten/iam_processed/426/k02-093.png,impostor,-0.04124995693564415,0.6469272971153259,-0.6881772540509701,
/home/lorenzo/Documenti/GitHub/HandVerify/datasets/processed-handwritten/iam_processed/552/m06-091.png,/home/lorenzo/Documenti/GitHub/HandVerify/datasets/processed-handwritten/iam_processed/552/m06-056.png,genuine,0.9332285523414612,0.6469272971153259,0.28630125522613525,
/home/lorenzo/Documenti/GitHub/HandVerify/datasets/processed-handwritten/iam_processed/039/a02-120.png,/home/lorenzo/Documenti/GitHub/HandVerify/datasets/processed-handwritten/iam_processed/640/r02-013.png,impostor,0.7357882857322693,0.6469272971153259,0.08886098861694336,false_accept
/home/lorenzo/Documenti/GitHub/HandVerify/datasets/processed-handwritten/iam_processed/079/a06-090.png,/home/lorenzo/Documenti/GitHub/HandVerify/datasets/processed-handwritten/iam_processed/150/c03-081a.png,impostor,0.4543406367301941,0.6469272971153259,-0.19258666038513184,
/home/lorenzo/Documenti/GitHub/HandVerify/datasets/processed-handwritten/iam_processed/062/a04-069.png,/home/lorenzo/Documenti/GitHub/HandVerify/datasets/processed-handwritten/iam_processed/062/a04-072.png,genuine,0.8977091312408447,0.6469272971153259,0.2507818341255188,
/home/lorenzo/Documenti/GitHub/HandVerify/datasets/processed-handwritten/iam_processed/041/a03-009.png,/home/lorenzo/Documenti/GitHub/HandVerify/datasets/processed-handwritten/iam_processed/552/m06-098.png,impostor,-0.1363162398338318,0.6469272971153259,-0.7832435369491577,
/home/lorenzo/Documenti/GitHub/HandVerify/datasets/processed-handwritten/iam_processed/184/d04-008.png,/home/lorenzo/Documenti/GitHub/HandVerify/datasets/processed-handwritten/iam_processed/184/d04-005.png,genuine,0.6550194621086121,0.6469272971153259,0.008092164993286133,
/home/lorenzo/Documenti/GitHub/HandVerify/datasets/processed-handwritten/iam_processed/384/h06-096.png,/home/lorenzo/Documenti/GitHub/HandVerify/datasets/processed-handwritten/iam_processed/384/j06-008.png,genuine,0.8363500237464905,0.6469272971153259,0.18942272663116455,
/home/lorenzo/Documenti/GitHub/HandVerify/datasets/processed-handwritten/iam_processed/010/a01-030x.png,/home/lorenzo/Documenti/GitHub/HandVerify/datasets/processed-handwritten/iam_processed/397/j01-063.png,impostor,0.1678524613380432,0.6469272971153259,-0.4790748357772827,
/home/lorenzo/Documenti/GitHub/HandVerify/datasets/processed-handwritten/iam_processed/552/m06-083.png,/home/lorenzo/Documenti/GitHub/HandVerify/datasets/processed-handwritten/iam_processed/552/m06-067.png,genuine,0.9107175469398499,0.6469272971153259,0.2637902498245239,
/home/lorenzo/Documenti/GitHub/HandVerify/datasets/processed-handwritten/iam_processed/344/g06-050m.png,/home/lorenzo/Documenti/GitHub/HandVerify/datasets/processed-handwritten/iam_processed/344/g06-011m.png,genuine,0.8872073888778687,0.6469272971153259,0.24028009176254272,
/home/lorenzo/Documenti/GitHub/HandVerify/datasets/processed-handwritten/iam_processed/142/c02-030.png,/home/lorenzo/Documenti/GitHub/HandVerify/datasets/processed-handwritten/iam_processed/337/g06-011f.png,impostor,-0.13700918853282928,0.6469272971153259,-0.7839364856481552,
/home/lorenzo/Documenti/GitHub/HandVerify/datasets/processed-handwritten/iam_processed/090/b01-053.png,/home/lorenzo/Documenti/GitHub/HandVerify/datasets/processed-handwritten/iam_processed/350/g07-007b.png,impostor,0.4315643906593323,0.6469272971153259,-0.21536290645599365,
/home/lorenzo/Documenti/GitHub/HandVerify/datasets/processed-handwritten/iam_processed/384/h06-092.png,/home/lorenzo/Documenti/GitHub/HandVerify/datasets/processed-handwritten/iam_processed/454/k07-059a.png,impostor,-0.10232169181108475,0.6469272971153259,-0.7492489889264107,
/home/lorenzo/Documenti/GitHub/HandVerify/datasets/processed-handwritten/iam_processed/344/g06-047m.png,/home/lorenzo/Documenti/GitHub/HandVerify/datasets/processed-handwritten/iam_processed/344/g06-050m.png,genuine,0.9443030953407288,0.6469272971153259,0.29737579822540283,
/home/lorenzo/Documenti/GitHub/HandVerify/datasets/processed-handwritten/iam_processed/384/h06-089.png,/home/lorenzo/Documenti/GitHub/HandVerify/datasets/processed-handwritten/iam_processed/384/j06-000.png,genuine,0.8323578834533691,0.6469272971153259,0.1854305863380432,
/home/lorenzo/Documenti/GitHub/HandVerify/datasets/processed-handwritten/iam_processed/090/b01-044.png,/home/lorenzo/Documenti/GitHub/HandVerify/datasets/processed-handwritten/iam_processed/344/g06-018m.png,impostor,-0.28558576107025146,0.6469272971153259,-0.9325130581855774,
/home/lorenzo/Documenti/GitHub/HandVerify/datasets/processed-handwritten/iam_processed/339/g06-018h.png,/home/lorenzo/Documenti/GitHub/HandVerify/datasets/processed-handwritten/iam_processed/339/g06-037h.png,genuine,0.9018207788467407,0.6469272971153259,0.2548934817314148,
/home/lorenzo/Documenti/GitHub/HandVerify/datasets/processed-handwritten/iam_processed/337/g06-047f.png,/home/lorenzo/Documenti/GitHub/HandVerify/datasets/processed-handwritten/iam_processed/337/g06-037f.png,genuine,0.9809532165527344,0.6469272971153259,0.33402591943740845,
/home/lorenzo/Documenti/GitHub/HandVerify/datasets/processed-handwritten/iam_processed/583/n04-075.png,/home/lorenzo/Documenti/GitHub/HandVerify/datasets/processed-handwritten/iam_processed/583/n04-048.png,genuine,0.9218726754188538,0.6469272971153259,0.27494537830352783,
/home/lorenzo/Documenti/GitHub/HandVerify/datasets/processed-handwritten/iam_processed/147/c02-078.png,/home/lorenzo/Documenti/GitHub/HandVerify/datasets/processed-handwritten/iam_processed/550/m04-231.png,impostor,0.10582559555768967,0.6469272971153259,-0.5411017015576363,
/home/lorenzo/Documenti/GitHub/HandVerify/datasets/processed-handwritten/iam_processed/501/m01-017.png,/home/lorenzo/Documenti/GitHub/HandVerify/datasets/processed-handwritten/iam_processed/659/r03-026.png,impostor,0.11852532625198364,0.6469272971153259,-0.5284019708633423,
/home/lorenzo/Documenti/GitHub/HandVerify/datasets/processed-handwritten/iam_processed/550/n04-000.png,/home/lorenzo/Documenti/GitHub/HandVerify/datasets/processed-handwritten/iam_processed/550/m04-231.png,genuine,0.9263609647750854,0.6469272971153259,0.2794336676597595,
/home/lorenzo/Documenti/GitHub/HandVerify/datasets/processed-handwritten/iam_processed/344/g06-037m.png,/home/lorenzo/Documenti/GitHub/HandVerify/datasets/processed-handwritten/iam_processed/344/g06-042m.png,genuine,0.9057879447937012,0.6469272971153259,0.25886064767837524,
/home/lorenzo/Documenti/GitHub/HandVerify/datasets/processed-handwritten/iam_processed/332/g06-018a.png,/home/lorenzo/Documenti/GitHub/HandVerify/datasets/processed-handwritten/iam_processed/344/g06-045m.png,impostor,0.2495211958885193,0.6469272971153259,-0.39740610122680664,
/home/lorenzo/Documenti/GitHub/HandVerify/datasets/processed-handwritten/iam_processed/585/n04-156.png,/home/lorenzo/Documenti/GitHub/HandVerify/datasets/processed-handwritten/iam_processed/585/n04-149.png,genuine,0.9512333273887634,0.6469272971153259,0.3043060302734375,
/home/lorenzo/Documenti/GitHub/HandVerify/datasets/processed-handwritten/iam_processed/332/g06-045a.png,/home/lorenzo/Documenti/GitHub/HandVerify/datasets/processed-handwritten/iam_processed/332/g06-050a.png,genuine,0.8408041000366211,0.6469272971153259,0.19387680292129517,
/home/lorenzo/Documenti/GitHub/HandVerify/datasets/processed-handwritten/iam_processed/413/j04-103.png,/home/lorenzo/Documenti/GitHub/HandVerify/datasets/processed-handwritten/iam_processed/556/n01-036.png,impostor,0.6469272375106812,0.6469272971153259,-5.960464477539063e-08,
/home/lorenzo/Documenti/GitHub/HandVerify/datasets/processed-handwritten/iam_processed/332/g06-018a.png,/home/lorenzo/Documenti/GitHub/HandVerify/datasets/processed-handwritten/iam_processed/332/g06-011a.png,genuine,0.9841720461845398,0.6469272971153259,0.33724474906921387,
/home/lorenzo/Documenti/GitHub/HandVerify/datasets/processed-handwritten/iam_processed/061/a04-050.png,/home/lorenzo/Documenti/GitHub/HandVerify/datasets/processed-handwritten/iam_processed/337/g06-018f.png,impostor,-0.29874494671821594,0.6469272971153259,-0.9456722438335419,
/home/lorenzo/Documenti/GitHub/HandVerify/datasets/processed-handwritten/iam_processed/007/a01-038.png,/home/lorenzo/Documenti/GitHub/HandVerify/datasets/processed-handwritten/iam_processed/007/a01-014.png,genuine,0.6670011878013611,0.6469272971153259,0.020073890686035156,
/home/lorenzo/Documenti/GitHub/HandVerify/datasets/processed-handwritten/iam_processed/090/b01-053.png,/home/lorenzo/Documenti/GitHub/HandVerify/datasets/processed-handwritten/iam_processed/456/k07-185.png,impostor,-0.0425703227519989,0.6469272971153259,-0.6894976198673248,
/home/lorenzo/Documenti/GitHub/HandVerify/datasets/processed-handwritten/iam_processed/061/a04-047.png,/home/lorenzo/Documenti/GitHub/HandVerify/datasets/processed-handwritten/iam_processed/341/g06-045j.png,impostor,0.3105962574481964,0.6469272971153259,-0.3363310396671295,
/home/lorenzo/Documenti/GitHub/HandVerify/datasets/processed-handwritten/iam_processed/062/a04-066.png,/home/lorenzo/Documenti/GitHub/HandVerify/datasets/processed-handwritten/iam_processed/212/e01-029.png,impostor,0.4117613136768341,0.6469272971153259,-0.23516598343849182,
/home/lorenzo/Documenti/GitHub/HandVerify/datasets/processed-handwritten/iam_processed/339/g06-047h.png,/home/lorenzo/Documenti/GitHub/HandVerify/datasets/processed-handwritten/iam_processed/397/j01-063.png,impostor,0.028819113969802856,0.6469272971153259,-0.6181081831455231,
/home/lorenzo/Documenti/GitHub/HandVerify/datasets/processed-handwritten/iam_processed/213/e01-050.png,/home/lorenzo/Documenti/GitHub/HandVerify/datasets/processed-handwritten/iam_processed/585/n04-139.png,impostor,0.006720155477523804,0.6469272971153259,-0.6402071416378021,
/home/lorenzo/Documenti/GitHub/HandVerify/datasets/processed-handwritten/iam_processed/296/g01-016.png,/home/lorenzo/Documenti/GitHub/HandVerify/datasets/processed-handwritten/iam_processed/296/g01-012.png,genuine,0.8274921774864197,0.6469272971153259,0.18056488037109375,
/home/lorenzo/Documenti/GitHub/HandVerify/datasets/processed-handwritten/iam_processed/481/l04-026.png,/home/lorenzo/Documenti/GitHub/HandVerify/datasets/processed-handwritten/iam_processed/552/m06-098.png,impostor,0.5930389165878296,0.6469272971153259,-0.05388838052749634,
/home/lorenzo/Documenti/GitHub/HandVerify/datasets/processed-handwritten/iam_processed/339/g06-026h.png,/home/lorenzo/Documenti/GitHub/HandVerify/datasets/processed-handwritten/iam_processed/339/g06-042h.png,genuine,0.8899035453796387,0.6469272971153259,0.24297624826431274,
/home/lorenzo/Documenti/GitHub/HandVerify/datasets/processed-handwritten/iam_processed/210/e01-014.png,/home/lorenzo/Documenti/GitHub/HandVerify/datasets/processed-handwritten/iam_processed/210/e01-018.png,genuine,0.8411903977394104,0.6469272971153259,0.19426310062408447,
/home/lorenzo/Documenti/GitHub/HandVerify/datasets/processed-handwritten/iam_processed/150/c03-016a.png,/home/lorenzo/Documenti/GitHub/HandVerify/datasets/processed-handwritten/iam_processed/150/c03-000a.png,genuine,0.9416813850402832,0.6469272971153259,0.2947540879249573,
/home/lorenzo/Documenti/GitHub/HandVerify/datasets/processed-handwritten/iam_processed/023/a02-008.png,/home/lorenzo/Documenti/GitHub/HandVerify/datasets/processed-handwritten/iam_processed/515/m01-115.png,impostor,-0.4751034677028656,0.6469272971153259,-1.1220307648181915,
/home/lorenzo/Documenti/GitHub/HandVerify/datasets/processed-handwritten/iam_processed/494/l04-174.png,/home/lorenzo/Documenti/GitHub/HandVerify/datasets/processed-handwritten/iam_processed/552/m06-056.png,impostor,0.48871415853500366,0.6469272971153259,-0.15821313858032227,
/home/lorenzo/Documenti/GitHub/HandVerify/datasets/processed-handwritten/iam_processed/007/a01-014.png,/home/lorenzo/Documenti/GitHub/HandVerify/datasets/processed-handwritten/iam_processed/454/k07-077.png,impostor,-0.056482940912246704,0.6469272971153259,-0.7034102380275726,
/home/lorenzo/Documenti/GitHub/HandVerify/datasets/processed-handwritten/iam_processed/384/h06-079.png,/home/lorenzo/Documenti/GitHub/HandVerify/datasets/processed-handwritten/iam_processed/384/j06-005.png,genuine,0.595866858959198,0.6469272971153259,-0.05106043815612793,false_reject
/home/lorenzo/Documenti/GitHub/HandVerify/datasets/processed-handwritten/iam_processed/456/k07-176.png,/home/lorenzo/Documenti/GitHub/HandVerify/datasets/processed-handwritten/iam_processed/456/k07-166.png,genuine,0.9762962460517883,0.6469272971153259,0.3293689489364624,
/home/lorenzo/Documenti/GitHub/HandVerify/datasets/processed-handwritten/iam_processed/135/c01-014.png,/home/lorenzo/Documenti/GitHub/HandVerify/datasets/processed-handwritten/iam_processed/285/f07-039a.png,impostor,0.0003099776804447174,0.6469272971153259,-0.6466173194348812,
/home/lorenzo/Documenti/GitHub/HandVerify/datasets/processed-handwritten/iam_processed/431/k03-117.png,/home/lorenzo/Documenti/GitHub/HandVerify/datasets/processed-handwritten/iam_processed/644/r02-065.png,impostor,0.90320885181427,0.6469272971153259,0.2562815546989441,false_accept
/home/lorenzo/Documenti/GitHub/HandVerify/datasets/processed-handwritten/iam_processed/277/f04-039.png,/home/lorenzo/Documenti/GitHub/HandVerify/datasets/processed-handwritten/iam_processed/339/g06-047h.png,impostor,0.5804457664489746,0.6469272971153259,-0.06648153066635132,
/home/lorenzo/Documenti/GitHub/HandVerify/datasets/processed-handwritten/iam_processed/110/b04-081.png,/home/lorenzo/Documenti/GitHub/HandVerify/datasets/processed-handwritten/iam_processed/332/g06-050a.png,impostor,-0.28731802105903625,0.6469272971153259,-0.9342453181743622,
/home/lorenzo/Documenti/GitHub/HandVerify/datasets/processed-handwritten/iam_processed/150/c03-003a.png,/home/lorenzo/Documenti/GitHub/HandVerify/datasets/processed-handwritten/iam_processed/454/k07-085.png,impostor,0.29702797532081604,0.6469272971153259,-0.3498993217945099,
/home/lorenzo/Documenti/GitHub/HandVerify/datasets/processed-handwritten/iam_processed/285/f07-000.png,/home/lorenzo/Documenti/GitHub/HandVerify/datasets/processed-handwritten/iam_processed/285/f07-042a.png,genuine,0.9934259057044983,0.6469272971153259,0.34649860858917236,
/home/lorenzo/Documenti/GitHub/HandVerify/datasets/processed-handwritten/iam_processed/087/b01-009.png,/home/lorenzo/Documenti/GitHub/HandVerify/datasets/processed-handwritten/iam_processed/112/b04-154.png,impostor,-0.1857120841741562,0.6469272971153259,-0.8326393812894821,
/home/lorenzo/Documenti/GitHub/HandVerify/datasets/processed-handwritten/iam_processed/150/c03-084a.png,/home/lorenzo/Documenti/GitHub/HandVerify/datasets/processed-handwritten/iam_processed/150/c03-081a.png,genuine,0.9113603830337524,0.6469272971153259,0.2644330859184265,
/home/lorenzo/Documenti/GitHub/HandVerify/datasets/processed-handwritten/iam_processed/552/m06-091.png,/home/lorenzo/Documenti/GitHub/HandVerify/datasets/processed-handwritten/iam_processed/552/m06-076.png,genuine,0.9905602931976318,0.6469272971153259,0.3436329960823059,
/home/lorenzo/Documenti/GitHub/HandVerify/datasets/processed-handwritten/iam_processed/344/g06-011m.png,/home/lorenzo/Documenti/GitHub/HandVerify/datasets/processed-handwritten/iam_processed/344/g06-045m.png,genuine,0.8152074217796326,0.6469272971153259,0.16828012466430664,
/home/lorenzo/Documenti/GitHub/HandVerify/datasets/processed-handwritten/iam_processed/337/g06-026f.png,/home/lorenzo/Documenti/GitHub/HandVerify/datasets/processed-handwritten/iam_processed/337/g06-031f.png,genuine,0.9826031923294067,0.6469272971153259,0.3356758952140808,
/home/lorenzo/Documenti/GitHub/HandVerify/datasets/processed-handwritten/iam_processed/583/n04-052.png,/home/lorenzo/Documenti/GitHub/HandVerify/datasets/processed-handwritten/iam_processed/583/n04-060.png,genuine,0.945318877696991,0.6469272971153259,0.29839158058166504,
/home/lorenzo/Documenti/GitHub/HandVerify/datasets/processed-handwritten/iam_processed/165/c04-080.png,/home/lorenzo/Documenti/GitHub/HandVerify/datasets/processed-handwritten/iam_processed/339/g06-042h.png,impostor,-0.10102979093790054,0.6469272971153259,-0.7479570880532265,
/home/lorenzo/Documenti/GitHub/HandVerify/datasets/processed-handwritten/iam_processed/213/e01-059.png,/home/lorenzo/Documenti/GitHub/HandVerify/datasets/processed-handwritten/iam_processed/213/e01-062.png,genuine,0.8310883641242981,0.6469272971153259,0.18416106700897217,
/home/lorenzo/Documenti/GitHub/HandVerify/datasets/processed-handwritten/iam_processed/212/e01-029.png,/home/lorenzo/Documenti/GitHub/HandVerify/datasets/processed-handwritten/iam_processed/377/h04-035.png,impostor,0.15396499633789062,0.6469272971153259,-0.4929623007774353,
/home/lorenzo/Documenti/GitHub/HandVerify/datasets/processed-handwritten/iam_processed/384/h06-079.png,/home/lorenzo/Documenti/GitHub/HandVerify/datasets/processed-handwritten/iam_processed/384/h06-096.png,genuine,0.5696587562561035,0.6469272971153259,-0.07726854085922241,false_reject
/home/lorenzo/Documenti/GitHub/HandVerify/datasets/processed-handwritten/iam_processed/587/n04-209.png,/home/lorenzo/Documenti/GitHub/HandVerify/datasets/processed-handwritten/iam_processed/587/n04-213.png,genuine,0.550284206867218,0.6469272971153259,-0.09664309024810791,false_reject
/home/lorenzo/Documenti/GitHub/HandVerify/datasets/processed-handwritten/iam_processed/363/h02-008.png,/home/lorenzo/Documenti/GitHub/HandVerify/datasets/processed-handwritten/iam_processed/550/m04-231.png,impostor,-0.46495214104652405,0.6469272971153259,-1.11187943816185,
/home/lorenzo/Documenti/GitHub/HandVerify/datasets/processed-handwritten/iam_processed/456/k07-166.png,/home/lorenzo/Documenti/GitHub/HandVerify/datasets/processed-handwritten/iam_processed/478/l03-008.png,impostor,-0.022120893001556396,0.6469272971153259,-0.6690481901168823,
/home/lorenzo/Documenti/GitHub/HandVerify/datasets/processed-handwritten/iam_processed/288/f07-032a.png,/home/lorenzo/Documenti/GitHub/HandVerify/datasets/processed-handwritten/iam_processed/288/f07-019a.png,genuine,0.9836246967315674,0.6469272971153259,0.33669739961624146,
/home/lorenzo/Documenti/GitHub/HandVerify/datasets/processed-handwritten/iam_processed/384/h06-082.png,/home/lorenzo/Documenti/GitHub/HandVerify/datasets/processed-handwritten/iam_processed/454/k07-077.png,impostor,-0.3743147850036621,0.6469272971153259,-1.021242082118988,
/home/lorenzo/Documenti/GitHub/HandVerify/datasets/processed-handwritten/iam_processed/362/h02-004.png,/home/lorenzo/Documenti/GitHub/HandVerify/datasets/processed-handwritten/iam_processed/552/m06-056.png,impostor,-0.18508979678153992,0.6469272971153259,-0.8320170938968658,
/home/lorenzo/Documenti/GitHub/HandVerify/datasets/processed-handwritten/iam_processed/295/g01-004.png,/home/lorenzo/Documenti/GitHub/HandVerify/datasets/processed-handwritten/iam_processed/521/m02-052.png,impostor,-0.11611631512641907,0.6469272971153259,-0.763043612241745,
/home/lorenzo/Documenti/GitHub/HandVerify/datasets/processed-handwritten/iam_processed/150/c03-087a.png,/home/lorenzo/Documenti/GitHub/HandVerify/datasets/processed-handwritten/iam_processed/583/n04-068.png,impostor,-0.28472939133644104,0.6469272971153259,-0.931656688451767,
/home/lorenzo/Documenti/GitHub/HandVerify/datasets/processed-handwritten/iam_processed/184/d04-005.png,/home/lorenzo/Documenti/GitHub/HandVerify/datasets/processed-handwritten/iam_processed/552/m06-048.png,impostor,-0.17167091369628906,0.6469272971153259,-0.818598210811615,
/home/lorenzo/Documenti/GitHub/HandVerify/datasets/processed-handwritten/iam_processed/150/c03-081a.png,/home/lorenzo/Documenti/GitHub/HandVerify/datasets/processed-handwritten/iam_processed/150/c03-021a.png,genuine,0.845981776714325,0.6469272971153259,0.19905447959899902,
/home/lorenzo/Documenti/GitHub/HandVerify/datasets/processed-handwritten/iam_processed/055/a03-063.png,/home/lorenzo/Documenti/GitHub/HandVerify/datasets/processed-handwritten/iam_processed/360/h01-027.png,impostor,-0.11307515949010849,0.6469272971153259,-0.7600024566054344,
/home/lorenzo/Documenti/GitHub/HandVerify/datasets/processed-handwritten/iam_processed/363/h02-008.png,/home/lorenzo/Documenti/GitHub/HandVerify/datasets/processed-handwritten/iam_processed/640/r02-013.png,impostor,-0.08964391052722931,0.6469272971153259,-0.7365712076425552,
/home/lorenzo/Documenti/GitHub/HandVerify/datasets/processed-handwritten/iam_processed/337/g06-050f.png,/home/lorenzo/Documenti/GitHub/HandVerify/datasets/processed-handwritten/iam_processed/337/g06-045f.png,genuine,0.8388307690620422,0.6469272971153259,0.1919034719467163,
/home/lorenzo/Documenti/GitHub/HandVerify/datasets/processed-handwritten/iam_processed/339/g06-050h.png,/home/lorenzo/Documenti/GitHub/HandVerify/datasets/processed-handwritten/iam_processed/339/g06-047h.png,genuine,0.4919821619987488,0.6469272971153259,-0.15494513511657715,false_reject
/home/lorenzo/Documenti/GitHub/HandVerify/datasets/processed-handwritten/iam_processed/293/f07-096.png,/home/lorenzo/Documenti/GitHub/HandVerify/datasets/processed-handwritten/iam_processed/552/m06-098.png,impostor,-0.2042650580406189,0.6469272971153259,-0.8511923551559448,
/home/lorenzo/Documenti/GitHub/HandVerify/datasets/processed-handwritten/iam_processed/150/c03-084a.png,/home/lorenzo/Documenti/GitHub/HandVerify/datasets/processed-handwritten/iam_processed/494/l04-179.png,impostor,0.14463406801223755,0.6469272971153259,-0.5022932291030884,
